{
  "type": "FeatureCollection",
  "generator": "overpass-turbo",
  "copyright": "The data included in this document is from www.openstreetmap.org. The data is made available under ODbL.",
  "timestamp": "2026-09-19T14:21:02Z",
  "features": [
    {
      "type": "Feature",
      "properties": {
        "@id": "way/104239049",
        "building": "yes"
      },
      "geometry": {
        "type": "Polygon",
        "coordinates": [
          [
            [
              76.3254064,
              32.2425589
            ],
            [
              76.3253515,
              32.2426772
            ],
            [
              76.3251292,
              32.2426034
            ],
            [
              76.3251841,
              32.2424851
            ],
            [
              76.3254064,
              32.2425589
            ]
          ]
        ]
      },
      "id": "way/104239049"
    },
    {
      "type": "Feature",
      "properties": {
        "@id": "way/192888195",
        "amenity": "place_of_worship",
        "building": "church",
        "building:architecture": "neo-gothic",
        "denomination": "anglican",
        "name": "Saint John in the Wilderness",
        "religion": "christian"
      },
      "geometry": {
        "type": "Polygon",
        "coordinates": [
          [
            [
              76.318451,
              32.2425699
            ],
            [
              76.3183772,
              32.2425713
            ],
            [
              76.3183778,
              32.2425905
            ],
            [
              76.3181615,
              32.2425958
            ],
            [
              76.3181608,
              32.2425754
            ],
            [
              76.3181146,
              32.2425763
            ],
            [
              76.318114,
              32.2425533
            ],
            [
              76.3181134,
              32.242531
            ],
            [
              76.3181592,
              32.2425301
            ],
            [
              76.3181583,
              32.2425043
            ],
            [
              76.3183747,
              32.242499
            ],
            [
              76.3183756,
              32.242526
            ],
            [
              76.3184498,
              32.2425246
            ],
            [
              76.318451,
              32.2425699
            ]
          ]
        ]
      },
      "id": "way/192888195"
    },
    {
      "type": "Feature",
      "properties": {
        "@id": "way/332524585",
        "building": "residential"
      },
      "geometry": {
        "type": "Polygon",
        "coordinates": [
          [
            [
              76.3300276,
              32.2419236
            ],
            [
              76.330145,
              32.2417883
            ],
            [
              76.3302537,
              32.2418558
            ],
            [
              76.3301363,
              32.2419911
            ],
            [
              76.3300276,
              32.2419236
            ]
          ]
        ]
      },
      "id": "way/332524585"
    },
    {
      "type": "Feature",
      "properties": {
        "@id": "way/333516124",
        "building": "yes",
        "name": "SMD School"
      },
      "geometry": {
        "type": "Polygon",
        "coordinates": [
          [
            [
              76.3296083,
              32.241474
            ],
            [
              76.3296381,
              32.2413882
            ],
            [
              76.3298062,
              32.24143
            ],
            [
              76.3297765,
              32.2415158
            ],
            [
              76.3296083,
              32.241474
            ]
          ]
        ]
      },
      "id": "way/333516124"
    },
    {
      "type": "Feature",
      "properties": {
        "@id": "way/333516127",
        "building": "yes",
        "name": "Shiv Shakti Guest House"
      },
      "geometry": {
        "type": "Polygon",
        "coordinates": [
          [
            [
              76.329916,
              32.2414225
            ],
            [
              76.3300716,
              32.2414814
            ],
            [
              76.3300244,
              32.2415706
            ],
            [
              76.3298688,
              32.2415117
            ],
            [
              76.329916,
              32.2414225
            ]
          ]
        ]
      },
      "id": "way/333516127"
    },
    {
      "type": "Feature",
      "properties": {
        "@id": "way/333516233",
        "building": "yes",
        "name": "Cottage"
      },
      "geometry": {
        "type": "Polygon",
        "coordinates": [
          [
            [
              76.329981,
              32.241411
            ],
            [
              76.3299973,
              32.2413797
            ],
            [
              76.3300396,
              32.2413955
            ],
            [
              76.3300233,
              32.2414268
            ],
            [
              76.329981,
              32.241411
            ]
          ]
        ]
      },
      "id": "way/333516233"
    },
    {
      "type": "Feature",
      "properties": {
        "@id": "way/344749329",
        "building": "yes"
      },
      "geometry": {
        "type": "Polygon",
        "coordinates": [
          [
            [
              76.3325379,
              32.24639
            ],
            [
              76.3325656,
              32.246327
            ],
            [
              76.3327735,
              32.2463925
            ],
            [
              76.3327458,
              32.2464554
            ],
            [
              76.3325379,
              32.24639
            ]
          ]
        ]
      },
      "id": "way/344749329"
    },
    {
      "type": "Feature",
      "properties": {
        "@id": "way/344749331",
        "building": "yes"
      },
      "geometry": {
        "type": "Polygon",
        "coordinates": [
          [
            [
              76.333494,
              32.2461919
            ],
            [
              76.3335947,
              32.2460852
            ],
            [
              76.3336917,
              32.2461507
            ],
            [
              76.333591,
              32.2462574
            ],
            [
              76.333494,
              32.2461919
            ]
          ]
        ]
      },
      "id": "way/344749331"
    },
    {
      "type": "Feature",
      "properties": {
        "@id": "way/407684927",
        "building": "yes"
      },
      "geometry": {
        "type": "Polygon",
        "coordinates": [
          [
            [
              76.3067235,
              32.2393405
            ],
            [
              76.3068629,
              32.2392528
            ],
            [
              76.3069359,
              32.2393357
            ],
            [
              76.3068473,
              32.2393915
            ],
            [
              76.3068288,
              32.2393705
            ],
            [
              76.3068126,
              32.2393807
            ],
            [
              76.3068323,
              32.2394031
            ],
            [
              76.3068183,
              32.239412
            ],
            [
              76.3067946,
              32.239385
            ],
            [
              76.306774,
              32.239398
            ],
            [
              76.3067235,
              32.2393405
            ]
          ]
        ]
      },
      "id": "way/407684927"
    },
    {
      "type": "Feature",
      "properties": {
        "@id": "way/407684929",
        "building": "yes"
      },
      "geometry": {
        "type": "Polygon",
        "coordinates": [
          [
            [
              76.3105118,
              32.2395469
            ],
            [
              76.3105627,
              32.2394725
            ],
            [
              76.3106137,
              32.2394975
            ],
            [
              76.3105628,
              32.2395718
            ],
            [
              76.3105118,
              32.2395469
            ]
          ]
        ]
      },
      "id": "way/407684929"
    },
    {
      "type": "Feature",
      "properties": {
        "@id": "way/407684931",
        "building": "yes"
      },
      "geometry": {
        "type": "Polygon",
        "coordinates": [
          [
            [
              76.3105703,
              32.2412964
            ],
            [
              76.3104716,
              32.2410808
            ],
            [
              76.3105563,
              32.241053
            ],
            [
              76.310655,
              32.2412687
            ],
            [
              76.3105703,
              32.2412964
            ]
          ]
        ]
      },
      "id": "way/407684931"
    },
    {
      "type": "Feature",
      "properties": {
        "@id": "way/407684932",
        "building": "yes"
      },
      "geometry": {
        "type": "Polygon",
        "coordinates": [
          [
            [
              76.3108873,
              32.2413947
            ],
            [
              76.3108403,
              32.2413002
            ],
            [
              76.3108912,
              32.241282
            ],
            [
              76.3109383,
              32.2413766
            ],
            [
              76.3108873,
              32.2413947
            ]
          ]
        ]
      },
      "id": "way/407684932"
    },
    {
      "type": "Feature",
      "properties": {
        "@id": "way/407684935",
        "building": "yes"
      },
      "geometry": {
        "type": "Polygon",
        "coordinates": [
          [
            [
              76.3122901,
              32.2414514
            ],
            [
              76.3123404,
              32.2413362
            ],
            [
              76.3124785,
              32.2413793
            ],
            [
              76.3124282,
              32.2414945
            ],
            [
              76.3122901,
              32.2414514
            ]
          ]
        ]
      },
      "id": "way/407684935"
    },
    {
      "type": "Feature",
      "properties": {
        "@id": "way/407684937",
        "building": "yes"
      },
      "geometry": {
        "type": "Polygon",
        "coordinates": [
          [
            [
              76.3104099,
              32.2413584
            ],
            [
              76.3103972,
              32.2413172
            ],
            [
              76.3104951,
              32.2412956
            ],
            [
              76.3105078,
              32.2413369
            ],
            [
              76.3104099,
              32.2413584
            ]
          ]
        ]
      },
      "id": "way/407684937"
    },
    {
      "type": "Feature",
      "properties": {
        "@id": "way/407684938",
        "building": "yes"
      },
      "geometry": {
        "type": "Polygon",
        "coordinates": [
          [
            [
              76.3092766,
              32.2393382
            ],
            [
              76.309406,
              32.2391957
            ],
            [
              76.3094985,
              32.2392558
            ],
            [
              76.3093692,
              32.2393983
            ],
            [
              76.3092766,
              32.2393382
            ]
          ]
        ]
      },
      "id": "way/407684938"
    },
    {
      "type": "Feature",
      "properties": {
        "@id": "way/407684939",
        "building": "yes"
      },
      "geometry": {
        "type": "Polygon",
        "coordinates": [
          [
            [
              76.3097246,
              32.2402003
            ],
            [
              76.3096645,
              32.2401415
            ],
            [
              76.3097235,
              32.2400984
            ],
            [
              76.3097836,
              32.2401572
            ],
            [
              76.3097246,
              32.2402003
            ]
          ]
        ]
      },
      "id": "way/407684939"
    },
    {
      "type": "Feature",
      "properties": {
        "@id": "way/407684940",
        "building": "yes"
      },
      "geometry": {
        "type": "Polygon",
        "coordinates": [
          [
            [
              76.3084371,
              32.2403636
            ],
            [
              76.3084577,
              32.2402684
            ],
            [
              76.3085201,
              32.240278
            ],
            [
              76.3084995,
              32.2403732
            ],
            [
              76.3084371,
              32.2403636
            ]
          ]
        ]
      },
      "id": "way/407684940"
    },
    {
      "type": "Feature",
      "properties": {
        "@id": "way/407684943",
        "building": "yes"
      },
      "geometry": {
        "type": "Polygon",
        "coordinates": [
          [
            [
              76.3071443,
              32.2400483
            ],
            [
              76.3071865,
              32.2400154
            ],
            [
              76.3072384,
              32.240063
            ],
            [
              76.3071961,
              32.2400959
            ],
            [
              76.3071443,
              32.2400483
            ]
          ]
        ]
      },
      "id": "way/407684943"
    },
    {
      "type": "Feature",
      "properties": {
        "@id": "way/407684945",
        "building": "yes"
      },
      "geometry": {
        "type": "Polygon",
        "coordinates": [
          [
            [
              76.3122432,
              32.2416511
            ],
            [
              76.3122327,
              32.2415748
            ],
            [
              76.3123253,
              32.2415658
            ],
            [
              76.3123357,
              32.241642
            ],
            [
              76.3122432,
              32.2416511
            ]
          ]
        ]
      },
      "id": "way/407684945"
    },
    {
      "type": "Feature",
      "properties": {
        "@id": "way/407684948",
        "building": "yes"
      },
      "geometry": {
        "type": "Polygon",
        "coordinates": [
          [
            [
              76.3083412,
              32.239632
            ],
            [
              76.3083559,
              32.2394688
            ],
            [
              76.3084618,
              32.2394756
            ],
            [
              76.3084472,
              32.2396388
            ],
            [
              76.3083412,
              32.239632
            ]
          ]
        ]
      },
      "id": "way/407684948"
    },
    {
      "type": "Feature",
      "properties": {
        "@id": "way/407684949",
        "building": "yes"
      },
      "geometry": {
        "type": "Polygon",
        "coordinates": [
          [
            [
              76.3130639,
              32.242284
            ],
            [
              76.3129859,
              32.2421256
            ],
            [
              76.3130503,
              32.2421029
            ],
            [
              76.3131283,
              32.2422613
            ],
            [
              76.3130639,
              32.242284
            ]
          ]
        ]
      },
      "id": "way/407684949"
    },
    {
      "type": "Feature",
      "properties": {
        "@id": "way/407684956",
        "building": "yes"
      },
      "geometry": {
        "type": "Polygon",
        "coordinates": [
          [
            [
              76.3119924,
              32.2412177
            ],
            [
              76.3120728,
              32.2410816
            ],
            [
              76.3121721,
              32.2411236
            ],
            [
              76.3120916,
              32.2412597
            ],
            [
              76.3119924,
              32.2412177
            ]
          ]
        ]
      },
      "id": "way/407684956"
    },
    {
      "type": "Feature",
      "properties": {
        "@id": "way/407684957",
        "building": "yes"
      },
      "geometry": {
        "type": "Polygon",
        "coordinates": [
          [
            [
              76.3073736,
              32.2398184
            ],
            [
              76.3072822,
              32.2397374
            ],
            [
              76.3073501,
              32.2396826
            ],
            [
              76.3074415,
              32.2397637
            ],
            [
              76.3073736,
              32.2398184
            ]
          ]
        ]
      },
      "id": "way/407684957"
    },
    {
      "type": "Feature",
      "properties": {
        "@id": "way/407684959",
        "building": "yes"
      },
      "geometry": {
        "type": "Polygon",
        "coordinates": [
          [
            [
              76.3117389,
              32.2408525
            ],
            [
              76.3117926,
              32.2407731
            ],
            [
              76.312147,
              32.2409444
            ],
            [
              76.3120933,
              32.2410238
            ],
            [
              76.3117389,
              32.2408525
            ]
          ]
        ]
      },
      "id": "way/407684959"
    },
    {
      "type": "Feature",
      "properties": {
        "@id": "way/407684961",
        "building": "yes"
      },
      "geometry": {
        "type": "Polygon",
        "coordinates": [
          [
            [
              76.3074165,
              32.2395775
            ],
            [
              76.307397,
              32.2395297
            ],
            [
              76.3074359,
              32.2395183
            ],
            [
              76.3074554,
              32.2395662
            ],
            [
              76.3074165,
              32.2395775
            ]
          ]
        ]
      },
      "id": "way/407684961"
    },
    {
      "type": "Feature",
      "properties": {
        "@id": "way/407684963",
        "building": "yes"
      },
      "geometry": {
        "type": "Polygon",
        "coordinates": [
          [
            [
              76.3122257,
              32.242242
            ],
            [
              76.3122721,
              32.2422126
            ],
            [
              76.3123043,
              32.2422489
            ],
            [
              76.3122579,
              32.2422783
            ],
            [
              76.3122257,
              32.242242
            ]
          ]
        ]
      },
      "id": "way/407684963"
    },
    {
      "type": "Feature",
      "properties": {
        "@id": "way/407684965",
        "building": "yes"
      },
      "geometry": {
        "type": "Polygon",
        "coordinates": [
          [
            [
              76.3104729,
              32.2409194
            ],
            [
              76.3101958,
              32.2406729
            ],
            [
              76.3102776,
              32.2406071
            ],
            [
              76.3105547,
              32.2408536
            ],
            [
              76.3104729,
              32.2409194
            ]
          ]
        ]
      },
      "id": "way/407684965"
    },
    {
      "type": "Feature",
      "properties": {
        "@id": "way/407684967",
        "building": "yes"
      },
      "geometry": {
        "type": "Polygon",
        "coordinates": [
          [
            [
              76.3071865,
              32.2394385
            ],
            [
              76.3072932,
              32.2393892
            ],
            [
              76.3073224,
              32.2394345
            ],
            [
              76.3072158,
              32.2394838
            ],
            [
              76.3071865,
              32.2394385
            ]
          ]
        ]
      },
      "id": "way/407684967"
    },
    {
      "type": "Feature",
      "properties": {
        "@id": "way/407684968",
        "building": "yes"
      },
      "geometry": {
        "type": "Polygon",
        "coordinates": [
          [
            [
              76.3120715,
              32.2420197
            ],
            [
              76.3121039,
              32.2419349
            ],
            [
              76.3121951,
              32.2419599
            ],
            [
              76.3121627,
              32.2420447
            ],
            [
              76.3120715,
              32.2420197
            ]
          ]
        ]
      },
      "id": "way/407684968"
    },
    {
      "type": "Feature",
      "properties": {
        "@id": "way/407684969",
        "building": "yes"
      },
      "geometry": {
        "type": "Polygon",
        "coordinates": [
          [
            [
              76.3094389,
              32.2396172
            ],
            [
              76.3094667,
              32.2394423
            ],
            [
              76.3095566,
              32.2394525
            ],
            [
              76.3095288,
              32.2396274
            ],
            [
              76.3094389,
              32.2396172
            ]
          ]
        ]
      },
      "id": "way/407684969"
    },
    {
      "type": "Feature",
      "properties": {
        "@id": "way/407684973",
        "building": "yes"
      },
      "geometry": {
        "type": "Polygon",
        "coordinates": [
          [
            [
              76.3076224,
              32.2395923
            ],
            [
              76.3076217,
              32.2394968
            ],
            [
              76.3078282,
              32.2394957
            ],
            [
              76.3078289,
              32.2395911
            ],
            [
              76.3076224,
              32.2395923
            ]
          ]
        ]
      },
      "id": "way/407684973"
    },
    {
      "type": "Feature",
      "properties": {
        "@id": "way/407684974",
        "building": "yes"
      },
      "geometry": {
        "type": "Polygon",
        "coordinates": [
          [
            [
              76.3101041,
              32.2409659
            ],
            [
              76.3101169,
              32.2409046
            ],
            [
              76.3101853,
              32.2409149
            ],
            [
              76.3101725,
              32.2409761
            ],
            [
              76.3101041,
              32.2409659
            ]
          ]
        ]
      },
      "id": "way/407684974"
    },
    {
      "type": "Feature",
      "properties": {
        "@id": "way/407684976",
        "building": "yes"
      },
      "geometry": {
        "type": "Polygon",
        "coordinates": [
          [
            [
              76.3096951,
              32.2404078
            ],
            [
              76.3095012,
              32.2401699
            ],
            [
              76.3096004,
              32.240112
            ],
            [
              76.3097943,
              32.24035
            ],
            [
              76.3096951,
              32.2404078
            ]
          ]
        ]
      },
      "id": "way/407684976"
    },
    {
      "type": "Feature",
      "properties": {
        "@id": "way/407684977",
        "building": "yes"
      },
      "geometry": {
        "type": "Polygon",
        "coordinates": [
          [
            [
              76.3092845,
              32.2397526
            ],
            [
              76.3092729,
              32.2395755
            ],
            [
              76.3093583,
              32.2395715
            ],
            [
              76.3093699,
              32.2397486
            ],
            [
              76.3092845,
              32.2397526
            ]
          ]
        ]
      },
      "id": "way/407684977"
    },
    {
      "type": "Feature",
      "properties": {
        "@id": "way/407684978",
        "building": "yes"
      },
      "geometry": {
        "type": "Polygon",
        "coordinates": [
          [
            [
              76.3108283,
              32.2398055
            ],
            [
              76.310752,
              32.2396803
            ],
            [
              76.3108378,
              32.2396429
            ],
            [
              76.3109141,
              32.2397681
            ],
            [
              76.3108283,
              32.2398055
            ]
          ]
        ]
      },
      "id": "way/407684978"
    },
    {
      "type": "Feature",
      "properties": {
        "@id": "way/407684981",
        "building": "yes"
      },
      "geometry": {
        "type": "Polygon",
        "coordinates": [
          [
            [
              76.3072355,
              32.2398066
            ],
            [
              76.3071979,
              32.2397499
            ],
            [
              76.3072361,
              32.2397318
            ],
            [
              76.3072737,
              32.2397885
            ],
            [
              76.3072355,
              32.2398066
            ]
          ]
        ]
      },
      "id": "way/407684981"
    },
    {
      "type": "Feature",
      "properties": {
        "@id": "way/407684982",
        "building": "yes"
      },
      "geometry": {
        "type": "Polygon",
        "coordinates": [
          [
            [
              76.3109544,
              32.2413187
            ],
            [
              76.3109402,
              32.2412602
            ],
            [
              76.3109925,
              32.2412511
            ],
            [
              76.3110067,
              32.2413096
            ],
            [
              76.3109544,
              32.2413187
            ]
          ]
        ]
      },
      "id": "way/407684982"
    },
    {
      "type": "Feature",
      "properties": {
        "@id": "way/407684983",
        "building": "yes"
      },
      "geometry": {
        "type": "Polygon",
        "coordinates": [
          [
            [
              76.3077645,
              32.2403942
            ],
            [
              76.30778,
              32.2403449
            ],
            [
              76.3078659,
              32.2403642
            ],
            [
              76.3078504,
              32.2404135
            ],
            [
              76.3077645,
              32.2403942
            ]
          ]
        ]
      },
      "id": "way/407684983"
    },
    {
      "type": "Feature",
      "properties": {
        "@id": "way/407684985",
        "building": "yes"
      },
      "geometry": {
        "type": "Polygon",
        "coordinates": [
          [
            [
              76.307436,
              32.2398747
            ],
            [
              76.3074811,
              32.239837
            ],
            [
              76.3075355,
              32.2398835
            ],
            [
              76.3074903,
              32.2399212
            ],
            [
              76.307436,
              32.2398747
            ]
          ]
        ]
      },
      "id": "way/407684985"
    },
    {
      "type": "Feature",
      "properties": {
        "@id": "way/407684986",
        "building": "yes"
      },
      "geometry": {
        "type": "Polygon",
        "coordinates": [
          [
            [
              76.3127944,
              32.241701
            ],
            [
              76.3128842,
              32.2416125
            ],
            [
              76.3129891,
              32.2416887
            ],
            [
              76.3128993,
              32.2417772
            ],
            [
              76.3127944,
              32.241701
            ]
          ]
        ]
      },
      "id": "way/407684986"
    },
    {
      "type": "Feature",
      "properties": {
        "@id": "way/407684989",
        "building": "yes"
      },
      "geometry": {
        "type": "Polygon",
        "coordinates": [
          [
            [
              76.3106231,
              32.241389
            ],
            [
              76.3105985,
              32.2413073
            ],
            [
              76.3106615,
              32.2412937
            ],
            [
              76.3106861,
              32.2413754
            ],
            [
              76.3106231,
              32.241389
            ]
          ]
        ]
      },
      "id": "way/407684989"
    },
    {
      "type": "Feature",
      "properties": {
        "@id": "way/407684990",
        "building": "yes"
      },
      "geometry": {
        "type": "Polygon",
        "coordinates": [
          [
            [
              76.3090822,
              32.2393552
            ],
            [
              76.3091516,
              32.2392328
            ],
            [
              76.309283,
              32.2392861
            ],
            [
              76.3092136,
              32.2394085
            ],
            [
              76.3090822,
              32.2393552
            ]
          ]
        ]
      },
      "id": "way/407684990"
    },
    {
      "type": "Feature",
      "properties": {
        "@id": "way/407684992",
        "building": "yes"
      },
      "geometry": {
        "type": "Polygon",
        "coordinates": [
          [
            [
              76.3069988,
              32.240287
            ],
            [
              76.3070146,
              32.2402506
            ],
            [
              76.3070931,
              32.240275
            ],
            [
              76.3070772,
              32.2403114
            ],
            [
              76.3069988,
              32.240287
            ]
          ]
        ]
      },
      "id": "way/407684992"
    },
    {
      "type": "Feature",
      "properties": {
        "@id": "way/407684993",
        "building": "yes"
      },
      "geometry": {
        "type": "Polygon",
        "coordinates": [
          [
            [
              76.3099928,
              32.2403001
            ],
            [
              76.3098994,
              32.2401833
            ],
            [
              76.3099865,
              32.2401334
            ],
            [
              76.31008,
              32.2402502
            ],
            [
              76.3099928,
              32.2403001
            ]
          ]
        ]
      },
      "id": "way/407684993"
    },
    {
      "type": "Feature",
      "properties": {
        "@id": "way/407684994",
        "building": "yes"
      },
      "geometry": {
        "type": "Polygon",
        "coordinates": [
          [
            [
              76.3084613,
              32.2405298
            ],
            [
              76.3085452,
              32.2404584
            ],
            [
              76.308682,
              32.2405735
            ],
            [
              76.308598,
              32.2406449
            ],
            [
              76.3084613,
              32.2405298
            ]
          ]
        ]
      },
      "id": "way/407684994"
    },
    {
      "type": "Feature",
      "properties": {
        "@id": "way/407684996",
        "building": "yes"
      },
      "geometry": {
        "type": "Polygon",
        "coordinates": [
          [
            [
              76.3072174,
              32.2400142
            ],
            [
              76.3072686,
              32.2399685
            ],
            [
              76.307294,
              32.2399889
            ],
            [
              76.3072429,
              32.2400346
            ],
            [
              76.3072174,
              32.2400142
            ]
          ]
        ]
      },
      "id": "way/407684996"
    },
    {
      "type": "Feature",
      "properties": {
        "@id": "way/407684998",
        "building": "yes"
      },
      "geometry": {
        "type": "Polygon",
        "coordinates": [
          [
            [
              76.3125288,
              32.241524
            ],
            [
              76.3125892,
              32.2414662
            ],
            [
              76.3127072,
              32.2415542
            ],
            [
              76.3126469,
              32.2416121
            ],
            [
              76.3125288,
              32.241524
            ]
          ]
        ]
      },
      "id": "way/407684998"
    },
    {
      "type": "Feature",
      "properties": {
        "@id": "way/407685001",
        "building": "yes"
      },
      "geometry": {
        "type": "Polygon",
        "coordinates": [
          [
            [
              76.3079697,
              32.2401674
            ],
            [
              76.3080574,
              32.2400552
            ],
            [
              76.3081365,
              32.2400994
            ],
            [
              76.3080489,
              32.2402116
            ],
            [
              76.3079697,
              32.2401674
            ]
          ]
        ]
      },
      "id": "way/407685001"
    },
    {
      "type": "Feature",
      "properties": {
        "@id": "way/407685003",
        "building": "yes"
      },
      "geometry": {
        "type": "Polygon",
        "coordinates": [
          [
            [
              76.3072395,
              32.2399212
            ],
            [
              76.3073079,
              32.2398798
            ],
            [
              76.3073464,
              32.2399254
            ],
            [
              76.307278,
              32.2399668
            ],
            [
              76.3072395,
              32.2399212
            ]
          ]
        ]
      },
      "id": "way/407685003"
    },
    {
      "type": "Feature",
      "properties": {
        "@id": "way/407685004",
        "building": "yes"
      },
      "geometry": {
        "type": "Polygon",
        "coordinates": [
          [
            [
              76.3092887,
              32.2413471
            ],
            [
              76.3092707,
              32.2411991
            ],
            [
              76.3094008,
              32.2411878
            ],
            [
              76.3094188,
              32.2413357
            ],
            [
              76.3092887,
              32.2413471
            ]
          ]
        ]
      },
      "id": "way/407685004"
    },
    {
      "type": "Feature",
      "properties": {
        "@id": "way/407685006",
        "building": "yes"
      },
      "geometry": {
        "type": "Polygon",
        "coordinates": [
          [
            [
              76.3093247,
              32.240644
            ],
            [
              76.3091787,
              32.2402671
            ],
            [
              76.3092723,
              32.2402412
            ],
            [
              76.3094184,
              32.240618
            ],
            [
              76.3093247,
              32.240644
            ]
          ]
        ]
      },
      "id": "way/407685006"
    },
    {
      "type": "Feature",
      "properties": {
        "@id": "way/407685007",
        "building": "yes"
      },
      "geometry": {
        "type": "Polygon",
        "coordinates": [
          [
            [
              76.3076358,
              32.2397567
            ],
            [
              76.3076358,
              32.2396626
            ],
            [
              76.3078584,
              32.2396626
            ],
            [
              76.3078584,
              32.2397567
            ],
            [
              76.3076358,
              32.2397567
            ]
          ]
        ]
      },
      "id": "way/407685007"
    },
    {
      "type": "Feature",
      "properties": {
        "@id": "way/407685009",
        "building": "yes"
      },
      "geometry": {
        "type": "Polygon",
        "coordinates": [
          [
            [
              76.313072,
              32.2418791
            ],
            [
              76.3132155,
              32.2417611
            ],
            [
              76.3135143,
              32.2420212
            ],
            [
              76.3133708,
              32.2421391
            ],
            [
              76.313072,
              32.2418791
            ]
          ]
        ]
      },
      "id": "way/407685009"
    },
    {
      "type": "Feature",
      "properties": {
        "@id": "way/407685012",
        "building": "yes"
      },
      "geometry": {
        "type": "Polygon",
        "coordinates": [
          [
            [
              76.3070953,
              32.2398673
            ],
            [
              76.3071282,
              32.2398231
            ],
            [
              76.3072467,
              32.2398861
            ],
            [
              76.3072139,
              32.2399303
            ],
            [
              76.3070953,
              32.2398673
            ]
          ]
        ]
      },
      "id": "way/407685012"
    },
    {
      "type": "Feature",
      "properties": {
        "@id": "way/407685014",
        "building": "yes"
      },
      "geometry": {
        "type": "Polygon",
        "coordinates": [
          [
            [
              76.3090567,
              32.2410192
            ],
            [
              76.3089298,
              32.2408683
            ],
            [
              76.3090411,
              32.2408014
            ],
            [
              76.309168,
              32.2409523
            ],
            [
              76.3090567,
              32.2410192
            ]
          ]
        ]
      },
      "id": "way/407685014"
    },
    {
      "type": "Feature",
      "properties": {
        "@id": "way/407685017",
        "building": "yes"
      },
      "geometry": {
        "type": "Polygon",
        "coordinates": [
          [
            [
              76.307778,
              32.2392962
            ],
            [
              76.3078485,
              32.2392078
            ],
            [
              76.3080054,
              32.2392974
            ],
            [
              76.3079349,
              32.2393858
            ],
            [
              76.307778,
              32.2392962
            ]
          ]
        ]
      },
      "id": "way/407685017"
    },
    {
      "type": "Feature",
      "properties": {
        "@id": "way/407685018",
        "building": "yes"
      },
      "geometry": {
        "type": "Polygon",
        "coordinates": [
          [
            [
              76.3119495,
              32.2409705
            ],
            [
              76.3120487,
              32.241017
            ],
            [
              76.3119899,
              32.2411067
            ],
            [
              76.3118907,
              32.2410602
            ],
            [
              76.3119495,
              32.2409705
            ]
          ]
        ]
      },
      "id": "way/407685018"
    },
    {
      "type": "Feature",
      "properties": {
        "@id": "way/407685019",
        "building": "yes"
      },
      "geometry": {
        "type": "Polygon",
        "coordinates": [
          [
            [
              76.3074118,
              32.2396541
            ],
            [
              76.3073883,
              32.2396111
            ],
            [
              76.3074607,
              32.2395827
            ],
            [
              76.3074843,
              32.2396257
            ],
            [
              76.3074118,
              32.2396541
            ]
          ]
        ]
      },
      "id": "way/407685019"
    },
    {
      "type": "Feature",
      "properties": {
        "@id": "way/407685020",
        "building": "yes"
      },
      "geometry": {
        "type": "Polygon",
        "coordinates": [
          [
            [
              76.3106996,
              32.2412495
            ],
            [
              76.3106059,
              32.2410317
            ],
            [
              76.3106944,
              32.2410044
            ],
            [
              76.3107881,
              32.2412223
            ],
            [
              76.3106996,
              32.2412495
            ]
          ]
        ]
      },
      "id": "way/407685020"
    },
    {
      "type": "Feature",
      "properties": {
        "@id": "way/407685022",
        "building": "yes"
      },
      "geometry": {
        "type": "Polygon",
        "coordinates": [
          [
            [
              76.3102235,
              32.2405564
            ],
            [
              76.3102119,
              32.2404976
            ],
            [
              76.3102682,
              32.2404896
            ],
            [
              76.3102798,
              32.2405485
            ],
            [
              76.3102235,
              32.2405564
            ]
          ]
        ]
      },
      "id": "way/407685022"
    },
    {
      "type": "Feature",
      "properties": {
        "@id": "way/407685023",
        "building": "yes"
      },
      "geometry": {
        "type": "Polygon",
        "coordinates": [
          [
            [
              76.3072187,
              32.2394907
            ],
            [
              76.3073327,
              32.239468
            ],
            [
              76.3073522,
              32.2395381
            ],
            [
              76.3072382,
              32.2395608
            ],
            [
              76.3072187,
              32.2394907
            ]
          ]
        ]
      },
      "id": "way/407685023"
    },
    {
      "type": "Feature",
      "properties": {
        "@id": "way/407685024",
        "building": "yes"
      },
      "geometry": {
        "type": "Polygon",
        "coordinates": [
          [
            [
              76.3096454,
              32.2395333
            ],
            [
              76.3096601,
              32.2394073
            ],
            [
              76.3097553,
              32.2394153
            ],
            [
              76.3097407,
              32.2395412
            ],
            [
              76.3096454,
              32.2395333
            ]
          ]
        ]
      },
      "id": "way/407685024"
    },
    {
      "type": "Feature",
      "properties": {
        "@id": "way/407685025",
        "building": "yes"
      },
      "geometry": {
        "type": "Polygon",
        "coordinates": [
          [
            [
              76.3118677,
              32.242157
            ],
            [
              76.311919,
              32.2420351
            ],
            [
              76.3120357,
              32.2420703
            ],
            [
              76.3119843,
              32.2421921
            ],
            [
              76.3118677,
              32.242157
            ]
          ]
        ]
      },
      "id": "way/407685025"
    },
    {
      "type": "Feature",
      "properties": {
        "@id": "way/407685032",
        "building": "yes"
      },
      "geometry": {
        "type": "Polygon",
        "coordinates": [
          [
            [
              76.3103629,
              32.2413074
            ],
            [
              76.310274,
              32.241072
            ],
            [
              76.3103706,
              32.2410459
            ],
            [
              76.3104595,
              32.2412813
            ],
            [
              76.3103629,
              32.2413074
            ]
          ]
        ]
      },
      "id": "way/407685032"
    },
    {
      "type": "Feature",
      "properties": {
        "@id": "way/407685036",
        "building": "yes"
      },
      "geometry": {
        "type": "Polygon",
        "coordinates": [
          [
            [
              76.3099968,
              32.2408854
            ],
            [
              76.3100325,
              32.2405946
            ],
            [
              76.3101358,
              32.2406037
            ],
            [
              76.3101001,
              32.2408945
            ],
            [
              76.3099968,
              32.2408854
            ]
          ]
        ]
      },
      "id": "way/407685036"
    },
    {
      "type": "Feature",
      "properties": {
        "@id": "way/407685037",
        "building": "yes"
      },
      "geometry": {
        "type": "Polygon",
        "coordinates": [
          [
            [
              76.3109772,
              32.2400074
            ],
            [
              76.3108884,
              32.2398698
            ],
            [
              76.3109622,
              32.2398357
            ],
            [
              76.3110509,
              32.2399734
            ],
            [
              76.3109772,
              32.2400074
            ]
          ]
        ]
      },
      "id": "way/407685037"
    },
    {
      "type": "Feature",
      "properties": {
        "@id": "way/407685038",
        "building": "yes"
      },
      "geometry": {
        "type": "Polygon",
        "coordinates": [
          [
            [
              76.3089601,
              32.2396422
            ],
            [
              76.3089806,
              32.2395185
            ],
            [
              76.3091053,
              32.2395333
            ],
            [
              76.3090849,
              32.2396569
            ],
            [
              76.3089601,
              32.2396422
            ]
          ]
        ]
      },
      "id": "way/407685038"
    },
    {
      "type": "Feature",
      "properties": {
        "@id": "way/407685039",
        "building": "yes"
      },
      "geometry": {
        "type": "Polygon",
        "coordinates": [
          [
            [
              76.3102489,
              32.2397749
            ],
            [
              76.3103429,
              32.2396135
            ],
            [
              76.3104328,
              32.2396509
            ],
            [
              76.3103388,
              32.2398123
            ],
            [
              76.3102489,
              32.2397749
            ]
          ]
        ]
      },
      "id": "way/407685039"
    },
    {
      "type": "Feature",
      "properties": {
        "@id": "way/407685041",
        "building": "yes"
      },
      "geometry": {
        "type": "Polygon",
        "coordinates": [
          [
            [
              76.3071986,
              32.2398316
            ],
            [
              76.307164,
              32.2397847
            ],
            [
              76.3071962,
              32.2397677
            ],
            [
              76.3072308,
              32.2398146
            ],
            [
              76.3071986,
              32.2398316
            ]
          ]
        ]
      },
      "id": "way/407685041"
    },
    {
      "type": "Feature",
      "properties": {
        "@id": "way/407685043",
        "building": "yes"
      },
      "geometry": {
        "type": "Polygon",
        "coordinates": [
          [
            [
              76.3073978,
              32.2398237
            ],
            [
              76.3074513,
              32.2397852
            ],
            [
              76.3074855,
              32.2398192
            ],
            [
              76.307432,
              32.2398577
            ],
            [
              76.3073978,
              32.2398237
            ]
          ]
        ]
      },
      "id": "way/407685043"
    },
    {
      "type": "Feature",
      "properties": {
        "@id": "way/407685044",
        "building": "yes"
      },
      "geometry": {
        "type": "Polygon",
        "coordinates": [
          [
            [
              76.3127957,
              32.2419369
            ],
            [
              76.3129479,
              32.2418082
            ],
            [
              76.3130177,
              32.2418671
            ],
            [
              76.3128654,
              32.2419959
            ],
            [
              76.3127957,
              32.2419369
            ]
          ]
        ]
      },
      "id": "way/407685044"
    },
    {
      "type": "Feature",
      "properties": {
        "@id": "way/407685045",
        "building": "yes"
      },
      "geometry": {
        "type": "Polygon",
        "coordinates": [
          [
            [
              76.3107773,
              32.2413471
            ],
            [
              76.3107458,
              32.2412671
            ],
            [
              76.3108102,
              32.2412489
            ],
            [
              76.3108417,
              32.2413289
            ],
            [
              76.3107773,
              32.2413471
            ]
          ]
        ]
      },
      "id": "way/407685045"
    },
    {
      "type": "Feature",
      "properties": {
        "@id": "way/407685046",
        "building": "yes"
      },
      "geometry": {
        "type": "Polygon",
        "coordinates": [
          [
            [
              76.3088542,
              32.2394119
            ],
            [
              76.308794,
              32.2391726
            ],
            [
              76.308857,
              32.2391613
            ],
            [
              76.3089172,
              32.2394005
            ],
            [
              76.3088542,
              32.2394119
            ]
          ]
        ]
      },
      "id": "way/407685046"
    },
    {
      "type": "Feature",
      "properties": {
        "@id": "way/407685047",
        "building": "yes"
      },
      "geometry": {
        "type": "Polygon",
        "coordinates": [
          [
            [
              76.3099445,
              32.2399571
            ],
            [
              76.3102074,
              32.2395484
            ],
            [
              76.3102852,
              32.2395842
            ],
            [
              76.3100223,
              32.2399929
            ],
            [
              76.3099445,
              32.2399571
            ]
          ]
        ]
      },
      "id": "way/407685047"
    },
    {
      "type": "Feature",
      "properties": {
        "@id": "way/407685048",
        "building": "yes"
      },
      "geometry": {
        "type": "Polygon",
        "coordinates": [
          [
            [
              76.3086953,
              32.2406659
            ],
            [
              76.3087296,
              32.2406317
            ],
            [
              76.3087692,
              32.24066
            ],
            [
              76.3087348,
              32.2406943
            ],
            [
              76.3086953,
              32.2406659
            ]
          ]
        ]
      },
      "id": "way/407685048"
    },
    {
      "type": "Feature",
      "properties": {
        "@id": "way/407685050",
        "building": "yes"
      },
      "geometry": {
        "type": "Polygon",
        "coordinates": [
          [
            [
              76.3073696,
              32.2399138
            ],
            [
              76.30741,
              32.2398753
            ],
            [
              76.3074516,
              32.2399065
            ],
            [
              76.3074112,
              32.239945
            ],
            [
              76.3073696,
              32.2399138
            ]
          ]
        ]
      },
      "id": "way/407685050"
    },
    {
      "type": "Feature",
      "properties": {
        "@id": "way/407685051",
        "building": "yes"
      },
      "geometry": {
        "type": "Polygon",
        "coordinates": [
          [
            [
              76.3126576,
              32.2416306
            ],
            [
              76.3127166,
              32.2415728
            ],
            [
              76.3127809,
              32.2416197
            ],
            [
              76.3127219,
              32.2416776
            ],
            [
              76.3126576,
              32.2416306
            ]
          ]
        ]
      },
      "id": "way/407685051"
    },
    {
      "type": "Feature",
      "properties": {
        "@id": "way/407685053",
        "building": "yes"
      },
      "geometry": {
        "type": "Polygon",
        "coordinates": [
          [
            [
              76.3104689,
              32.2414968
            ],
            [
              76.3104172,
              32.2413741
            ],
            [
              76.3105339,
              32.2413389
            ],
            [
              76.3105856,
              32.2414616
            ],
            [
              76.3104689,
              32.2414968
            ]
          ]
        ]
      },
      "id": "way/407685053"
    },
    {
      "type": "Feature",
      "properties": {
        "@id": "way/407685055",
        "building": "yes"
      },
      "geometry": {
        "type": "Polygon",
        "coordinates": [
          [
            [
              76.3080489,
              32.2404419
            ],
            [
              76.3080207,
              32.2403704
            ],
            [
              76.3082106,
              32.2403169
            ],
            [
              76.3082388,
              32.2403883
            ],
            [
              76.3080489,
              32.2404419
            ]
          ]
        ]
      },
      "id": "way/407685055"
    },
    {
      "type": "Feature",
      "properties": {
        "@id": "way/407685056",
        "building": "yes"
      },
      "geometry": {
        "type": "Polygon",
        "coordinates": [
          [
            [
              76.3098412,
              32.2402944
            ],
            [
              76.3097681,
              32.2402069
            ],
            [
              76.3098231,
              32.240174
            ],
            [
              76.3098962,
              32.2402615
            ],
            [
              76.3098412,
              32.2402944
            ]
          ]
        ]
      },
      "id": "way/407685056"
    },
    {
      "type": "Feature",
      "properties": {
        "@id": "way/407685057",
        "building": "yes"
      },
      "geometry": {
        "type": "Polygon",
        "coordinates": [
          [
            [
              76.3084639,
              32.2402479
            ],
            [
              76.3084904,
              32.2401501
            ],
            [
              76.3085461,
              32.2401609
            ],
            [
              76.3085196,
              32.2402587
            ],
            [
              76.3084639,
              32.2402479
            ]
          ]
        ]
      },
      "id": "way/407685057"
    },
    {
      "type": "Feature",
      "properties": {
        "@id": "way/407685059",
        "building": "yes"
      },
      "geometry": {
        "type": "Polygon",
        "coordinates": [
          [
            [
              76.3071557,
              32.2399762
            ],
            [
              76.3072027,
              32.2399316
            ],
            [
              76.3072456,
              32.239964
            ],
            [
              76.3071986,
              32.2400086
            ],
            [
              76.3071557,
              32.2399762
            ]
          ]
        ]
      },
      "id": "way/407685059"
    },
    {
      "type": "Feature",
      "properties": {
        "@id": "way/407685060",
        "building": "yes"
      },
      "geometry": {
        "type": "Polygon",
        "coordinates": [
          [
            [
              76.3092445,
              32.2411667
            ],
            [
              76.3092169,
              32.2410253
            ],
            [
              76.3093229,
              32.2410105
            ],
            [
              76.3093504,
              32.241152
            ],
            [
              76.3092445,
              32.2411667
            ]
          ]
        ]
      },
      "id": "way/407685060"
    },
    {
      "type": "Feature",
      "properties": {
        "@id": "way/407685062",
        "building": "yes"
      },
      "geometry": {
        "type": "Polygon",
        "coordinates": [
          [
            [
              76.3079496,
              32.2398203
            ],
            [
              76.3080296,
              32.2397343
            ],
            [
              76.3081557,
              32.2398183
            ],
            [
              76.3080757,
              32.2399042
            ],
            [
              76.3079496,
              32.2398203
            ]
          ]
        ]
      },
      "id": "way/407685062"
    },
    {
      "type": "Feature",
      "properties": {
        "@id": "way/407685063",
        "building": "yes"
      },
      "geometry": {
        "type": "Polygon",
        "coordinates": [
          [
            [
              76.3127917,
              32.2420764
            ],
            [
              76.3128601,
              32.2420345
            ],
            [
              76.3130191,
              32.2422199
            ],
            [
              76.3129508,
              32.2422619
            ],
            [
              76.3127917,
              32.2420764
            ]
          ]
        ]
      },
      "id": "way/407685063"
    },
    {
      "type": "Feature",
      "properties": {
        "@id": "way/407685068",
        "building": "yes"
      },
      "geometry": {
        "type": "Polygon",
        "coordinates": [
          [
            [
              76.3115445,
              32.2408309
            ],
            [
              76.3115726,
              32.2407839
            ],
            [
              76.3116866,
              32.2408326
            ],
            [
              76.3116584,
              32.2408797
            ],
            [
              76.3115445,
              32.2408309
            ]
          ]
        ]
      },
      "id": "way/407685068"
    },
    {
      "type": "Feature",
      "properties": {
        "@id": "way/407685069",
        "building": "yes"
      },
      "geometry": {
        "type": "Polygon",
        "coordinates": [
          [
            [
              76.3074769,
              32.2397278
            ],
            [
              76.3074374,
              32.2396638
            ],
            [
              76.3075172,
              32.2396286
            ],
            [
              76.3075567,
              32.2396926
            ],
            [
              76.3074769,
              32.2397278
            ]
          ]
        ]
      },
      "id": "way/407685069"
    },
    {
      "type": "Feature",
      "properties": {
        "@id": "way/407685070",
        "building": "yes"
      },
      "geometry": {
        "type": "Polygon",
        "coordinates": [
          [
            [
              76.3108887,
              32.2412495
            ],
            [
              76.3108024,
              32.2409662
            ],
            [
              76.3108909,
              32.2409469
            ],
            [
              76.3109772,
              32.2412302
            ],
            [
              76.3108887,
              32.2412495
            ]
          ]
        ]
      },
      "id": "way/407685070"
    },
    {
      "type": "Feature",
      "properties": {
        "@id": "way/407685073",
        "building": "yes"
      },
      "geometry": {
        "type": "Polygon",
        "coordinates": [
          [
            [
              76.3115377,
              32.2407481
            ],
            [
              76.3115847,
              32.2406801
            ],
            [
              76.311763,
              32.2407681
            ],
            [
              76.3117161,
              32.2408361
            ],
            [
              76.3115377,
              32.2407481
            ]
          ]
        ]
      },
      "id": "way/407685073"
    },
    {
      "type": "Feature",
      "properties": {
        "@id": "way/407685074",
        "building": "yes"
      },
      "geometry": {
        "type": "Polygon",
        "coordinates": [
          [
            [
              76.3102114,
              32.2404861
            ],
            [
              76.3101994,
              32.2404278
            ],
            [
              76.3102611,
              32.2404188
            ],
            [
              76.3102731,
              32.240477
            ],
            [
              76.3102114,
              32.2404861
            ]
          ]
        ]
      },
      "id": "way/407685074"
    },
    {
      "type": "Feature",
      "properties": {
        "@id": "way/407685075",
        "building": "yes"
      },
      "geometry": {
        "type": "Polygon",
        "coordinates": [
          [
            [
              76.3071396,
              32.2394964
            ],
            [
              76.3071973,
              32.2394879
            ],
            [
              76.3072079,
              32.2395396
            ],
            [
              76.3071503,
              32.2395481
            ],
            [
              76.3071396,
              32.2394964
            ]
          ]
        ]
      },
      "id": "way/407685075"
    },
    {
      "type": "Feature",
      "properties": {
        "@id": "way/407685076",
        "building": "yes"
      },
      "geometry": {
        "type": "Polygon",
        "coordinates": [
          [
            [
              76.3093316,
              32.2399768
            ],
            [
              76.3094298,
              32.2397796
            ],
            [
              76.3095062,
              32.2398068
            ],
            [
              76.3094081,
              32.240004
            ],
            [
              76.3093316,
              32.2399768
            ]
          ]
        ]
      },
      "id": "way/407685076"
    },
    {
      "type": "Feature",
      "properties": {
        "@id": "way/407685077",
        "building": "yes"
      },
      "geometry": {
        "type": "Polygon",
        "coordinates": [
          [
            [
              76.3120085,
              32.2422262
            ],
            [
              76.3120626,
              32.2420997
            ],
            [
              76.3121404,
              32.2421235
            ],
            [
              76.3120863,
              32.24225
            ],
            [
              76.3120085,
              32.2422262
            ]
          ]
        ]
      },
      "id": "way/407685077"
    },
    {
      "type": "Feature",
      "properties": {
        "@id": "way/407685081",
        "building": "yes"
      },
      "geometry": {
        "type": "Polygon",
        "coordinates": [
          [
            [
              76.3110469,
              32.2407311
            ],
            [
              76.3112281,
              32.2404813
            ],
            [
              76.3113287,
              32.2405334
            ],
            [
              76.3111475,
              32.2407833
            ],
            [
              76.3110469,
              32.2407311
            ]
          ]
        ]
      },
      "id": "way/407685081"
    },
    {
      "type": "Feature",
      "properties": {
        "@id": "way/407685082",
        "building": "yes"
      },
      "geometry": {
        "type": "Polygon",
        "coordinates": [
          [
            [
              76.3116316,
              32.2416624
            ],
            [
              76.3116632,
              32.2415791
            ],
            [
              76.3117637,
              32.2416063
            ],
            [
              76.3117322,
              32.2416896
            ],
            [
              76.3116316,
              32.2416624
            ]
          ]
        ]
      },
      "id": "way/407685082"
    },
    {
      "type": "Feature",
      "properties": {
        "@id": "way/407685086",
        "building": "yes"
      },
      "geometry": {
        "type": "Polygon",
        "coordinates": [
          [
            [
              76.310025,
              32.2409829
            ],
            [
              76.3100309,
              32.2409083
            ],
            [
              76.3100912,
              32.2409117
            ],
            [
              76.3100853,
              32.2409863
            ],
            [
              76.310025,
              32.2409829
            ]
          ]
        ]
      },
      "id": "way/407685086"
    },
    {
      "type": "Feature",
      "properties": {
        "@id": "way/407685087",
        "building": "yes"
      },
      "geometry": {
        "type": "Polygon",
        "coordinates": [
          [
            [
              76.309447,
              32.2405428
            ],
            [
              76.3093793,
              32.2403409
            ],
            [
              76.3094598,
              32.2403216
            ],
            [
              76.3095274,
              32.2405235
            ],
            [
              76.309447,
              32.2405428
            ]
          ]
        ]
      },
      "id": "way/407685087"
    },
    {
      "type": "Feature",
      "properties": {
        "@id": "way/407685088",
        "building": "yes"
      },
      "geometry": {
        "type": "Polygon",
        "coordinates": [
          [
            [
              76.3096079,
              32.2408627
            ],
            [
              76.3095359,
              32.240716
            ],
            [
              76.309623,
              32.2406854
            ],
            [
              76.3096951,
              32.2408321
            ],
            [
              76.3096079,
              32.2408627
            ]
          ]
        ]
      },
      "id": "way/407685088"
    },
    {
      "type": "Feature",
      "properties": {
        "@id": "way/407685089",
        "building": "yes"
      },
      "geometry": {
        "type": "Polygon",
        "coordinates": [
          [
            [
              76.3088582,
              32.2398985
            ],
            [
              76.3089,
              32.23976
            ],
            [
              76.3090314,
              32.2397884
            ],
            [
              76.3089896,
              32.2399269
            ],
            [
              76.3088582,
              32.2398985
            ]
          ]
        ]
      },
      "id": "way/407685089"
    },
    {
      "type": "Feature",
      "properties": {
        "@id": "way/407685090",
        "building": "yes"
      },
      "geometry": {
        "type": "Polygon",
        "coordinates": [
          [
            [
              76.3123665,
              32.2420356
            ],
            [
              76.3124206,
              32.2419798
            ],
            [
              76.3124312,
              32.2419689
            ],
            [
              76.3125453,
              32.242048
            ],
            [
              76.3125776,
              32.2420146
            ],
            [
              76.3126566,
              32.2420694
            ],
            [
              76.3125597,
              32.2421694
            ],
            [
              76.3123665,
              32.2420356
            ]
          ]
        ]
      },
      "id": "way/407685090"
    },
    {
      "type": "Feature",
      "properties": {
        "@id": "way/407685091",
        "building": "yes"
      },
      "geometry": {
        "type": "Polygon",
        "coordinates": [
          [
            [
              76.3120983,
              32.2410737
            ],
            [
              76.31217,
              32.2409542
            ],
            [
              76.3124718,
              32.2410837
            ],
            [
              76.3124044,
              32.241196
            ],
            [
              76.3123044,
              32.2411532
            ],
            [
              76.3123324,
              32.2411064
            ],
            [
              76.3122232,
              32.2410595
            ],
            [
              76.3121909,
              32.2411134
            ],
            [
              76.3120983,
              32.2410737
            ]
          ]
        ]
      },
      "id": "way/407685091"
    },
    {
      "type": "Feature",
      "properties": {
        "@id": "way/407686162",
        "building": "yes"
      },
      "geometry": {
        "type": "Polygon",
        "coordinates": [
          [
            [
              76.3135581,
              32.2429737
            ],
            [
              76.3135279,
              32.242854
            ],
            [
              76.3137291,
              32.2428177
            ],
            [
              76.3137593,
              32.2429374
            ],
            [
              76.3135581,
              32.2429737
            ]
          ]
        ]
      },
      "id": "way/407686162"
    },
    {
      "type": "Feature",
      "properties": {
        "@id": "way/407686178",
        "building": "yes"
      },
      "geometry": {
        "type": "Polygon",
        "coordinates": [
          [
            [
              76.3136835,
              32.2427927
            ],
            [
              76.3136732,
              32.242735
            ],
            [
              76.3137309,
              32.2427277
            ],
            [
              76.3137412,
              32.2427854
            ],
            [
              76.3136835,
              32.2427927
            ]
          ]
        ]
      },
      "id": "way/407686178"
    },
    {
      "type": "Feature",
      "properties": {
        "@id": "way/407686204",
        "building": "yes"
      },
      "geometry": {
        "type": "Polygon",
        "coordinates": [
          [
            [
              76.3135977,
              32.2427218
            ],
            [
              76.313586,
              32.2426418
            ],
            [
              76.3137,
              32.2426299
            ],
            [
              76.3137117,
              32.2427099
            ],
            [
              76.3135977,
              32.2427218
            ]
          ]
        ]
      },
      "id": "way/407686204"
    },
    {
      "type": "Feature",
      "properties": {
        "@id": "way/407686227",
        "building": "yes"
      },
      "geometry": {
        "type": "Polygon",
        "coordinates": [
          [
            [
              76.3135876,
              32.2428035
            ],
            [
              76.3135748,
              32.2427386
            ],
            [
              76.3136513,
              32.2427278
            ],
            [
              76.3136641,
              32.2427927
            ],
            [
              76.3135876,
              32.2428035
            ]
          ]
        ]
      },
      "id": "way/407686227"
    },
    {
      "type": "Feature",
      "properties": {
        "@id": "way/407688774",
        "building": "yes"
      },
      "geometry": {
        "type": "Polygon",
        "coordinates": [
          [
            [
              76.3130609,
              32.2399084
            ],
            [
              76.3131434,
              32.2398268
            ],
            [
              76.3131789,
              32.2398525
            ],
            [
              76.3130965,
              32.2399341
            ],
            [
              76.3130609,
              32.2399084
            ]
          ]
        ]
      },
      "id": "way/407688774"
    },
    {
      "type": "Feature",
      "properties": {
        "@id": "way/407688777",
        "building": "yes"
      },
      "geometry": {
        "type": "Polygon",
        "coordinates": [
          [
            [
              76.3088475,
              32.2431994
            ],
            [
              76.3088046,
              32.243137
            ],
            [
              76.3090367,
              32.2430228
            ],
            [
              76.3090796,
              32.2430851
            ],
            [
              76.3088475,
              32.2431994
            ]
          ]
        ]
      },
      "id": "way/407688777"
    },
    {
      "type": "Feature",
      "properties": {
        "@id": "way/407688778",
        "building": "yes"
      },
      "geometry": {
        "type": "Polygon",
        "coordinates": [
          [
            [
              76.3094686,
              32.2429438
            ],
            [
              76.3095611,
              32.2427785
            ],
            [
              76.3096329,
              32.2428073
            ],
            [
              76.3095403,
              32.2429726
            ],
            [
              76.3094686,
              32.2429438
            ]
          ]
        ]
      },
      "id": "way/407688778"
    },
    {
      "type": "Feature",
      "properties": {
        "@id": "way/407688779",
        "building": "yes"
      },
      "geometry": {
        "type": "Polygon",
        "coordinates": [
          [
            [
              76.3091144,
              32.2425869
            ],
            [
              76.309331,
              32.2423687
            ],
            [
              76.3093981,
              32.2424164
            ],
            [
              76.3091814,
              32.2426345
            ],
            [
              76.3091144,
              32.2425869
            ]
          ]
        ]
      },
      "id": "way/407688779"
    },
    {
      "type": "Feature",
      "properties": {
        "@id": "way/407688780",
        "building": "yes"
      },
      "geometry": {
        "type": "Polygon",
        "coordinates": [
          [
            [
              76.3138092,
              32.2401484
            ],
            [
              76.3138589,
              32.2401138
            ],
            [
              76.3139138,
              32.2401701
            ],
            [
              76.3138642,
              32.2402047
            ],
            [
              76.3138092,
              32.2401484
            ]
          ]
        ]
      },
      "id": "way/407688780"
    },
    {
      "type": "Feature",
      "properties": {
        "@id": "way/407688781",
        "building": "yes"
      },
      "geometry": {
        "type": "Polygon",
        "coordinates": [
          [
            [
              76.3131756,
              32.2397641
            ],
            [
              76.3132366,
              32.2397158
            ],
            [
              76.3132749,
              32.2397504
            ],
            [
              76.3132138,
              32.2397987
            ],
            [
              76.3131756,
              32.2397641
            ]
          ]
        ]
      },
      "id": "way/407688781"
    },
    {
      "type": "Feature",
      "properties": {
        "@id": "way/407688782",
        "building": "yes"
      },
      "geometry": {
        "type": "Polygon",
        "coordinates": [
          [
            [
              76.314396,
              32.239727
            ],
            [
              76.314459,
              32.2397633
            ],
            [
              76.3143581,
              32.2398886
            ],
            [
              76.3142951,
              32.2398523
            ],
            [
              76.314396,
              32.239727
            ]
          ]
        ]
      },
      "id": "way/407688782"
    },
    {
      "type": "Feature",
      "properties": {
        "@id": "way/407688783",
        "building": "yes"
      },
      "geometry": {
        "type": "Polygon",
        "coordinates": [
          [
            [
              76.3130153,
              32.2395877
            ],
            [
              76.3131189,
              32.2394983
            ],
            [
              76.3131839,
              32.2395521
            ],
            [
              76.3130804,
              32.2396416
            ],
            [
              76.3130153,
              32.2395877
            ]
          ]
        ]
      },
      "id": "way/407688783"
    },
    {
      "type": "Feature",
      "properties": {
        "@id": "way/407688784",
        "building": "yes"
      },
      "geometry": {
        "type": "Polygon",
        "coordinates": [
          [
            [
              76.3102892,
              32.2426708
            ],
            [
              76.3102489,
              32.2425857
            ],
            [
              76.3104848,
              32.2425059
            ],
            [
              76.310525,
              32.242591
            ],
            [
              76.3102892,
              32.2426708
            ]
          ]
        ]
      },
      "id": "way/407688784"
    },
    {
      "type": "Feature",
      "properties": {
        "@id": "way/407688785",
        "building": "yes"
      },
      "geometry": {
        "type": "Polygon",
        "coordinates": [
          [
            [
              76.3090731,
              32.2436004
            ],
            [
              76.3090038,
              32.2435275
            ],
            [
              76.3093224,
              32.2433108
            ],
            [
              76.3093918,
              32.2433837
            ],
            [
              76.3090731,
              32.2436004
            ]
          ]
        ]
      },
      "id": "way/407688785"
    },
    {
      "type": "Feature",
      "properties": {
        "@id": "way/407688787",
        "building": "yes"
      },
      "geometry": {
        "type": "Polygon",
        "coordinates": [
          [
            [
              76.3128718,
              32.2394658
            ],
            [
              76.3128594,
              32.2394132
            ],
            [
              76.3128929,
              32.2394075
            ],
            [
              76.3129053,
              32.2394601
            ],
            [
              76.3128718,
              32.2394658
            ]
          ]
        ]
      },
      "id": "way/407688787"
    },
    {
      "type": "Feature",
      "properties": {
        "@id": "way/407688788",
        "building": "yes"
      },
      "geometry": {
        "type": "Polygon",
        "coordinates": [
          [
            [
              76.3132869,
              32.2398634
            ],
            [
              76.3133361,
              32.2398169
            ],
            [
              76.313375,
              32.2398464
            ],
            [
              76.3133258,
              32.2398928
            ],
            [
              76.3132869,
              32.2398634
            ]
          ]
        ]
      },
      "id": "way/407688788"
    },
    {
      "type": "Feature",
      "properties": {
        "@id": "way/407688789",
        "building": "yes"
      },
      "geometry": {
        "type": "Polygon",
        "coordinates": [
          [
            [
              76.3145556,
              32.2396764
            ],
            [
              76.3146114,
              32.2395802
            ],
            [
              76.3146634,
              32.2396018
            ],
            [
              76.3146077,
              32.239698
            ],
            [
              76.3145556,
              32.2396764
            ]
          ]
        ]
      },
      "id": "way/407688789"
    },
    {
      "type": "Feature",
      "properties": {
        "@id": "way/407688790",
        "building": "yes"
      },
      "geometry": {
        "type": "Polygon",
        "coordinates": [
          [
            [
              76.308641,
              32.2427218
            ],
            [
              76.3085099,
              32.2424017
            ],
            [
              76.3085797,
              32.2423813
            ],
            [
              76.3087107,
              32.2427014
            ],
            [
              76.308641,
              32.2427218
            ]
          ]
        ]
      },
      "id": "way/407688790"
    },
    {
      "type": "Feature",
      "properties": {
        "@id": "way/407688792",
        "building": "yes"
      },
      "geometry": {
        "type": "Polygon",
        "coordinates": [
          [
            [
              76.3129247,
              32.239794
            ],
            [
              76.3130083,
              32.2397148
            ],
            [
              76.3130911,
              32.2397774
            ],
            [
              76.3130075,
              32.2398566
            ],
            [
              76.3129247,
              32.239794
            ]
          ]
        ]
      },
      "id": "way/407688792"
    },
    {
      "type": "Feature",
      "properties": {
        "@id": "way/407688793",
        "building": "yes"
      },
      "geometry": {
        "type": "Polygon",
        "coordinates": [
          [
            [
              76.3096012,
              32.2426867
            ],
            [
              76.3097889,
              32.2423493
            ],
            [
              76.3098573,
              32.2423765
            ],
            [
              76.3096696,
              32.2427139
            ],
            [
              76.3096012,
              32.2426867
            ]
          ]
        ]
      },
      "id": "way/407688793"
    },
    {
      "type": "Feature",
      "properties": {
        "@id": "way/407688795",
        "building": "yes"
      },
      "geometry": {
        "type": "Polygon",
        "coordinates": [
          [
            [
              76.3125801,
              32.2397468
            ],
            [
              76.3125932,
              32.2396781
            ],
            [
              76.3126723,
              32.2396889
            ],
            [
              76.3126592,
              32.2397576
            ],
            [
              76.3125801,
              32.2397468
            ]
          ]
        ]
      },
      "id": "way/407688795"
    },
    {
      "type": "Feature",
      "properties": {
        "@id": "way/407688797",
        "building": "yes"
      },
      "geometry": {
        "type": "Polygon",
        "coordinates": [
          [
            [
              76.3097554,
              32.2421354
            ],
            [
              76.3097527,
              32.2420651
            ],
            [
              76.3101919,
              32.2420531
            ],
            [
              76.3101945,
              32.2421234
            ],
            [
              76.3097554,
              32.2421354
            ]
          ]
        ]
      },
      "id": "way/407688797"
    },
    {
      "type": "Feature",
      "properties": {
        "@id": "way/407688798",
        "building": "yes"
      },
      "geometry": {
        "type": "Polygon",
        "coordinates": [
          [
            [
              76.3142545,
              32.2396949
            ],
            [
              76.3143009,
              32.2396355
            ],
            [
              76.3144055,
              32.2396939
            ],
            [
              76.3143591,
              32.2397533
            ],
            [
              76.3142545,
              32.2396949
            ]
          ]
        ]
      },
      "id": "way/407688798"
    },
    {
      "type": "Feature",
      "properties": {
        "@id": "way/407688801",
        "building": "yes"
      },
      "geometry": {
        "type": "Polygon",
        "coordinates": [
          [
            [
              76.3137194,
              32.2397772
            ],
            [
              76.3137796,
              32.2396822
            ],
            [
              76.3138708,
              32.2397236
            ],
            [
              76.3138106,
              32.2398186
            ],
            [
              76.3137194,
              32.2397772
            ]
          ]
        ]
      },
      "id": "way/407688801"
    },
    {
      "type": "Feature",
      "properties": {
        "@id": "way/407688803",
        "building": "yes"
      },
      "geometry": {
        "type": "Polygon",
        "coordinates": [
          [
            [
              76.3135028,
              32.2399377
            ],
            [
              76.3134619,
              32.2399048
            ],
            [
              76.3134863,
              32.239883
            ],
            [
              76.3135272,
              32.2399159
            ],
            [
              76.3135028,
              32.2399377
            ]
          ]
        ]
      },
      "id": "way/407688803"
    },
    {
      "type": "Feature",
      "properties": {
        "@id": "way/407688804",
        "building": "yes"
      },
      "geometry": {
        "type": "Polygon",
        "coordinates": [
          [
            [
              76.3126083,
              32.2399385
            ],
            [
              76.3126553,
              32.2398511
            ],
            [
              76.3126995,
              32.2398681
            ],
            [
              76.3126525,
              32.2399555
            ],
            [
              76.3126083,
              32.2399385
            ]
          ]
        ]
      },
      "id": "way/407688804"
    },
    {
      "type": "Feature",
      "properties": {
        "@id": "way/407688807",
        "building": "yes"
      },
      "geometry": {
        "type": "Polygon",
        "coordinates": [
          [
            [
              76.3131018,
              32.2399493
            ],
            [
              76.3131798,
              32.2398737
            ],
            [
              76.3132113,
              32.2398969
            ],
            [
              76.3131333,
              32.2399725
            ],
            [
              76.3131018,
              32.2399493
            ]
          ]
        ]
      },
      "id": "way/407688807"
    },
    {
      "type": "Feature",
      "properties": {
        "@id": "way/407688810",
        "building": "yes"
      },
      "geometry": {
        "type": "Polygon",
        "coordinates": [
          [
            [
              76.3128463,
              32.2395568
            ],
            [
              76.3128913,
              32.2395245
            ],
            [
              76.3129618,
              32.2395946
            ],
            [
              76.3129168,
              32.2396269
            ],
            [
              76.3128463,
              32.2395568
            ]
          ]
        ]
      },
      "id": "way/407688810"
    },
    {
      "type": "Feature",
      "properties": {
        "@id": "way/407688812",
        "building": "yes"
      },
      "geometry": {
        "type": "Polygon",
        "coordinates": [
          [
            [
              76.3139662,
              32.2400553
            ],
            [
              76.3139333,
              32.2399681
            ],
            [
              76.3139923,
              32.2399522
            ],
            [
              76.3140252,
              32.2400395
            ],
            [
              76.3139662,
              32.2400553
            ]
          ]
        ]
      },
      "id": "way/407688812"
    },
    {
      "type": "Feature",
      "properties": {
        "@id": "way/407688813",
        "building": "yes"
      },
      "geometry": {
        "type": "Polygon",
        "coordinates": [
          [
            [
              76.308767,
              32.2433877
            ],
            [
              76.3087308,
              32.2433139
            ],
            [
              76.3091234,
              32.243176
            ],
            [
              76.3091596,
              32.2432497
            ],
            [
              76.308767,
              32.2433877
            ]
          ]
        ]
      },
      "id": "way/407688813"
    },
    {
      "type": "Feature",
      "properties": {
        "@id": "way/407688815",
        "building": "yes"
      },
      "geometry": {
        "type": "Polygon",
        "coordinates": [
          [
            [
              76.308468,
              32.2430803
            ],
            [
              76.3084398,
              32.2430281
            ],
            [
              76.3086764,
              32.2429368
            ],
            [
              76.3087045,
              32.2429889
            ],
            [
              76.308468,
              32.2430803
            ]
          ]
        ]
      },
      "id": "way/407688815"
    },
    {
      "type": "Feature",
      "properties": {
        "@id": "way/407688816",
        "building": "yes"
      },
      "geometry": {
        "type": "Polygon",
        "coordinates": [
          [
            [
              76.3092766,
              32.2428035
            ],
            [
              76.3094358,
              32.2425543
            ],
            [
              76.3095028,
              32.2425849
            ],
            [
              76.3093437,
              32.2428341
            ],
            [
              76.3092766,
              32.2428035
            ]
          ]
        ]
      },
      "id": "way/407688816"
    },
    {
      "type": "Feature",
      "properties": {
        "@id": "way/407688817",
        "building": "yes"
      },
      "geometry": {
        "type": "Polygon",
        "coordinates": [
          [
            [
              76.3135712,
              32.2401433
            ],
            [
              76.3136404,
              32.2400706
            ],
            [
              76.3137303,
              32.2401319
            ],
            [
              76.313661,
              32.2402045
            ],
            [
              76.3135712,
              32.2401433
            ]
          ]
        ]
      },
      "id": "way/407688817"
    },
    {
      "type": "Feature",
      "properties": {
        "@id": "way/407688818",
        "building": "yes"
      },
      "geometry": {
        "type": "Polygon",
        "coordinates": [
          [
            [
              76.3132292,
              32.2398106
            ],
            [
              76.3132783,
              32.2397608
            ],
            [
              76.3133266,
              32.2397948
            ],
            [
              76.3132775,
              32.2398446
            ],
            [
              76.3132292,
              32.2398106
            ]
          ]
        ]
      },
      "id": "way/407688818"
    },
    {
      "type": "Feature",
      "properties": {
        "@id": "way/407688819",
        "building": "yes"
      },
      "geometry": {
        "type": "Polygon",
        "coordinates": [
          [
            [
              76.3144241,
              32.2398319
            ],
            [
              76.3144637,
              32.239778
            ],
            [
              76.3144968,
              32.2397954
            ],
            [
              76.3144572,
              32.2398493
            ],
            [
              76.3144241,
              32.2398319
            ]
          ]
        ]
      },
      "id": "way/407688819"
    },
    {
      "type": "Feature",
      "properties": {
        "@id": "way/407688820",
        "building": "yes"
      },
      "geometry": {
        "type": "Polygon",
        "coordinates": [
          [
            [
              76.3141298,
              32.239795
            ],
            [
              76.3141905,
              32.2397245
            ],
            [
              76.3142301,
              32.2397489
            ],
            [
              76.3141693,
              32.2398194
            ],
            [
              76.3141298,
              32.239795
            ]
          ]
        ]
      },
      "id": "way/407688820"
    },
    {
      "type": "Feature",
      "properties": {
        "@id": "way/407688822",
        "building": "yes"
      },
      "geometry": {
        "type": "Polygon",
        "coordinates": [
          [
            [
              76.3088622,
              32.2423464
            ],
            [
              76.3088991,
              32.2422887
            ],
            [
              76.3089661,
              32.2423193
            ],
            [
              76.3089293,
              32.242377
            ],
            [
              76.3088622,
              32.2423464
            ]
          ]
        ]
      },
      "id": "way/407688822"
    },
    {
      "type": "Feature",
      "properties": {
        "@id": "way/407688823",
        "building": "yes"
      },
      "geometry": {
        "type": "Polygon",
        "coordinates": [
          [
            [
              76.3138086,
              32.24001
            ],
            [
              76.3138488,
              32.2399799
            ],
            [
              76.3138844,
              32.2400139
            ],
            [
              76.3138441,
              32.240044
            ],
            [
              76.3138086,
              32.24001
            ]
          ]
        ]
      },
      "id": "way/407688823"
    },
    {
      "type": "Feature",
      "properties": {
        "@id": "way/407688824",
        "building": "yes"
      },
      "geometry": {
        "type": "Polygon",
        "coordinates": [
          [
            [
              76.3131411,
              32.2396883
            ],
            [
              76.3131924,
              32.2396388
            ],
            [
              76.31322,
              32.2396592
            ],
            [
              76.3131687,
              32.2397087
            ],
            [
              76.3131411,
              32.2396883
            ]
          ]
        ]
      },
      "id": "way/407688824"
    },
    {
      "type": "Feature",
      "properties": {
        "@id": "way/407688826",
        "building": "yes"
      },
      "geometry": {
        "type": "Polygon",
        "coordinates": [
          [
            [
              76.3132299,
              32.239565
            ],
            [
              76.3133169,
              32.2394903
            ],
            [
              76.3133591,
              32.2395254
            ],
            [
              76.3132721,
              32.2396002
            ],
            [
              76.3132299,
              32.239565
            ]
          ]
        ]
      },
      "id": "way/407688826"
    },
    {
      "type": "Feature",
      "properties": {
        "@id": "way/407688827",
        "building": "yes"
      },
      "geometry": {
        "type": "Polygon",
        "coordinates": [
          [
            [
              76.3126122,
              32.2396447
            ],
            [
              76.3126557,
              32.2395618
            ],
            [
              76.312738,
              32.2395928
            ],
            [
              76.3126945,
              32.2396756
            ],
            [
              76.3126122,
              32.2396447
            ]
          ]
        ]
      },
      "id": "way/407688827"
    },
    {
      "type": "Feature",
      "properties": {
        "@id": "way/407688828",
        "building": "yes"
      },
      "geometry": {
        "type": "Polygon",
        "coordinates": [
          [
            [
              76.3082145,
              32.2422069
            ],
            [
              76.3082628,
              32.2421527
            ],
            [
              76.308531,
              32.242324
            ],
            [
              76.3084827,
              32.2423781
            ],
            [
              76.3082145,
              32.2422069
            ]
          ]
        ]
      },
      "id": "way/407688828"
    },
    {
      "type": "Feature",
      "properties": {
        "@id": "way/407688831",
        "building": "yes"
      },
      "geometry": {
        "type": "Polygon",
        "coordinates": [
          [
            [
              76.3088547,
              32.2426578
            ],
            [
              76.3091993,
              32.2422791
            ],
            [
              76.3092559,
              32.242316
            ],
            [
              76.3089113,
              32.2426946
            ],
            [
              76.3088547,
              32.2426578
            ]
          ]
        ]
      },
      "id": "way/407688831"
    },
    {
      "type": "Feature",
      "properties": {
        "@id": "way/407688833",
        "building": "yes"
      },
      "geometry": {
        "type": "Polygon",
        "coordinates": [
          [
            [
              76.3126478,
              32.2398211
            ],
            [
              76.3127082,
              32.2397485
            ],
            [
              76.3128503,
              32.239833
            ],
            [
              76.31279,
              32.2399056
            ],
            [
              76.3126478,
              32.2398211
            ]
          ]
        ]
      },
      "id": "way/407688833"
    },
    {
      "type": "Feature",
      "properties": {
        "@id": "way/407688834",
        "building": "yes"
      },
      "geometry": {
        "type": "Polygon",
        "coordinates": [
          [
            [
              76.309793,
              32.242259
            ],
            [
              76.3097876,
              32.2421717
            ],
            [
              76.3101537,
              32.2421556
            ],
            [
              76.3101591,
              32.242243
            ],
            [
              76.309793,
              32.242259
            ]
          ]
        ]
      },
      "id": "way/407688834"
    },
    {
      "type": "Feature",
      "properties": {
        "@id": "way/407688835",
        "building": "yes"
      },
      "geometry": {
        "type": "Polygon",
        "coordinates": [
          [
            [
              76.3144201,
              32.2397
            ],
            [
              76.3144577,
              32.2396639
            ],
            [
              76.3145369,
              32.2397229
            ],
            [
              76.3144992,
              32.239759
            ],
            [
              76.3144201,
              32.2397
            ]
          ]
        ]
      },
      "id": "way/407688835"
    },
    {
      "type": "Feature",
      "properties": {
        "@id": "way/407688837",
        "building": "yes"
      },
      "geometry": {
        "type": "Polygon",
        "coordinates": [
          [
            [
              76.3127129,
              32.239668
            ],
            [
              76.3127548,
              32.2396115
            ],
            [
              76.3128125,
              32.2396421
            ],
            [
              76.3127706,
              32.2396986
            ],
            [
              76.3127129,
              32.239668
            ]
          ]
        ]
      },
      "id": "way/407688837"
    },
    {
      "type": "Feature",
      "properties": {
        "@id": "way/407688839",
        "building": "yes"
      },
      "geometry": {
        "type": "Polygon",
        "coordinates": [
          [
            [
              76.3140828,
              32.2396308
            ],
            [
              76.3141118,
              32.2395668
            ],
            [
              76.3141802,
              32.2395889
            ],
            [
              76.3141512,
              32.2396529
            ],
            [
              76.3140828,
              32.2396308
            ]
          ]
        ]
      },
      "id": "way/407688839"
    },
    {
      "type": "Feature",
      "properties": {
        "@id": "way/407688841",
        "building": "yes"
      },
      "geometry": {
        "type": "Polygon",
        "coordinates": [
          [
            [
              76.3135417,
              32.2399121
            ],
            [
              76.3134619,
              32.2398469
            ],
            [
              76.313492,
              32.2398206
            ],
            [
              76.3135718,
              32.2398858
            ],
            [
              76.3135417,
              32.2399121
            ]
          ]
        ]
      },
      "id": "way/407688841"
    },
    {
      "type": "Feature",
      "properties": {
        "@id": "way/407688842",
        "building": "yes"
      },
      "geometry": {
        "type": "Polygon",
        "coordinates": [
          [
            [
              76.3126706,
              32.2399578
            ],
            [
              76.312712,
              32.2398809
            ],
            [
              76.3127798,
              32.239907
            ],
            [
              76.3127384,
              32.2399839
            ],
            [
              76.3126706,
              32.2399578
            ]
          ]
        ]
      },
      "id": "way/407688842"
    },
    {
      "type": "Feature",
      "properties": {
        "@id": "way/407688844",
        "building": "yes"
      },
      "geometry": {
        "type": "Polygon",
        "coordinates": [
          [
            [
              76.3133385,
              32.2399014
            ],
            [
              76.3133931,
              32.2398541
            ],
            [
              76.3134226,
              32.2398785
            ],
            [
              76.313368,
              32.2399257
            ],
            [
              76.3133385,
              32.2399014
            ]
          ]
        ]
      },
      "id": "way/407688844"
    },
    {
      "type": "Feature",
      "properties": {
        "@id": "way/407688845",
        "building": "yes"
      },
      "geometry": {
        "type": "Polygon",
        "coordinates": [
          [
            [
              76.3131809,
              32.2400446
            ],
            [
              76.3132597,
              32.2399689
            ],
            [
              76.3133382,
              32.2400273
            ],
            [
              76.3132594,
              32.240103
            ],
            [
              76.3131809,
              32.2400446
            ]
          ]
        ]
      },
      "id": "way/407688845"
    },
    {
      "type": "Feature",
      "properties": {
        "@id": "way/407688847",
        "building": "yes"
      },
      "geometry": {
        "type": "Polygon",
        "coordinates": [
          [
            [
              76.3124815,
              32.2398795
            ],
            [
              76.3125066,
              32.2398473
            ],
            [
              76.3125341,
              32.2398626
            ],
            [
              76.312509,
              32.2398948
            ],
            [
              76.3124815,
              32.2398795
            ]
          ]
        ]
      },
      "id": "way/407688847"
    },
    {
      "type": "Feature",
      "properties": {
        "@id": "way/407688849",
        "building": "yes"
      },
      "geometry": {
        "type": "Polygon",
        "coordinates": [
          [
            [
              76.3129456,
              32.239626
            ],
            [
              76.3130106,
              32.239677
            ],
            [
              76.3129318,
              32.2397489
            ],
            [
              76.3128668,
              32.2396978
            ],
            [
              76.3129456,
              32.239626
            ]
          ]
        ]
      },
      "id": "way/407688849"
    },
    {
      "type": "Feature",
      "properties": {
        "@id": "way/407688850",
        "building": "yes"
      },
      "geometry": {
        "type": "Polygon",
        "coordinates": [
          [
            [
              76.3130086,
              32.2398778
            ],
            [
              76.3131005,
              32.2397797
            ],
            [
              76.3131418,
              32.2398074
            ],
            [
              76.3130499,
              32.2399055
            ],
            [
              76.3130086,
              32.2398778
            ]
          ]
        ]
      },
      "id": "way/407688850"
    },
    {
      "type": "Feature",
      "properties": {
        "@id": "way/407688852",
        "building": "yes"
      },
      "geometry": {
        "type": "Polygon",
        "coordinates": [
          [
            [
              76.3139708,
              32.2401892
            ],
            [
              76.3139287,
              32.2400912
            ],
            [
              76.3140394,
              32.2400572
            ],
            [
              76.3140815,
              32.2401552
            ],
            [
              76.3139708,
              32.2401892
            ]
          ]
        ]
      },
      "id": "way/407688852"
    },
    {
      "type": "Feature",
      "properties": {
        "@id": "way/407688854",
        "building": "yes"
      },
      "geometry": {
        "type": "Polygon",
        "coordinates": [
          [
            [
              76.3084076,
              32.24323
            ],
            [
              76.3083862,
              32.2431585
            ],
            [
              76.3087352,
              32.2430836
            ],
            [
              76.3087567,
              32.243155
            ],
            [
              76.3084076,
              32.24323
            ]
          ]
        ]
      },
      "id": "way/407688854"
    },
    {
      "type": "Feature",
      "properties": {
        "@id": "way/407688855",
        "building": "yes"
      },
      "geometry": {
        "type": "Polygon",
        "coordinates": [
          [
            [
              76.3091425,
              32.2430905
            ],
            [
              76.3092927,
              32.2428364
            ],
            [
              76.3093598,
              32.2428648
            ],
            [
              76.3092096,
              32.2431188
            ],
            [
              76.3091425,
              32.2430905
            ]
          ]
        ]
      },
      "id": "way/407688855"
    },
    {
      "type": "Feature",
      "properties": {
        "@id": "way/407688856",
        "building": "yes"
      },
      "geometry": {
        "type": "Polygon",
        "coordinates": [
          [
            [
              76.3135766,
              32.2399487
            ],
            [
              76.3136305,
              32.2399086
            ],
            [
              76.31367,
              32.2399466
            ],
            [
              76.3136161,
              32.2399867
            ],
            [
              76.3135766,
              32.2399487
            ]
          ]
        ]
      },
      "id": "way/407688856"
    },
    {
      "type": "Feature",
      "properties": {
        "@id": "way/407688857",
        "building": "yes"
      },
      "geometry": {
        "type": "Polygon",
        "coordinates": [
          [
            [
              76.3089306,
              32.2422443
            ],
            [
              76.3090183,
              32.2421341
            ],
            [
              76.309092,
              32.2421761
            ],
            [
              76.3090044,
              32.2422863
            ],
            [
              76.3089306,
              32.2422443
            ]
          ]
        ]
      },
      "id": "way/407688857"
    },
    {
      "type": "Feature",
      "properties": {
        "@id": "way/407688858",
        "building": "yes"
      },
      "geometry": {
        "type": "Polygon",
        "coordinates": [
          [
            [
              76.3137663,
              32.2400485
            ],
            [
              76.3138113,
              32.2400185
            ],
            [
              76.3138754,
              32.2400871
            ],
            [
              76.3138305,
              32.2401171
            ],
            [
              76.3137663,
              32.2400485
            ]
          ]
        ]
      },
      "id": "way/407688858"
    },
    {
      "type": "Feature",
      "properties": {
        "@id": "way/407688859",
        "building": "yes"
      },
      "geometry": {
        "type": "Polygon",
        "coordinates": [
          [
            [
              76.31314,
              32.239497
            ],
            [
              76.3131958,
              32.2394377
            ],
            [
              76.313232,
              32.2394621
            ],
            [
              76.3131762,
              32.2395214
            ],
            [
              76.31314,
              32.239497
            ]
          ]
        ]
      },
      "id": "way/407688859"
    },
    {
      "type": "Feature",
      "properties": {
        "@id": "way/407688860",
        "building": "yes"
      },
      "geometry": {
        "type": "Polygon",
        "coordinates": [
          [
            [
              76.3083323,
              32.2426887
            ],
            [
              76.308332,
              32.2424442
            ],
            [
              76.3084211,
              32.2424441
            ],
            [
              76.3084215,
              32.2426887
            ],
            [
              76.3083323,
              32.2426887
            ]
          ]
        ]
      },
      "id": "way/407688860"
    },
    {
      "type": "Feature",
      "properties": {
        "@id": "way/407688864",
        "building": "yes"
      },
      "geometry": {
        "type": "Polygon",
        "coordinates": [
          [
            [
              76.3094872,
              32.2432402
            ],
            [
              76.3096934,
              32.242924
            ],
            [
              76.3097712,
              32.2429603
            ],
            [
              76.309565,
              32.2432765
            ],
            [
              76.3094872,
              32.2432402
            ]
          ]
        ]
      },
      "id": "way/407688864"
    },
    {
      "type": "Feature",
      "properties": {
        "@id": "way/407688866",
        "building": "yes"
      },
      "geometry": {
        "type": "Polygon",
        "coordinates": [
          [
            [
              76.3127504,
              32.2397576
            ],
            [
              76.3127886,
              32.2397131
            ],
            [
              76.312857,
              32.2397551
            ],
            [
              76.3128188,
              32.2397996
            ],
            [
              76.3127504,
              32.2397576
            ]
          ]
        ]
      },
      "id": "way/407688866"
    },
    {
      "type": "Feature",
      "properties": {
        "@id": "way/407688867",
        "building": "yes"
      },
      "geometry": {
        "type": "Polygon",
        "coordinates": [
          [
            [
              76.3094792,
              32.2423816
            ],
            [
              76.3096481,
              32.2421339
            ],
            [
              76.3097178,
              32.2421679
            ],
            [
              76.3095489,
              32.2424156
            ],
            [
              76.3094792,
              32.2423816
            ]
          ]
        ]
      },
      "id": "way/407688867"
    },
    {
      "type": "Feature",
      "properties": {
        "@id": "way/407688870",
        "building": "yes"
      },
      "geometry": {
        "type": "Polygon",
        "coordinates": [
          [
            [
              76.3126773,
              32.2397162
            ],
            [
              76.312703,
              32.2396803
            ],
            [
              76.312754,
              32.2397064
            ],
            [
              76.3127283,
              32.2397423
            ],
            [
              76.3126773,
              32.2397162
            ]
          ]
        ]
      },
      "id": "way/407688870"
    },
    {
      "type": "Feature",
      "properties": {
        "@id": "way/407688872",
        "building": "yes"
      },
      "geometry": {
        "type": "Polygon",
        "coordinates": [
          [
            [
              76.3097769,
              32.2431268
            ],
            [
              76.3100709,
              32.242736
            ],
            [
              76.3101594,
              32.2427836
            ],
            [
              76.3098654,
              32.2431744
            ],
            [
              76.3097769,
              32.2431268
            ]
          ]
        ]
      },
      "id": "way/407688872"
    },
    {
      "type": "Feature",
      "properties": {
        "@id": "way/407688873",
        "building": "yes"
      },
      "geometry": {
        "type": "Polygon",
        "coordinates": [
          [
            [
              76.3140325,
              32.2397284
            ],
            [
              76.3141049,
              32.2396575
            ],
            [
              76.314188,
              32.2397182
            ],
            [
              76.3141157,
              32.2397891
            ],
            [
              76.3140325,
              32.2397284
            ]
          ]
        ]
      },
      "id": "way/407688873"
    },
    {
      "type": "Feature",
      "properties": {
        "@id": "way/407688874",
        "building": "yes"
      },
      "geometry": {
        "type": "Polygon",
        "coordinates": [
          [
            [
              76.3082245,
              32.242958
            ],
            [
              76.3084184,
              32.2428023
            ],
            [
              76.3084903,
              32.2428664
            ],
            [
              76.3082964,
              32.243022
            ],
            [
              76.3082245,
              32.242958
            ]
          ]
        ]
      },
      "id": "way/407688874"
    },
    {
      "type": "Feature",
      "properties": {
        "@id": "way/407688877",
        "building": "yes"
      },
      "geometry": {
        "type": "Polygon",
        "coordinates": [
          [
            [
              76.3133164,
              32.2397301
            ],
            [
              76.3133461,
              32.2396978
            ],
            [
              76.3133943,
              32.2397296
            ],
            [
              76.3133647,
              32.2397618
            ],
            [
              76.3133164,
              32.2397301
            ]
          ]
        ]
      },
      "id": "way/407688877"
    },
    {
      "type": "Feature",
      "properties": {
        "@id": "way/407688880",
        "building": "yes"
      },
      "geometry": {
        "type": "Polygon",
        "coordinates": [
          [
            [
              76.3133741,
              32.2399303
            ],
            [
              76.3134223,
              32.2398855
            ],
            [
              76.3134964,
              32.2399426
            ],
            [
              76.3134481,
              32.2399874
            ],
            [
              76.3133741,
              32.2399303
            ]
          ]
        ]
      },
      "id": "way/407688880"
    },
    {
      "type": "Feature",
      "properties": {
        "@id": "way/407688882",
        "building": "yes"
      },
      "geometry": {
        "type": "Polygon",
        "coordinates": [
          [
            [
              76.3125587,
              32.2399141
            ],
            [
              76.3125809,
              32.2398784
            ],
            [
              76.3126204,
              32.239896
            ],
            [
              76.3125982,
              32.2399317
            ],
            [
              76.3125587,
              32.2399141
            ]
          ]
        ]
      },
      "id": "way/407688882"
    },
    {
      "type": "Feature",
      "properties": {
        "@id": "way/407688883",
        "building": "yes"
      },
      "geometry": {
        "type": "Polygon",
        "coordinates": [
          [
            [
              76.3098048,
              32.2429319
            ],
            [
              76.3099763,
              32.2424793
            ],
            [
              76.3100555,
              32.2425007
            ],
            [
              76.3098841,
              32.2429533
            ],
            [
              76.3098048,
              32.2429319
            ]
          ]
        ]
      },
      "id": "way/407688883"
    },
    {
      "type": "Feature",
      "properties": {
        "@id": "way/407695643",
        "building": "yes"
      },
      "geometry": {
        "type": "Polygon",
        "coordinates": [
          [
            [
              76.3063891,
              32.2443474
            ],
            [
              76.3064495,
              32.2442816
            ],
            [
              76.306605,
              32.2443837
            ],
            [
              76.3065446,
              32.2444495
            ],
            [
              76.3063891,
              32.2443474
            ]
          ]
        ]
      },
      "id": "way/407695643"
    },
    {
      "type": "Feature",
      "properties": {
        "@id": "way/407695645",
        "building": "yes"
      },
      "geometry": {
        "type": "Polygon",
        "coordinates": [
          [
            [
              76.307675,
              32.2442857
            ],
            [
              76.3077429,
              32.244235
            ],
            [
              76.3078948,
              32.2443805
            ],
            [
              76.3078269,
              32.2444312
            ],
            [
              76.307675,
              32.2442857
            ]
          ]
        ]
      },
      "id": "way/407695645"
    },
    {
      "type": "Feature",
      "properties": {
        "@id": "way/407695647",
        "building": "yes"
      },
      "geometry": {
        "type": "Polygon",
        "coordinates": [
          [
            [
              76.3048702,
              32.2439619
            ],
            [
              76.3049606,
              32.2438868
            ],
            [
              76.3050687,
              32.2439799
            ],
            [
              76.3049784,
              32.244055
            ],
            [
              76.3048702,
              32.2439619
            ]
          ]
        ]
      },
      "id": "way/407695647"
    },
    {
      "type": "Feature",
      "properties": {
        "@id": "way/407695649",
        "building": "yes"
      },
      "geometry": {
        "type": "Polygon",
        "coordinates": [
          [
            [
              76.3069986,
              32.2444404
            ],
            [
              76.3071038,
              32.244355
            ],
            [
              76.3071682,
              32.2444117
            ],
            [
              76.307063,
              32.2444971
            ],
            [
              76.3069986,
              32.2444404
            ]
          ]
        ]
      },
      "id": "way/407695649"
    },
    {
      "type": "Feature",
      "properties": {
        "@id": "way/407695651",
        "building": "yes"
      },
      "geometry": {
        "type": "Polygon",
        "coordinates": [
          [
            [
              76.3078321,
              32.2444393
            ],
            [
              76.3078975,
              32.2443857
            ],
            [
              76.3079189,
              32.2444044
            ],
            [
              76.3078536,
              32.244458
            ],
            [
              76.3078321,
              32.2444393
            ]
          ]
        ]
      },
      "id": "way/407695651"
    },
    {
      "type": "Feature",
      "properties": {
        "@id": "way/407695653",
        "building": "yes"
      },
      "geometry": {
        "type": "Polygon",
        "coordinates": [
          [
            [
              76.3050419,
              32.243495
            ],
            [
              76.3050602,
              32.2434627
            ],
            [
              76.3051246,
              32.2434888
            ],
            [
              76.3051063,
              32.2435211
            ],
            [
              76.3050419,
              32.243495
            ]
          ]
        ]
      },
      "id": "way/407695653"
    },
    {
      "type": "Feature",
      "properties": {
        "@id": "way/407695655",
        "building": "yes"
      },
      "geometry": {
        "type": "Polygon",
        "coordinates": [
          [
            [
              76.3057091,
              32.243558
            ],
            [
              76.3057556,
              32.2434888
            ],
            [
              76.3058642,
              32.243541
            ],
            [
              76.3058178,
              32.2436101
            ],
            [
              76.3057091,
              32.243558
            ]
          ]
        ]
      },
      "id": "way/407695655"
    },
    {
      "type": "Feature",
      "properties": {
        "@id": "way/407695657",
        "building": "yes"
      },
      "geometry": {
        "type": "Polygon",
        "coordinates": [
          [
            [
              76.3063354,
              32.2443259
            ],
            [
              76.3063685,
              32.2442513
            ],
            [
              76.3064114,
              32.2442649
            ],
            [
              76.3063783,
              32.2443395
            ],
            [
              76.3063354,
              32.2443259
            ]
          ]
        ]
      },
      "id": "way/407695657"
    },
    {
      "type": "Feature",
      "properties": {
        "@id": "way/407695659",
        "building": "yes"
      },
      "geometry": {
        "type": "Polygon",
        "coordinates": [
          [
            [
              76.3060761,
              32.245045
            ],
            [
              76.3060961,
              32.2449586
            ],
            [
              76.3062069,
              32.244977
            ],
            [
              76.3061868,
              32.2450634
            ],
            [
              76.3060761,
              32.245045
            ]
          ]
        ]
      },
      "id": "way/407695659"
    },
    {
      "type": "Feature",
      "properties": {
        "@id": "way/407695661",
        "building": "yes"
      },
      "geometry": {
        "type": "Polygon",
        "coordinates": [
          [
            [
              76.3061179,
              32.2449108
            ],
            [
              76.3061663,
              32.2448034
            ],
            [
              76.3062358,
              32.2448259
            ],
            [
              76.3061874,
              32.2449332
            ],
            [
              76.3061179,
              32.2449108
            ]
          ]
        ]
      },
      "id": "way/407695661"
    },
    {
      "type": "Feature",
      "properties": {
        "@id": "way/407695666",
        "building": "yes"
      },
      "geometry": {
        "type": "Polygon",
        "coordinates": [
          [
            [
              76.3063321,
              32.2438268
            ],
            [
              76.3063698,
              32.2437612
            ],
            [
              76.3064194,
              32.2437816
            ],
            [
              76.3063817,
              32.2438472
            ],
            [
              76.3063321,
              32.2438268
            ]
          ]
        ]
      },
      "id": "way/407695666"
    },
    {
      "type": "Feature",
      "properties": {
        "@id": "way/407695668",
        "building": "yes"
      },
      "geometry": {
        "type": "Polygon",
        "coordinates": [
          [
            [
              76.3060392,
              32.2450267
            ],
            [
              76.3058033,
              32.2449259
            ],
            [
              76.3058525,
              32.2448436
            ],
            [
              76.3060884,
              32.2449444
            ],
            [
              76.3060392,
              32.2450267
            ]
          ]
        ]
      },
      "id": "way/407695668"
    },
    {
      "type": "Feature",
      "properties": {
        "@id": "way/407695672",
        "building": "yes"
      },
      "geometry": {
        "type": "Polygon",
        "coordinates": [
          [
            [
              76.3058473,
              32.2436169
            ],
            [
              76.3058792,
              32.243575
            ],
            [
              76.3059167,
              32.2435954
            ],
            [
              76.3058848,
              32.2436374
            ],
            [
              76.3058473,
              32.2436169
            ]
          ]
        ]
      },
      "id": "way/407695672"
    },
    {
      "type": "Feature",
      "properties": {
        "@id": "way/407695674",
        "building": "yes"
      },
      "geometry": {
        "type": "Polygon",
        "coordinates": [
          [
            [
              76.3058379,
              32.2442726
            ],
            [
              76.3059261,
              32.2442104
            ],
            [
              76.3060334,
              32.2443192
            ],
            [
              76.3059452,
              32.2443814
            ],
            [
              76.3058379,
              32.2442726
            ]
          ]
        ]
      },
      "id": "way/407695674"
    },
    {
      "type": "Feature",
      "properties": {
        "@id": "way/407695676",
        "building": "yes"
      },
      "geometry": {
        "type": "Polygon",
        "coordinates": [
          [
            [
              76.3049521,
              32.2434735
            ],
            [
              76.3049875,
              32.2433717
            ],
            [
              76.3050331,
              32.2433831
            ],
            [
              76.3049977,
              32.2434848
            ],
            [
              76.3049521,
              32.2434735
            ]
          ]
        ]
      },
      "id": "way/407695676"
    },
    {
      "type": "Feature",
      "properties": {
        "@id": "way/407695677",
        "building": "yes"
      },
      "geometry": {
        "type": "Polygon",
        "coordinates": [
          [
            [
              76.3065943,
              32.243972
            ],
            [
              76.3066587,
              32.2439191
            ],
            [
              76.3067954,
              32.2440382
            ],
            [
              76.3067311,
              32.2440911
            ],
            [
              76.3065943,
              32.243972
            ]
          ]
        ]
      },
      "id": "way/407695677"
    },
    {
      "type": "Feature",
      "properties": {
        "@id": "way/407695678",
        "building": "yes"
      },
      "geometry": {
        "type": "Polygon",
        "coordinates": [
          [
            [
              76.3070854,
              32.2435257
            ],
            [
              76.3069685,
              32.2434362
            ],
            [
              76.3070139,
              32.2433937
            ],
            [
              76.3071309,
              32.2434832
            ],
            [
              76.3070854,
              32.2435257
            ]
          ]
        ]
      },
      "id": "way/407695678"
    },
    {
      "type": "Feature",
      "properties": {
        "@id": "way/407695680",
        "building": "yes"
      },
      "geometry": {
        "type": "Polygon",
        "coordinates": [
          [
            [
              76.3058285,
              32.2437326
            ],
            [
              76.3058922,
              32.2436727
            ],
            [
              76.3060236,
              32.2437725
            ],
            [
              76.3059599,
              32.2438325
            ],
            [
              76.3058285,
              32.2437326
            ]
          ]
        ]
      },
      "id": "way/407695680"
    },
    {
      "type": "Feature",
      "properties": {
        "@id": "way/407695681",
        "building": "yes"
      },
      "geometry": {
        "type": "Polygon",
        "coordinates": [
          [
            [
              76.3050225,
              32.2434474
            ],
            [
              76.3050436,
              32.2433849
            ],
            [
              76.3050905,
              32.2433962
            ],
            [
              76.3050694,
              32.2434587
            ],
            [
              76.3050225,
              32.2434474
            ]
          ]
        ]
      },
      "id": "way/407695681"
    },
    {
      "type": "Feature",
      "properties": {
        "@id": "way/407698681",
        "building": "yes"
      },
      "geometry": {
        "type": "Polygon",
        "coordinates": [
          [
            [
              76.3124764,
              32.2443242
            ],
            [
              76.3124396,
              32.2441781
            ],
            [
              76.3125255,
              32.2441626
            ],
            [
              76.3125623,
              32.2443087
            ],
            [
              76.3124764,
              32.2443242
            ]
          ]
        ]
      },
      "id": "way/407698681"
    },
    {
      "type": "Feature",
      "properties": {
        "@id": "way/407698682",
        "building": "yes"
      },
      "geometry": {
        "type": "Polygon",
        "coordinates": [
          [
            [
              76.3073238,
              32.2465297
            ],
            [
              76.30732,
              32.2464814
            ],
            [
              76.3074206,
              32.2464757
            ],
            [
              76.3074244,
              32.2465241
            ],
            [
              76.3073238,
              32.2465297
            ]
          ]
        ]
      },
      "id": "way/407698682"
    },
    {
      "type": "Feature",
      "properties": {
        "@id": "way/407698683",
        "building": "yes"
      },
      "geometry": {
        "type": "Polygon",
        "coordinates": [
          [
            [
              76.3131389,
              32.2440474
            ],
            [
              76.3131257,
              32.2439441
            ],
            [
              76.3133001,
              32.2439283
            ],
            [
              76.3133132,
              32.2440315
            ],
            [
              76.3131389,
              32.2440474
            ]
          ]
        ]
      },
      "id": "way/407698683"
    },
    {
      "type": "Feature",
      "properties": {
        "@id": "way/407698684",
        "building": "yes"
      },
      "geometry": {
        "type": "Polygon",
        "coordinates": [
          [
            [
              76.3068223,
              32.246405
            ],
            [
              76.3068253,
              32.2463612
            ],
            [
              76.3068709,
              32.2463635
            ],
            [
              76.3068679,
              32.2464073
            ],
            [
              76.3068223,
              32.246405
            ]
          ]
        ]
      },
      "id": "way/407698684"
    },
    {
      "type": "Feature",
      "properties": {
        "@id": "way/407698685",
        "building": "yes"
      },
      "geometry": {
        "type": "Polygon",
        "coordinates": [
          [
            [
              76.3113143,
              32.2445641
            ],
            [
              76.311431,
              32.2446299
            ],
            [
              76.3113361,
              32.2447503
            ],
            [
              76.3112194,
              32.2446845
            ],
            [
              76.3113143,
              32.2445641
            ]
          ]
        ]
      },
      "id": "way/407698685"
    },
    {
      "type": "Feature",
      "properties": {
        "@id": "way/407698686",
        "building": "yes"
      },
      "geometry": {
        "type": "Polygon",
        "coordinates": [
          [
            [
              76.3069403,
              32.2464583
            ],
            [
              76.3069749,
              32.2464284
            ],
            [
              76.3070473,
              32.2464885
            ],
            [
              76.3070127,
              32.2465184
            ],
            [
              76.3069403,
              32.2464583
            ]
          ]
        ]
      },
      "id": "way/407698686"
    },
    {
      "type": "Feature",
      "properties": {
        "@id": "way/407698687",
        "building": "yes"
      },
      "geometry": {
        "type": "Polygon",
        "coordinates": [
          [
            [
              76.3135922,
              32.2446588
            ],
            [
              76.3135606,
              32.2444477
            ],
            [
              76.3136556,
              32.2444375
            ],
            [
              76.3136872,
              32.2446486
            ],
            [
              76.3135922,
              32.2446588
            ]
          ]
        ]
      },
      "id": "way/407698687"
    },
    {
      "type": "Feature",
      "properties": {
        "@id": "way/407698688",
        "building": "retail"
      },
      "geometry": {
        "type": "Polygon",
        "coordinates": [
          [
            [
              76.3108427,
              32.2436586
            ],
            [
              76.3109423,
              32.243565
            ],
            [
              76.3110313,
              32.2436327
            ],
            [
              76.3109317,
              32.2437263
            ],
            [
              76.3108427,
              32.2436586
            ]
          ]
        ]
      },
      "id": "way/407698688"
    },
    {
      "type": "Feature",
      "properties": {
        "@id": "way/407698689",
        "building": "yes"
      },
      "geometry": {
        "type": "Polygon",
        "coordinates": [
          [
            [
              76.3073439,
              32.2444818
            ],
            [
              76.307289,
              32.2444126
            ],
            [
              76.3073861,
              32.2443574
            ],
            [
              76.3074411,
              32.2444266
            ],
            [
              76.3073439,
              32.2444818
            ]
          ]
        ]
      },
      "id": "way/407698689"
    },
    {
      "type": "Feature",
      "properties": {
        "@id": "way/407698690",
        "building": "yes"
      },
      "geometry": {
        "type": "Polygon",
        "coordinates": [
          [
            [
              76.3133605,
              32.244566
            ],
            [
              76.3134298,
              32.2443631
            ],
            [
              76.3135202,
              32.2443852
            ],
            [
              76.3134509,
              32.2445881
            ],
            [
              76.3133605,
              32.244566
            ]
          ]
        ]
      },
      "id": "way/407698690"
    },
    {
      "type": "Feature",
      "properties": {
        "@id": "way/407698691",
        "building": "yes"
      },
      "geometry": {
        "type": "Polygon",
        "coordinates": [
          [
            [
              76.3072648,
              32.2441665
            ],
            [
              76.3072556,
              32.2440754
            ],
            [
              76.3073817,
              32.2440663
            ],
            [
              76.3073909,
              32.2441574
            ],
            [
              76.3072648,
              32.2441665
            ]
          ]
        ]
      },
      "id": "way/407698691"
    },
    {
      "type": "Feature",
      "properties": {
        "@id": "way/407698692",
        "building": "yes"
      },
      "geometry": {
        "type": "Polygon",
        "coordinates": [
          [
            [
              76.3128519,
              32.2440769
            ],
            [
              76.3128373,
              32.2439827
            ],
            [
              76.3130009,
              32.2439646
            ],
            [
              76.3130155,
              32.2440587
            ],
            [
              76.3128519,
              32.2440769
            ]
          ]
        ]
      },
      "id": "way/407698692"
    },
    {
      "type": "Feature",
      "properties": {
        "@id": "way/407698693",
        "building": "yes"
      },
      "geometry": {
        "type": "Polygon",
        "coordinates": [
          [
            [
              76.3084463,
              32.2464175
            ],
            [
              76.308567,
              32.2463914
            ],
            [
              76.3086207,
              32.246569
            ],
            [
              76.3085,
              32.2465951
            ],
            [
              76.3084463,
              32.2464175
            ]
          ]
        ]
      },
      "id": "way/407698693"
    },
    {
      "type": "Feature",
      "properties": {
        "@id": "way/407698694",
        "building": "yes"
      },
      "geometry": {
        "type": "Polygon",
        "coordinates": [
          [
            [
              76.3132354,
              32.2448584
            ],
            [
              76.3132301,
              32.2447535
            ],
            [
              76.3134566,
              32.2447453
            ],
            [
              76.3134618,
              32.2448503
            ],
            [
              76.3132354,
              32.2448584
            ]
          ]
        ]
      },
      "id": "way/407698694"
    },
    {
      "type": "Feature",
      "properties": {
        "@id": "way/407698695",
        "building": "yes"
      },
      "geometry": {
        "type": "Polygon",
        "coordinates": [
          [
            [
              76.3074687,
              32.2444217
            ],
            [
              76.3074284,
              32.2443866
            ],
            [
              76.3074911,
              32.2443353
            ],
            [
              76.3075313,
              32.2443704
            ],
            [
              76.3074687,
              32.2444217
            ]
          ]
        ]
      },
      "id": "way/407698695"
    },
    {
      "type": "Feature",
      "properties": {
        "@id": "way/407698696",
        "building": "yes"
      },
      "geometry": {
        "type": "Polygon",
        "coordinates": [
          [
            [
              76.3115121,
              32.2443026
            ],
            [
              76.3115792,
              32.244382
            ],
            [
              76.311432,
              32.2444709
            ],
            [
              76.3113649,
              32.2443915
            ],
            [
              76.3115121,
              32.2443026
            ]
          ]
        ]
      },
      "id": "way/407698696"
    },
    {
      "type": "Feature",
      "properties": {
        "@id": "way/407698697",
        "building": "yes"
      },
      "geometry": {
        "type": "Polygon",
        "coordinates": [
          [
            [
              76.3129824,
              32.2448319
            ],
            [
              76.3129719,
              32.2447455
            ],
            [
              76.3131757,
              32.2447279
            ],
            [
              76.3131862,
              32.2448142
            ],
            [
              76.3129824,
              32.2448319
            ]
          ]
        ]
      },
      "id": "way/407698697"
    },
    {
      "type": "Feature",
      "properties": {
        "@id": "way/407698698",
        "building": "yes"
      },
      "geometry": {
        "type": "Polygon",
        "coordinates": [
          [
            [
              76.3137075,
              32.2446236
            ],
            [
              76.3136705,
              32.2444305
            ],
            [
              76.3137697,
              32.2444169
            ],
            [
              76.3138067,
              32.24461
            ],
            [
              76.3137075,
              32.2446236
            ]
          ]
        ]
      },
      "id": "way/407698698"
    },
    {
      "type": "Feature",
      "properties": {
        "@id": "way/407698699",
        "building": "school"
      },
      "geometry": {
        "type": "Polygon",
        "coordinates": [
          [
            [
              76.3127724,
              32.2455249
            ],
            [
              76.3126932,
              32.2453402
            ],
            [
              76.3131171,
              32.2452101
            ],
            [
              76.3131962,
              32.2453947
            ],
            [
              76.3127724,
              32.2455249
            ]
          ]
        ]
      },
      "id": "way/407698699"
    },
    {
      "type": "Feature",
      "properties": {
        "@id": "way/407698700",
        "building": "yes"
      },
      "geometry": {
        "type": "Polygon",
        "coordinates": [
          [
            [
              76.3124859,
              32.2448791
            ],
            [
              76.3124776,
              32.2447935
            ],
            [
              76.3126352,
              32.2447825
            ],
            [
              76.3126434,
              32.2448682
            ],
            [
              76.3124859,
              32.2448791
            ]
          ]
        ]
      },
      "id": "way/407698700"
    },
    {
      "type": "Feature",
      "properties": {
        "@id": "way/407698701",
        "building": "yes"
      },
      "geometry": {
        "type": "Polygon",
        "coordinates": [
          [
            [
              76.3113243,
              32.2445295
            ],
            [
              76.3113811,
              32.2444663
            ],
            [
              76.3115152,
              32.2445525
            ],
            [
              76.3114585,
              32.2446157
            ],
            [
              76.3113243,
              32.2445295
            ]
          ]
        ]
      },
      "id": "way/407698701"
    },
    {
      "type": "Feature",
      "properties": {
        "@id": "way/407698702",
        "building": "yes"
      },
      "geometry": {
        "type": "Polygon",
        "coordinates": [
          [
            [
              76.3127164,
              32.2448652
            ],
            [
              76.3127014,
              32.2447645
            ],
            [
              76.3129118,
              32.244742
            ],
            [
              76.3129268,
              32.2448427
            ],
            [
              76.3127164,
              32.2448652
            ]
          ]
        ]
      },
      "id": "way/407698702"
    },
    {
      "type": "Feature",
      "properties": {
        "@id": "way/407698703",
        "building": "yes"
      },
      "geometry": {
        "type": "Polygon",
        "coordinates": [
          [
            [
              76.3135546,
              32.2448914
            ],
            [
              76.3135063,
              32.244787
            ],
            [
              76.3138772,
              32.2446642
            ],
            [
              76.3139255,
              32.2447686
            ],
            [
              76.3135546,
              32.2448914
            ]
          ]
        ]
      },
      "id": "way/407698703"
    },
    {
      "type": "Feature",
      "properties": {
        "@id": "way/407698704",
        "building": "hotel",
        "building:levels": "4",
        "roof:levels": "1",
        "roof:shape": "gabled"
      },
      "geometry": {
        "type": "Polygon",
        "coordinates": [
          [
            [
              76.3084886,
              32.2466494
            ],
            [
              76.3085503,
              32.2466035
            ],
            [
              76.3086187,
              32.2466693
            ],
            [
              76.308557,
              32.2467152
            ],
            [
              76.3084886,
              32.2466494
            ]
          ]
        ]
      },
      "id": "way/407698704"
    },
    {
      "type": "Feature",
      "properties": {
        "@id": "way/407698705",
        "building": "yes"
      },
      "geometry": {
        "type": "Polygon",
        "coordinates": [
          [
            [
              76.3100054,
              32.245915
            ],
            [
              76.3100323,
              32.2458337
            ],
            [
              76.3101973,
              32.2458728
            ],
            [
              76.3101703,
              32.2459541
            ],
            [
              76.3100054,
              32.245915
            ]
          ]
        ]
      },
      "id": "way/407698705"
    },
    {
      "type": "Feature",
      "properties": {
        "@id": "way/407698706",
        "building": "yes"
      },
      "geometry": {
        "type": "Polygon",
        "coordinates": [
          [
            [
              76.3124656,
              32.2445193
            ],
            [
              76.3124308,
              32.2443695
            ],
            [
              76.3127462,
              32.244317
            ],
            [
              76.3127811,
              32.2444667
            ],
            [
              76.3124656,
              32.2445193
            ]
          ]
        ]
      },
      "id": "way/407698706"
    },
    {
      "type": "Feature",
      "properties": {
        "@id": "way/407698707",
        "building": "yes"
      },
      "geometry": {
        "type": "Polygon",
        "coordinates": [
          [
            [
              76.3104526,
              32.2435268
            ],
            [
              76.3105632,
              32.2434356
            ],
            [
              76.3106665,
              32.2435252
            ],
            [
              76.3105986,
              32.2435811
            ],
            [
              76.3105907,
              32.2435877
            ],
            [
              76.3105424,
              32.2435458
            ],
            [
              76.3105076,
              32.2435745
            ],
            [
              76.3104526,
              32.2435268
            ]
          ]
        ]
      },
      "id": "way/407698707"
    },
    {
      "type": "Feature",
      "properties": {
        "@id": "way/407701275",
        "building": "yes"
      },
      "geometry": {
        "type": "Polygon",
        "coordinates": [
          [
            [
              76.311878,
              32.2455198
            ],
            [
              76.3119931,
              32.2456228
            ],
            [
              76.3118867,
              32.2457078
            ],
            [
              76.3117716,
              32.2456047
            ],
            [
              76.311878,
              32.2455198
            ]
          ]
        ]
      },
      "id": "way/407701275"
    },
    {
      "type": "Feature",
      "properties": {
        "@id": "way/407701276",
        "building": "yes"
      },
      "geometry": {
        "type": "Polygon",
        "coordinates": [
          [
            [
              76.3116113,
              32.2448686
            ],
            [
              76.3116706,
              32.2447984
            ],
            [
              76.3117269,
              32.2448325
            ],
            [
              76.3116677,
              32.2449026
            ],
            [
              76.3116113,
              32.2448686
            ]
          ]
        ]
      },
      "id": "way/407701276"
    },
    {
      "type": "Feature",
      "properties": {
        "@id": "way/407701277",
        "building": "yes"
      },
      "geometry": {
        "type": "Polygon",
        "coordinates": [
          [
            [
              76.3106623,
              32.2449065
            ],
            [
              76.3107811,
              32.2449402
            ],
            [
              76.3106908,
              32.2451677
            ],
            [
              76.310572,
              32.245134
            ],
            [
              76.3106623,
              32.2449065
            ]
          ]
        ]
      },
      "id": "way/407701277"
    },
    {
      "type": "Feature",
      "properties": {
        "@id": "way/407701278",
        "building": "yes"
      },
      "geometry": {
        "type": "Polygon",
        "coordinates": [
          [
            [
              76.31178,
              32.2456301
            ],
            [
              76.3118566,
              32.2456981
            ],
            [
              76.3117477,
              32.2457859
            ],
            [
              76.3116711,
              32.245718
            ],
            [
              76.31178,
              32.2456301
            ]
          ]
        ]
      },
      "id": "way/407701278"
    },
    {
      "type": "Feature",
      "properties": {
        "@id": "way/407701279",
        "building": "yes"
      },
      "geometry": {
        "type": "Polygon",
        "coordinates": [
          [
            [
              76.3117307,
              32.2448153
            ],
            [
              76.3116891,
              32.2447756
            ],
            [
              76.311745,
              32.2447337
            ],
            [
              76.3117866,
              32.2447734
            ],
            [
              76.3117307,
              32.2448153
            ]
          ]
        ]
      },
      "id": "way/407701279"
    },
    {
      "type": "Feature",
      "properties": {
        "@id": "way/407701280",
        "building": "yes"
      },
      "geometry": {
        "type": "Polygon",
        "coordinates": [
          [
            [
              76.3115601,
              32.2457899
            ],
            [
              76.3116315,
              32.2458526
            ],
            [
              76.3115225,
              32.2459414
            ],
            [
              76.3114511,
              32.2458787
            ],
            [
              76.3115601,
              32.2457899
            ]
          ]
        ]
      },
      "id": "way/407701280"
    },
    {
      "type": "Feature",
      "properties": {
        "@id": "way/407701281",
        "building": "yes"
      },
      "geometry": {
        "type": "Polygon",
        "coordinates": [
          [
            [
              76.3105211,
              32.2448641
            ],
            [
              76.3105975,
              32.2448856
            ],
            [
              76.3105296,
              32.2450578
            ],
            [
              76.3104532,
              32.2450362
            ],
            [
              76.3105211,
              32.2448641
            ]
          ]
        ]
      },
      "id": "way/407701281"
    },
    {
      "type": "Feature",
      "properties": {
        "@id": "way/407701282",
        "building": "yes"
      },
      "geometry": {
        "type": "Polygon",
        "coordinates": [
          [
            [
              76.311846,
              32.2447813
            ],
            [
              76.3118179,
              32.2447314
            ],
            [
              76.3118908,
              32.244702
            ],
            [
              76.3119189,
              32.2447519
            ],
            [
              76.311846,
              32.2447813
            ]
          ]
        ]
      },
      "id": "way/407701282"
    },
    {
      "type": "Feature",
      "properties": {
        "@id": "way/407701283",
        "building": "yes"
      },
      "geometry": {
        "type": "Polygon",
        "coordinates": [
          [
            [
              76.3104566,
              32.2452248
            ],
            [
              76.3104944,
              32.2451486
            ],
            [
              76.3106352,
              32.2451985
            ],
            [
              76.3105975,
              32.2452747
            ],
            [
              76.3104566,
              32.2452248
            ]
          ]
        ]
      },
      "id": "way/407701283"
    },
    {
      "type": "Feature",
      "properties": {
        "@id": "way/407701284",
        "building": "yes"
      },
      "geometry": {
        "type": "Polygon",
        "coordinates": [
          [
            [
              76.3102367,
              32.2443962
            ],
            [
              76.3104118,
              32.2443001
            ],
            [
              76.3104762,
              32.2443841
            ],
            [
              76.3103011,
              32.2444801
            ],
            [
              76.3102367,
              32.2443962
            ]
          ]
        ]
      },
      "id": "way/407701284"
    },
    {
      "type": "Feature",
      "properties": {
        "@id": "way/407701285",
        "building": "yes"
      },
      "geometry": {
        "type": "Polygon",
        "coordinates": [
          [
            [
              76.3120029,
              32.2453893
            ],
            [
              76.3120288,
              32.2451089
            ],
            [
              76.3122005,
              32.2451202
            ],
            [
              76.3121746,
              32.2454006
            ],
            [
              76.3120029,
              32.2453893
            ]
          ]
        ]
      },
      "id": "way/407701285"
    },
    {
      "type": "Feature",
      "properties": {
        "@id": "way/407701286",
        "building": "yes"
      },
      "geometry": {
        "type": "Polygon",
        "coordinates": [
          [
            [
              76.3119627,
              32.2450059
            ],
            [
              76.3119333,
              32.2449306
            ],
            [
              76.3120875,
              32.2448875
            ],
            [
              76.3121169,
              32.2449628
            ],
            [
              76.3119627,
              32.2450059
            ]
          ]
        ]
      },
      "id": "way/407701286"
    },
    {
      "type": "Feature",
      "properties": {
        "@id": "way/407701287",
        "building": "hotel"
      },
      "geometry": {
        "type": "Polygon",
        "coordinates": [
          [
            [
              76.3104338,
              32.2444217
            ],
            [
              76.3105073,
              32.2444821
            ],
            [
              76.3104077,
              32.244569
            ],
            [
              76.3103341,
              32.2445087
            ],
            [
              76.3104338,
              32.2444217
            ]
          ]
        ]
      },
      "id": "way/407701287"
    },
    {
      "type": "Feature",
      "properties": {
        "@id": "way/407701288",
        "building": "yes"
      },
      "geometry": {
        "type": "Polygon",
        "coordinates": [
          [
            [
              76.3112023,
              32.2450399
            ],
            [
              76.3112761,
              32.2450535
            ],
            [
              76.3112513,
              32.2451496
            ],
            [
              76.3111775,
              32.245136
            ],
            [
              76.3112023,
              32.2450399
            ]
          ]
        ]
      },
      "id": "way/407701288"
    },
    {
      "type": "Feature",
      "properties": {
        "@id": "way/407701289",
        "building": "yes"
      },
      "geometry": {
        "type": "Polygon",
        "coordinates": [
          [
            [
              76.3119189,
              32.2454753
            ],
            [
              76.3119797,
              32.2454346
            ],
            [
              76.3120765,
              32.2455378
            ],
            [
              76.3120158,
              32.2455785
            ],
            [
              76.3119189,
              32.2454753
            ]
          ]
        ]
      },
      "id": "way/407701289"
    },
    {
      "type": "Feature",
      "properties": {
        "@id": "way/407701290",
        "building": "yes"
      },
      "geometry": {
        "type": "Polygon",
        "coordinates": [
          [
            [
              76.3117803,
              32.2450093
            ],
            [
              76.3118715,
              32.2450115
            ],
            [
              76.311865,
              32.2452002
            ],
            [
              76.3117738,
              32.2451979
            ],
            [
              76.3117803,
              32.2450093
            ]
          ]
        ]
      },
      "id": "way/407701290"
    },
    {
      "type": "Feature",
      "properties": {
        "@id": "way/407701291",
        "building": "yes"
      },
      "geometry": {
        "type": "Polygon",
        "coordinates": [
          [
            [
              76.3111715,
              32.2451556
            ],
            [
              76.3112264,
              32.2451703
            ],
            [
              76.3112047,
              32.2452282
            ],
            [
              76.3111498,
              32.2452135
            ],
            [
              76.3111715,
              32.2451556
            ]
          ]
        ]
      },
      "id": "way/407701291"
    },
    {
      "type": "Feature",
      "properties": {
        "@id": "way/407703742",
        "building": "yes"
      },
      "geometry": {
        "type": "Polygon",
        "coordinates": [
          [
            [
              76.3101358,
              32.2460398
            ],
            [
              76.3101964,
              32.2459606
            ],
            [
              76.3102648,
              32.245998
            ],
            [
              76.3102042,
              32.2460772
            ],
            [
              76.3101358,
              32.2460398
            ]
          ]
        ]
      },
      "id": "way/407703742"
    },
    {
      "type": "Feature",
      "properties": {
        "@id": "way/407703743",
        "building": "yes"
      },
      "geometry": {
        "type": "Polygon",
        "coordinates": [
          [
            [
              76.3094042,
              32.2445765
            ],
            [
              76.3094145,
              32.2444753
            ],
            [
              76.3094614,
              32.2444787
            ],
            [
              76.3094512,
              32.2445799
            ],
            [
              76.3094042,
              32.2445765
            ]
          ]
        ]
      },
      "id": "way/407703743"
    },
    {
      "type": "Feature",
      "properties": {
        "@id": "way/407703744",
        "building": "yes"
      },
      "geometry": {
        "type": "Polygon",
        "coordinates": [
          [
            [
              76.3096201,
              32.2446866
            ],
            [
              76.3096901,
              32.2446029
            ],
            [
              76.3097679,
              32.2446494
            ],
            [
              76.3096979,
              32.2447331
            ],
            [
              76.3096201,
              32.2446866
            ]
          ]
        ]
      },
      "id": "way/407703744"
    },
    {
      "type": "Feature",
      "properties": {
        "@id": "way/407703745",
        "building": "yes"
      },
      "geometry": {
        "type": "Polygon",
        "coordinates": [
          [
            [
              76.3090461,
              32.24404
            ],
            [
              76.3090958,
              32.2440536
            ],
            [
              76.3090603,
              32.2441462
            ],
            [
              76.3090107,
              32.2441326
            ],
            [
              76.3090461,
              32.24404
            ]
          ]
        ]
      },
      "id": "way/407703745"
    },
    {
      "type": "Feature",
      "properties": {
        "@id": "way/407703746",
        "building": "yes"
      },
      "geometry": {
        "type": "Polygon",
        "coordinates": [
          [
            [
              76.3128757,
              32.2442521
            ],
            [
              76.3128659,
              32.2441732
            ],
            [
              76.3130591,
              32.2441562
            ],
            [
              76.3130688,
              32.2442351
            ],
            [
              76.3128757,
              32.2442521
            ]
          ]
        ]
      },
      "id": "way/407703746"
    },
    {
      "type": "Feature",
      "properties": {
        "@id": "way/407703747",
        "building": "yes"
      },
      "geometry": {
        "type": "Polygon",
        "coordinates": [
          [
            [
              76.310231,
              32.246076
            ],
            [
              76.3102891,
              32.2459859
            ],
            [
              76.3103334,
              32.2460063
            ],
            [
              76.3102753,
              32.2460965
            ],
            [
              76.310231,
              32.246076
            ]
          ]
        ]
      },
      "id": "way/407703747"
    },
    {
      "type": "Feature",
      "properties": {
        "@id": "way/407703748",
        "building": "yes"
      },
      "geometry": {
        "type": "Polygon",
        "coordinates": [
          [
            [
              76.3093921,
              32.2450008
            ],
            [
              76.309412,
              32.2449284
            ],
            [
              76.3094697,
              32.2449398
            ],
            [
              76.3094498,
              32.2450121
            ],
            [
              76.3093921,
              32.2450008
            ]
          ]
        ]
      },
      "id": "way/407703748"
    },
    {
      "type": "Feature",
      "properties": {
        "@id": "way/407703749",
        "building": "yes"
      },
      "geometry": {
        "type": "Polygon",
        "coordinates": [
          [
            [
              76.3098065,
              32.2444359
            ],
            [
              76.309893,
              32.2442964
            ],
            [
              76.3099493,
              32.2443213
            ],
            [
              76.3098629,
              32.2444608
            ],
            [
              76.3098065,
              32.2444359
            ]
          ]
        ]
      },
      "id": "way/407703749"
    },
    {
      "type": "Feature",
      "properties": {
        "@id": "way/407703750",
        "building": "yes"
      },
      "geometry": {
        "type": "Polygon",
        "coordinates": [
          [
            [
              76.3092647,
              32.2445992
            ],
            [
              76.3092708,
              32.2444962
            ],
            [
              76.3093513,
              32.2444996
            ],
            [
              76.3093452,
              32.2446026
            ],
            [
              76.3092647,
              32.2445992
            ]
          ]
        ]
      },
      "id": "way/407703750"
    },
    {
      "type": "Feature",
      "properties": {
        "@id": "way/407703751",
        "building": "yes"
      },
      "geometry": {
        "type": "Polygon",
        "coordinates": [
          [
            [
              76.309195,
              32.2453694
            ],
            [
              76.3092074,
              32.2452823
            ],
            [
              76.3092744,
              32.2452891
            ],
            [
              76.3092621,
              32.2453762
            ],
            [
              76.309195,
              32.2453694
            ]
          ]
        ]
      },
      "id": "way/407703751"
    },
    {
      "type": "Feature",
      "properties": {
        "@id": "way/407703752",
        "building": "yes"
      },
      "geometry": {
        "type": "Polygon",
        "coordinates": [
          [
            [
              76.3097274,
              32.2445981
            ],
            [
              76.3097691,
              32.2445084
            ],
            [
              76.309851,
              32.2445356
            ],
            [
              76.3098092,
              32.2446253
            ],
            [
              76.3097274,
              32.2445981
            ]
          ]
        ]
      },
      "id": "way/407703752"
    },
    {
      "type": "Feature",
      "properties": {
        "@id": "way/407703753",
        "building": "yes"
      },
      "geometry": {
        "type": "Polygon",
        "coordinates": [
          [
            [
              76.311607,
              32.2439561
            ],
            [
              76.3117564,
              32.2438087
            ],
            [
              76.3118502,
              32.2438767
            ],
            [
              76.3117009,
              32.2440242
            ],
            [
              76.311607,
              32.2439561
            ]
          ]
        ]
      },
      "id": "way/407703753"
    },
    {
      "type": "Feature",
      "properties": {
        "@id": "way/407703754",
        "building": "yes"
      },
      "geometry": {
        "type": "Polygon",
        "coordinates": [
          [
            [
              76.3091615,
              32.2441852
            ],
            [
              76.3092326,
              32.2441841
            ],
            [
              76.3092348,
              32.2442826
            ],
            [
              76.3091637,
              32.2442837
            ],
            [
              76.3091615,
              32.2441852
            ]
          ]
        ]
      },
      "id": "way/407703754"
    },
    {
      "type": "Feature",
      "properties": {
        "@id": "way/407703755",
        "building": "yes"
      },
      "geometry": {
        "type": "Polygon",
        "coordinates": [
          [
            [
              76.3129427,
              32.2443565
            ],
            [
              76.3129345,
              32.2442895
            ],
            [
              76.3131156,
              32.2442736
            ],
            [
              76.3131238,
              32.2443406
            ],
            [
              76.3129427,
              32.2443565
            ]
          ]
        ]
      },
      "id": "way/407703755"
    },
    {
      "type": "Feature",
      "properties": {
        "@id": "way/407703756",
        "building": "yes"
      },
      "geometry": {
        "type": "Polygon",
        "coordinates": [
          [
            [
              76.3090046,
              32.2447149
            ],
            [
              76.3089885,
              32.2446009
            ],
            [
              76.309124,
              32.2445872
            ],
            [
              76.30914,
              32.2447013
            ],
            [
              76.3090046,
              32.2447149
            ]
          ]
        ]
      },
      "id": "way/407703756"
    },
    {
      "type": "Feature",
      "properties": {
        "@id": "way/407703757",
        "building": "yes"
      },
      "geometry": {
        "type": "Polygon",
        "coordinates": [
          [
            [
              76.3121488,
              32.2438858
            ],
            [
              76.3121994,
              32.2437462
            ],
            [
              76.3124703,
              32.2438165
            ],
            [
              76.3124197,
              32.2439561
            ],
            [
              76.3121488,
              32.2438858
            ]
          ]
        ]
      },
      "id": "way/407703757"
    },
    {
      "type": "Feature",
      "properties": {
        "@id": "way/407703758",
        "building": "yes"
      },
      "geometry": {
        "type": "Polygon",
        "coordinates": [
          [
            [
              76.3093818,
              32.2442927
            ],
            [
              76.3093732,
              32.2441761
            ],
            [
              76.3094207,
              32.2441736
            ],
            [
              76.3094293,
              32.2442902
            ],
            [
              76.3093818,
              32.2442927
            ]
          ]
        ]
      },
      "id": "way/407703758"
    },
    {
      "type": "Feature",
      "properties": {
        "@id": "way/407703759",
        "building": "yes"
      },
      "geometry": {
        "type": "Polygon",
        "coordinates": [
          [
            [
              76.313156,
              32.2442238
            ],
            [
              76.3131374,
              32.2441251
            ],
            [
              76.3133399,
              32.2440978
            ],
            [
              76.3133585,
              32.2441966
            ],
            [
              76.313156,
              32.2442238
            ]
          ]
        ]
      },
      "id": "way/407703759"
    },
    {
      "type": "Feature",
      "properties": {
        "@id": "way/407703760",
        "building": "yes"
      },
      "geometry": {
        "type": "Polygon",
        "coordinates": [
          [
            [
              76.3099682,
              32.2461157
            ],
            [
              76.3099989,
              32.2459953
            ],
            [
              76.3101076,
              32.2460151
            ],
            [
              76.3100768,
              32.2461356
            ],
            [
              76.3099682,
              32.2461157
            ]
          ]
        ]
      },
      "id": "way/407703760"
    },
    {
      "type": "Feature",
      "properties": {
        "@id": "way/407703761",
        "building": "yes"
      },
      "geometry": {
        "type": "Polygon",
        "coordinates": [
          [
            [
              76.309435,
              32.2448517
            ],
            [
              76.3094659,
              32.2447669
            ],
            [
              76.3095062,
              32.2447774
            ],
            [
              76.3094752,
              32.2448622
            ],
            [
              76.309435,
              32.2448517
            ]
          ]
        ]
      },
      "id": "way/407703761"
    },
    {
      "type": "Feature",
      "properties": {
        "@id": "way/407703762",
        "building": "yes"
      },
      "geometry": {
        "type": "Polygon",
        "coordinates": [
          [
            [
              76.3092446,
              32.244724
            ],
            [
              76.3092643,
              32.2446149
            ],
            [
              76.3093434,
              32.2446251
            ],
            [
              76.3093238,
              32.2447342
            ],
            [
              76.3092446,
              32.244724
            ]
          ]
        ]
      },
      "id": "way/407703762"
    },
    {
      "type": "Feature",
      "properties": {
        "@id": "way/407703763",
        "building": "yes"
      },
      "geometry": {
        "type": "Polygon",
        "coordinates": [
          [
            [
              76.3095098,
              32.2449067
            ],
            [
              76.3095445,
              32.244812
            ],
            [
              76.309584,
              32.2448223
            ],
            [
              76.3095494,
              32.244917
            ],
            [
              76.3095098,
              32.2449067
            ]
          ]
        ]
      },
      "id": "way/407703763"
    },
    {
      "type": "Feature",
      "properties": {
        "@id": "way/407703764",
        "building": "yes"
      },
      "geometry": {
        "type": "Polygon",
        "coordinates": [
          [
            [
              76.3094123,
              32.2443917
            ],
            [
              76.3094068,
              32.2443089
            ],
            [
              76.3094551,
              32.2443066
            ],
            [
              76.3094605,
              32.2443894
            ],
            [
              76.3094123,
              32.2443917
            ]
          ]
        ]
      },
      "id": "way/407703764"
    },
    {
      "type": "Feature",
      "properties": {
        "@id": "way/407703765",
        "building": "yes"
      },
      "geometry": {
        "type": "Polygon",
        "coordinates": [
          [
            [
              76.309144,
              32.2448647
            ],
            [
              76.3091698,
              32.2447416
            ],
            [
              76.309253,
              32.2447541
            ],
            [
              76.3092272,
              32.2448771
            ],
            [
              76.309144,
              32.2448647
            ]
          ]
        ]
      },
      "id": "way/407703765"
    },
    {
      "type": "Feature",
      "properties": {
        "@id": "way/407703766",
        "building": "yes"
      },
      "geometry": {
        "type": "Polygon",
        "coordinates": [
          [
            [
              76.3090931,
              32.2453342
            ],
            [
              76.3090997,
              32.2452781
            ],
            [
              76.3091674,
              32.2452837
            ],
            [
              76.3091608,
              32.2453399
            ],
            [
              76.3090931,
              32.2453342
            ]
          ]
        ]
      },
      "id": "way/407703766"
    },
    {
      "type": "Feature",
      "properties": {
        "@id": "way/407703767",
        "building": "yes"
      },
      "geometry": {
        "type": "Polygon",
        "coordinates": [
          [
            [
              76.3093372,
              32.2453785
            ],
            [
              76.3093595,
              32.2452808
            ],
            [
              76.3094427,
              32.2452944
            ],
            [
              76.3094203,
              32.2453921
            ],
            [
              76.3093372,
              32.2453785
            ]
          ]
        ]
      },
      "id": "way/407703767"
    },
    {
      "type": "Feature",
      "properties": {
        "@id": "way/407703768",
        "building": "yes"
      },
      "geometry": {
        "type": "Polygon",
        "coordinates": [
          [
            [
              76.309258,
              32.2448839
            ],
            [
              76.3092651,
              32.2447618
            ],
            [
              76.3093469,
              32.2447652
            ],
            [
              76.3093398,
              32.2448873
            ],
            [
              76.309258,
              32.2448839
            ]
          ]
        ]
      },
      "id": "way/407703768"
    },
    {
      "type": "Feature",
      "properties": {
        "@id": "way/407704446",
        "building": "yes"
      },
      "geometry": {
        "type": "Polygon",
        "coordinates": [
          [
            [
              76.3071398,
              32.24589
            ],
            [
              76.3071481,
              32.2457473
            ],
            [
              76.3073117,
              32.2457541
            ],
            [
              76.3073034,
              32.2458968
            ],
            [
              76.3071398,
              32.24589
            ]
          ]
        ]
      },
      "id": "way/407704446"
    },
    {
      "type": "Feature",
      "properties": {
        "@id": "way/407704448",
        "building": "yes"
      },
      "geometry": {
        "type": "Polygon",
        "coordinates": [
          [
            [
              76.3060266,
              32.2451777
            ],
            [
              76.3060336,
              32.2451027
            ],
            [
              76.306153,
              32.2451106
            ],
            [
              76.306146,
              32.2451857
            ],
            [
              76.3060266,
              32.2451777
            ]
          ]
        ]
      },
      "id": "way/407704448"
    },
    {
      "type": "Feature",
      "properties": {
        "@id": "way/407704450",
        "building": "yes"
      },
      "geometry": {
        "type": "Polygon",
        "coordinates": [
          [
            [
              76.3077969,
              32.2459706
            ],
            [
              76.3078274,
              32.2459103
            ],
            [
              76.3079655,
              32.2459602
            ],
            [
              76.307935,
              32.2460205
            ],
            [
              76.3077969,
              32.2459706
            ]
          ]
        ]
      },
      "id": "way/407704450"
    },
    {
      "type": "Feature",
      "properties": {
        "@id": "way/407704452",
        "building": "yes"
      },
      "geometry": {
        "type": "Polygon",
        "coordinates": [
          [
            [
              76.3058823,
              32.2451686
            ],
            [
              76.3058828,
              32.2450978
            ],
            [
              76.3060112,
              32.2450984
            ],
            [
              76.3060107,
              32.2451692
            ],
            [
              76.3058823,
              32.2451686
            ]
          ]
        ]
      },
      "id": "way/407704452"
    },
    {
      "type": "Feature",
      "properties": {
        "@id": "way/407704453",
        "building": "yes"
      },
      "geometry": {
        "type": "Polygon",
        "coordinates": [
          [
            [
              76.3074335,
              32.2454227
            ],
            [
              76.3074528,
              32.2453397
            ],
            [
              76.3075413,
              32.2453545
            ],
            [
              76.307522,
              32.2454375
            ],
            [
              76.3074335,
              32.2454227
            ]
          ]
        ]
      },
      "id": "way/407704453"
    },
    {
      "type": "Feature",
      "properties": {
        "@id": "way/407704456",
        "building": "yes"
      },
      "geometry": {
        "type": "Polygon",
        "coordinates": [
          [
            [
              76.3077186,
              32.24536
            ],
            [
              76.3077222,
              32.2452409
            ],
            [
              76.3077911,
              32.2452424
            ],
            [
              76.3077874,
              32.2453615
            ],
            [
              76.3077186,
              32.24536
            ]
          ]
        ]
      },
      "id": "way/407704456"
    },
    {
      "type": "Feature",
      "properties": {
        "@id": "way/407704457",
        "building": "yes"
      },
      "geometry": {
        "type": "Polygon",
        "coordinates": [
          [
            [
              76.3076118,
              32.245459
            ],
            [
              76.307621,
              32.2453306
            ],
            [
              76.3077095,
              32.2453351
            ],
            [
              76.3077003,
              32.2454635
            ],
            [
              76.3076118,
              32.245459
            ]
          ]
        ]
      },
      "id": "way/407704457"
    },
    {
      "type": "Feature",
      "properties": {
        "@id": "way/407868034",
        "building": "yes"
      },
      "geometry": {
        "type": "Polygon",
        "coordinates": [
          [
            [
              76.3292639,
              32.2463799
            ],
            [
              76.3292438,
              32.2463527
            ],
            [
              76.3292982,
              32.246324
            ],
            [
              76.3293183,
              32.2463512
            ],
            [
              76.3292639,
              32.2463799
            ]
          ]
        ]
      },
      "id": "way/407868034"
    },
    {
      "type": "Feature",
      "properties": {
        "@id": "way/407868037",
        "building": "yes"
      },
      "geometry": {
        "type": "Polygon",
        "coordinates": [
          [
            [
              76.3292656,
              32.2491413
            ],
            [
              76.3292808,
              32.2490557
            ],
            [
              76.3293787,
              32.2490682
            ],
            [
              76.3293635,
              32.2491537
            ],
            [
              76.3292656,
              32.2491413
            ]
          ]
        ]
      },
      "id": "way/407868037"
    },
    {
      "type": "Feature",
      "properties": {
        "@id": "way/407868040",
        "building": "yes"
      },
      "geometry": {
        "type": "Polygon",
        "coordinates": [
          [
            [
              76.3285904,
              32.2527721
            ],
            [
              76.3285434,
              32.2526984
            ],
            [
              76.3286133,
              32.2526665
            ],
            [
              76.3286603,
              32.2527403
            ],
            [
              76.3285904,
              32.2527721
            ]
          ]
        ]
      },
      "id": "way/407868040"
    },
    {
      "type": "Feature",
      "properties": {
        "@id": "way/407868043",
        "building": "yes"
      },
      "geometry": {
        "type": "Polygon",
        "coordinates": [
          [
            [
              76.3292025,
              32.2478995
            ],
            [
              76.3292095,
              32.2478121
            ],
            [
              76.3293288,
              32.2478189
            ],
            [
              76.3293219,
              32.2479064
            ],
            [
              76.3292025,
              32.2478995
            ]
          ]
        ]
      },
      "id": "way/407868043"
    },
    {
      "type": "Feature",
      "properties": {
        "@id": "way/407868044",
        "building": "yes"
      },
      "geometry": {
        "type": "Polygon",
        "coordinates": [
          [
            [
              76.3260998,
              32.2473258
            ],
            [
              76.3260674,
              32.2472735
            ],
            [
              76.3261237,
              32.2472485
            ],
            [
              76.3261561,
              32.2473008
            ],
            [
              76.3260998,
              32.2473258
            ]
          ]
        ]
      },
      "id": "way/407868044"
    },
    {
      "type": "Feature",
      "properties": {
        "@id": "way/407868046",
        "building": "yes"
      },
      "geometry": {
        "type": "Polygon",
        "coordinates": [
          [
            [
              76.3291033,
              32.2516254
            ],
            [
              76.329061,
              32.2515705
            ],
            [
              76.3291227,
              32.2515365
            ],
            [
              76.329165,
              32.2515914
            ],
            [
              76.3291033,
              32.2516254
            ]
          ]
        ]
      },
      "id": "way/407868046"
    },
    {
      "type": "Feature",
      "properties": {
        "@id": "way/407868048",
        "building": "yes"
      },
      "geometry": {
        "type": "Polygon",
        "coordinates": [
          [
            [
              76.3258768,
              32.2471434
            ],
            [
              76.3257283,
              32.247188
            ],
            [
              76.3256912,
              32.2470997
            ],
            [
              76.3258397,
              32.2470551
            ],
            [
              76.3258768,
              32.2471434
            ]
          ]
        ]
      },
      "id": "way/407868048"
    },
    {
      "type": "Feature",
      "properties": {
        "@id": "way/407868049",
        "building": "yes"
      },
      "geometry": {
        "type": "Polygon",
        "coordinates": [
          [
            [
              76.3293679,
              32.2478699
            ],
            [
              76.329374,
              32.2477984
            ],
            [
              76.3294257,
              32.2478016
            ],
            [
              76.3294196,
              32.2478731
            ],
            [
              76.3293679,
              32.2478699
            ]
          ]
        ]
      },
      "id": "way/407868049"
    },
    {
      "type": "Feature",
      "properties": {
        "@id": "way/407868051",
        "building": "yes"
      },
      "geometry": {
        "type": "Polygon",
        "coordinates": [
          [
            [
              76.3285169,
              32.2483649
            ],
            [
              76.328459,
              32.2482822
            ],
            [
              76.3285381,
              32.2482425
            ],
            [
              76.3285961,
              32.2483252
            ],
            [
              76.3285169,
              32.2483649
            ]
          ]
        ]
      },
      "id": "way/407868051"
    },
    {
      "type": "Feature",
      "properties": {
        "@id": "way/407868053",
        "building": "yes"
      },
      "geometry": {
        "type": "Polygon",
        "coordinates": [
          [
            [
              76.329271,
              32.2527528
            ],
            [
              76.32927,
              32.2526643
            ],
            [
              76.3294162,
              32.2526632
            ],
            [
              76.3294172,
              32.2527517
            ],
            [
              76.329271,
              32.2527528
            ]
          ]
        ]
      },
      "id": "way/407868053"
    },
    {
      "type": "Feature",
      "properties": {
        "@id": "way/407868054",
        "building": "yes"
      },
      "geometry": {
        "type": "Polygon",
        "coordinates": [
          [
            [
              76.3292881,
              32.2462994
            ],
            [
              76.3292385,
              32.2463289
            ],
            [
              76.3291926,
              32.2462737
            ],
            [
              76.3292422,
              32.2462442
            ],
            [
              76.3292881,
              32.2462994
            ]
          ]
        ]
      },
      "id": "way/407868054"
    },
    {
      "type": "Feature",
      "properties": {
        "@id": "way/407868056",
        "building": "yes"
      },
      "geometry": {
        "type": "Polygon",
        "coordinates": [
          [
            [
              76.329518,
              32.2490628
            ],
            [
              76.329519,
              32.2489735
            ],
            [
              76.3297295,
              32.2489751
            ],
            [
              76.3297285,
              32.2490644
            ],
            [
              76.329518,
              32.2490628
            ]
          ]
        ]
      },
      "id": "way/407868056"
    },
    {
      "type": "Feature",
      "properties": {
        "@id": "way/407868058",
        "building": "yes"
      },
      "geometry": {
        "type": "Polygon",
        "coordinates": [
          [
            [
              76.3284791,
              32.2524222
            ],
            [
              76.3284482,
              32.2523661
            ],
            [
              76.3285046,
              32.252344
            ],
            [
              76.3285354,
              32.2524001
            ],
            [
              76.3284791,
              32.2524222
            ]
          ]
        ]
      },
      "id": "way/407868058"
    },
    {
      "type": "Feature",
      "properties": {
        "@id": "way/407868060",
        "building": "yes"
      },
      "geometry": {
        "type": "Polygon",
        "coordinates": [
          [
            [
              76.3293652,
              32.246659
            ],
            [
              76.3294057,
              32.2465724
            ],
            [
              76.3295023,
              32.2466047
            ],
            [
              76.3294618,
              32.2466913
            ],
            [
              76.3293652,
              32.246659
            ]
          ]
        ]
      },
      "id": "way/407868060"
    },
    {
      "type": "Feature",
      "properties": {
        "@id": "way/407868062",
        "building": "yes"
      },
      "geometry": {
        "type": "Polygon",
        "coordinates": [
          [
            [
              76.3255585,
              32.2487389
            ],
            [
              76.3255168,
              32.248618
            ],
            [
              76.3255811,
              32.2486021
            ],
            [
              76.3256228,
              32.248723
            ],
            [
              76.3255585,
              32.2487389
            ]
          ]
        ]
      },
      "id": "way/407868062"
    },
    {
      "type": "Feature",
      "properties": {
        "@id": "way/407868064",
        "building": "yes"
      },
      "geometry": {
        "type": "Polygon",
        "coordinates": [
          [
            [
              76.3259832,
              32.247038
            ],
            [
              76.3259605,
              32.2469861
            ],
            [
              76.3260329,
              32.2469635
            ],
            [
              76.3260556,
              32.2470153
            ],
            [
              76.3259832,
              32.247038
            ]
          ]
        ]
      },
      "id": "way/407868064"
    },
    {
      "type": "Feature",
      "properties": {
        "@id": "way/407868066",
        "building": "yes"
      },
      "geometry": {
        "type": "Polygon",
        "coordinates": [
          [
            [
              76.3299048,
              32.2482745
            ],
            [
              76.330059,
              32.2482053
            ],
            [
              76.3301191,
              32.2483011
            ],
            [
              76.3299649,
              32.2483703
            ],
            [
              76.3299048,
              32.2482745
            ]
          ]
        ]
      },
      "id": "way/407868066"
    },
    {
      "type": "Feature",
      "properties": {
        "@id": "way/407868067",
        "building": "yes"
      },
      "geometry": {
        "type": "Polygon",
        "coordinates": [
          [
            [
              76.3295402,
              32.2507087
            ],
            [
              76.3294498,
              32.2507042
            ],
            [
              76.3294505,
              32.2506392
            ],
            [
              76.3297499,
              32.2505901
            ],
            [
              76.329766,
              32.2506785
            ],
            [
              76.3295402,
              32.2507087
            ]
          ]
        ]
      },
      "id": "way/407868067"
    },
    {
      "type": "Feature",
      "properties": {
        "@id": "way/407868069",
        "building": "yes"
      },
      "geometry": {
        "type": "Polygon",
        "coordinates": [
          [
            [
              76.3291884,
              32.2481192
            ],
            [
              76.3292039,
              32.2480609
            ],
            [
              76.3293058,
              32.2480802
            ],
            [
              76.3292904,
              32.2481385
            ],
            [
              76.3291884,
              32.2481192
            ]
          ]
        ]
      },
      "id": "way/407868069"
    },
    {
      "type": "Feature",
      "properties": {
        "@id": "way/407868072",
        "building": "yes"
      },
      "geometry": {
        "type": "Polygon",
        "coordinates": [
          [
            [
              76.3290439,
              32.2464203
            ],
            [
              76.3290084,
              32.2463638
            ],
            [
              76.3291769,
              32.246288
            ],
            [
              76.3292125,
              32.2463446
            ],
            [
              76.3290439,
              32.2464203
            ]
          ]
        ]
      },
      "id": "way/407868072"
    },
    {
      "type": "Feature",
      "properties": {
        "@id": "way/407868074",
        "building": "yes"
      },
      "geometry": {
        "type": "Polygon",
        "coordinates": [
          [
            [
              76.3289392,
              32.2507218
            ],
            [
              76.3289447,
              32.2506521
            ],
            [
              76.3290207,
              32.2506563
            ],
            [
              76.3290153,
              32.250726
            ],
            [
              76.3289392,
              32.2507218
            ]
          ]
        ]
      },
      "id": "way/407868074"
    },
    {
      "type": "Feature",
      "properties": {
        "@id": "way/407868076",
        "building": "yes"
      },
      "geometry": {
        "type": "Polygon",
        "coordinates": [
          [
            [
              76.3262153,
              32.2475287
            ],
            [
              76.3261594,
              32.2474597
            ],
            [
              76.3262563,
              32.2474004
            ],
            [
              76.3263298,
              32.247483
            ],
            [
              76.3262153,
              32.2475287
            ]
          ]
        ]
      },
      "id": "way/407868076"
    },
    {
      "type": "Feature",
      "properties": {
        "@id": "way/407868078",
        "building": "yes"
      },
      "geometry": {
        "type": "Polygon",
        "coordinates": [
          [
            [
              76.329436,
              32.2489588
            ],
            [
              76.3294487,
              32.2488942
            ],
            [
              76.329497,
              32.248901
            ],
            [
              76.3294843,
              32.2489656
            ],
            [
              76.329436,
              32.2489588
            ]
          ]
        ]
      },
      "id": "way/407868078"
    },
    {
      "type": "Feature",
      "properties": {
        "@id": "way/407868080",
        "building": "yes"
      },
      "geometry": {
        "type": "Polygon",
        "coordinates": [
          [
            [
              76.3284147,
              32.2525107
            ],
            [
              76.328397,
              32.2524573
            ],
            [
              76.3284734,
              32.2524391
            ],
            [
              76.3284911,
              32.2524925
            ],
            [
              76.3284147,
              32.2525107
            ]
          ]
        ]
      },
      "id": "way/407868080"
    },
    {
      "type": "Feature",
      "properties": {
        "@id": "way/407868082",
        "building": "yes"
      },
      "geometry": {
        "type": "Polygon",
        "coordinates": [
          [
            [
              76.3261852,
              32.2481253
            ],
            [
              76.3261459,
              32.2479752
            ],
            [
              76.3262217,
              32.247961
            ],
            [
              76.326261,
              32.2481111
            ],
            [
              76.3261852,
              32.2481253
            ]
          ]
        ]
      },
      "id": "way/407868082"
    },
    {
      "type": "Feature",
      "properties": {
        "@id": "way/407868084",
        "building": "yes"
      },
      "geometry": {
        "type": "Polygon",
        "coordinates": [
          [
            [
              76.329423,
              32.2506318
            ],
            [
              76.3294172,
              32.2505531
            ],
            [
              76.3295086,
              32.2505482
            ],
            [
              76.3295146,
              32.2506269
            ],
            [
              76.329423,
              32.2506318
            ]
          ]
        ]
      },
      "id": "way/407868084"
    },
    {
      "type": "Feature",
      "properties": {
        "@id": "way/407868086",
        "building": "yes"
      },
      "geometry": {
        "type": "Polygon",
        "coordinates": [
          [
            [
              76.3292223,
              32.2480282
            ],
            [
              76.3292365,
              32.2479549
            ],
            [
              76.3293103,
              32.2479651
            ],
            [
              76.3292961,
              32.2480384
            ],
            [
              76.3292223,
              32.2480282
            ]
          ]
        ]
      },
      "id": "way/407868086"
    },
    {
      "type": "Feature",
      "properties": {
        "@id": "way/407868088",
        "building": "yes"
      },
      "geometry": {
        "type": "Polygon",
        "coordinates": [
          [
            [
              76.3287835,
              32.250641
            ],
            [
              76.3287839,
              32.2505616
            ],
            [
              76.3289301,
              32.2505622
            ],
            [
              76.3289297,
              32.2506415
            ],
            [
              76.3287835,
              32.250641
            ]
          ]
        ]
      },
      "id": "way/407868088"
    },
    {
      "type": "Feature",
      "properties": {
        "@id": "way/407868090",
        "building": "yes"
      },
      "geometry": {
        "type": "Polygon",
        "coordinates": [
          [
            [
              76.3295737,
              32.2471654
            ],
            [
              76.3295442,
              32.2470622
            ],
            [
              76.3297821,
              32.2470136
            ],
            [
              76.3298116,
              32.2471168
            ],
            [
              76.3295737,
              32.2471654
            ]
          ]
        ]
      },
      "id": "way/407868090"
    },
    {
      "type": "Feature",
      "properties": {
        "@id": "way/407868092",
        "building": "yes"
      },
      "geometry": {
        "type": "Polygon",
        "coordinates": [
          [
            [
              76.3288302,
              32.2504399
            ],
            [
              76.3289273,
              32.2504344
            ],
            [
              76.3289339,
              32.2505171
            ],
            [
              76.3288368,
              32.2505226
            ],
            [
              76.3288302,
              32.2504399
            ]
          ]
        ]
      },
      "id": "way/407868092"
    },
    {
      "type": "Feature",
      "properties": {
        "@id": "way/407868094",
        "building": "yes"
      },
      "geometry": {
        "type": "Polygon",
        "coordinates": [
          [
            [
              76.3259212,
              32.2478633
            ],
            [
              76.3258983,
              32.2478029
            ],
            [
              76.3259734,
              32.2477825
            ],
            [
              76.3259963,
              32.2478428
            ],
            [
              76.3259212,
              32.2478633
            ]
          ]
        ]
      },
      "id": "way/407868094"
    },
    {
      "type": "Feature",
      "properties": {
        "@id": "way/407868096",
        "building": "yes"
      },
      "geometry": {
        "type": "Polygon",
        "coordinates": [
          [
            [
              76.3263866,
              32.2479653
            ],
            [
              76.3263682,
              32.247859
            ],
            [
              76.3264232,
              32.2478522
            ],
            [
              76.3264416,
              32.2479585
            ],
            [
              76.3263866,
              32.2479653
            ]
          ]
        ]
      },
      "id": "way/407868096"
    },
    {
      "type": "Feature",
      "properties": {
        "@id": "way/407868097",
        "building": "yes"
      },
      "geometry": {
        "type": "Polygon",
        "coordinates": [
          [
            [
              76.3254453,
              32.2485428
            ],
            [
              76.3253992,
              32.2484568
            ],
            [
              76.3254616,
              32.2484329
            ],
            [
              76.3255077,
              32.2485189
            ],
            [
              76.3254453,
              32.2485428
            ]
          ]
        ]
      },
      "id": "way/407868097"
    },
    {
      "type": "Feature",
      "properties": {
        "@id": "way/407868098",
        "building": "yes"
      },
      "geometry": {
        "type": "Polygon",
        "coordinates": [
          [
            [
              76.328131,
              32.2527143
            ],
            [
              76.3280836,
              32.2526579
            ],
            [
              76.3281534,
              32.252616
            ],
            [
              76.3282008,
              32.2526723
            ],
            [
              76.328131,
              32.2527143
            ]
          ]
        ]
      },
      "id": "way/407868098"
    },
    {
      "type": "Feature",
      "properties": {
        "@id": "way/407868099",
        "building": "yes"
      },
      "geometry": {
        "type": "Polygon",
        "coordinates": [
          [
            [
              76.330355,
              32.2529289
            ],
            [
              76.3302653,
              32.2528546
            ],
            [
              76.3303277,
              32.2528006
            ],
            [
              76.3304174,
              32.2528749
            ],
            [
              76.330355,
              32.2529289
            ]
          ]
        ]
      },
      "id": "way/407868099"
    },
    {
      "type": "Feature",
      "properties": {
        "@id": "way/407868100",
        "building": "yes"
      },
      "geometry": {
        "type": "Polygon",
        "coordinates": [
          [
            [
              76.3301851,
              32.248175
            ],
            [
              76.3301371,
              32.2480946
            ],
            [
              76.3302698,
              32.2480379
            ],
            [
              76.3303179,
              32.2481183
            ],
            [
              76.3301851,
              32.248175
            ]
          ]
        ]
      },
      "id": "way/407868100"
    },
    {
      "type": "Feature",
      "properties": {
        "@id": "way/407868101",
        "building": "yes"
      },
      "geometry": {
        "type": "Polygon",
        "coordinates": [
          [
            [
              76.3260963,
              32.2468955
            ],
            [
              76.3260014,
              32.2466839
            ],
            [
              76.3261187,
              32.2466463
            ],
            [
              76.3262136,
              32.2468579
            ],
            [
              76.3260963,
              32.2468955
            ]
          ]
        ]
      },
      "id": "way/407868101"
    },
    {
      "type": "Feature",
      "properties": {
        "@id": "way/407868102",
        "building": "yes"
      },
      "geometry": {
        "type": "Polygon",
        "coordinates": [
          [
            [
              76.3289488,
              32.2464457
            ],
            [
              76.3289248,
              32.2464028
            ],
            [
              76.3289986,
              32.2463734
            ],
            [
              76.3290225,
              32.2464162
            ],
            [
              76.3289488,
              32.2464457
            ]
          ]
        ]
      },
      "id": "way/407868102"
    },
    {
      "type": "Feature",
      "properties": {
        "@id": "way/407868103",
        "building": "yes"
      },
      "geometry": {
        "type": "Polygon",
        "coordinates": [
          [
            [
              76.3304652,
              32.2494325
            ],
            [
              76.3304547,
              32.2493591
            ],
            [
              76.3305432,
              32.24935
            ],
            [
              76.3305537,
              32.2494234
            ],
            [
              76.3304652,
              32.2494325
            ]
          ]
        ]
      },
      "id": "way/407868103"
    },
    {
      "type": "Feature",
      "properties": {
        "@id": "way/407868105",
        "building": "yes"
      },
      "geometry": {
        "type": "Polygon",
        "coordinates": [
          [
            [
              76.3263195,
              32.2481026
            ],
            [
              76.326302,
              32.2479541
            ],
            [
              76.3263556,
              32.2479496
            ],
            [
              76.3263732,
              32.248098
            ],
            [
              76.3263195,
              32.2481026
            ]
          ]
        ]
      },
      "id": "way/407868105"
    },
    {
      "type": "Feature",
      "properties": {
        "@id": "way/407868106",
        "building": "yes"
      },
      "geometry": {
        "type": "Polygon",
        "coordinates": [
          [
            [
              76.3292713,
              32.248608
            ],
            [
              76.3292817,
              32.2485175
            ],
            [
              76.3294295,
              32.2485297
            ],
            [
              76.329419,
              32.2486202
            ],
            [
              76.3292713,
              32.248608
            ]
          ]
        ]
      },
      "id": "way/407868106"
    },
    {
      "type": "Feature",
      "properties": {
        "@id": "way/407868107",
        "building": "yes"
      },
      "geometry": {
        "type": "Polygon",
        "coordinates": [
          [
            [
              76.3265813,
              32.2475225
            ],
            [
              76.3264956,
              32.2474176
            ],
            [
              76.3266312,
              32.2473382
            ],
            [
              76.326717,
              32.2474431
            ],
            [
              76.3265813,
              32.2475225
            ]
          ]
        ]
      },
      "id": "way/407868107"
    },
    {
      "type": "Feature",
      "properties": {
        "@id": "way/407868108",
        "building": "yes"
      },
      "geometry": {
        "type": "Polygon",
        "coordinates": [
          [
            [
              76.3282839,
              32.252602
            ],
            [
              76.3282323,
              32.2525105
            ],
            [
              76.3282913,
              32.2524867
            ],
            [
              76.3283429,
              32.2525782
            ],
            [
              76.3282839,
              32.252602
            ]
          ]
        ]
      },
      "id": "way/407868108"
    },
    {
      "type": "Feature",
      "properties": {
        "@id": "way/407868109",
        "building": "yes"
      },
      "geometry": {
        "type": "Polygon",
        "coordinates": [
          [
            [
              76.3304428,
              32.2476214
            ],
            [
              76.3304341,
              32.247525
            ],
            [
              76.3305575,
              32.247517
            ],
            [
              76.3305662,
              32.2476134
            ],
            [
              76.3304428,
              32.2476214
            ]
          ]
        ]
      },
      "id": "way/407868109"
    },
    {
      "type": "Feature",
      "properties": {
        "@id": "way/407868110",
        "building": "yes"
      },
      "geometry": {
        "type": "Polygon",
        "coordinates": [
          [
            [
              76.3306047,
              32.249251
            ],
            [
              76.3305857,
              32.2491849
            ],
            [
              76.3307399,
              32.2491531
            ],
            [
              76.3307589,
              32.2492192
            ],
            [
              76.3306047,
              32.249251
            ]
          ]
        ]
      },
      "id": "way/407868110"
    },
    {
      "type": "Feature",
      "properties": {
        "@id": "way/407868111",
        "building": "yes"
      },
      "geometry": {
        "type": "Polygon",
        "coordinates": [
          [
            [
              76.3259385,
              32.2487609
            ],
            [
              76.3259002,
              32.2486914
            ],
            [
              76.3259404,
              32.2486756
            ],
            [
              76.3259787,
              32.248745
            ],
            [
              76.3259385,
              32.2487609
            ]
          ]
        ]
      },
      "id": "way/407868111"
    },
    {
      "type": "Feature",
      "properties": {
        "@id": "way/407868112",
        "building": "yes"
      },
      "geometry": {
        "type": "Polygon",
        "coordinates": [
          [
            [
              76.3287677,
              32.2464718
            ],
            [
              76.3287303,
              32.2464484
            ],
            [
              76.3287947,
              32.2463747
            ],
            [
              76.3288321,
              32.2463981
            ],
            [
              76.3287677,
              32.2464718
            ]
          ]
        ]
      },
      "id": "way/407868112"
    },
    {
      "type": "Feature",
      "properties": {
        "@id": "way/407868113",
        "building": "yes"
      },
      "geometry": {
        "type": "Polygon",
        "coordinates": [
          [
            [
              76.3305819,
              32.2494177
            ],
            [
              76.3305674,
              32.2493346
            ],
            [
              76.330676,
              32.249321
            ],
            [
              76.3306905,
              32.2494041
            ],
            [
              76.3305819,
              32.2494177
            ]
          ]
        ]
      },
      "id": "way/407868113"
    },
    {
      "type": "Feature",
      "properties": {
        "@id": "way/407868114",
        "building": "yes"
      },
      "geometry": {
        "type": "Polygon",
        "coordinates": [
          [
            [
              76.3294715,
              32.2486226
            ],
            [
              76.329473,
              32.2485533
            ],
            [
              76.3296218,
              32.2485556
            ],
            [
              76.3296203,
              32.2486249
            ],
            [
              76.3294715,
              32.2486226
            ]
          ]
        ]
      },
      "id": "way/407868114"
    },
    {
      "type": "Feature",
      "properties": {
        "@id": "way/407868115",
        "building": "yes"
      },
      "geometry": {
        "type": "Polygon",
        "coordinates": [
          [
            [
              76.3269105,
              32.2475574
            ],
            [
              76.3268652,
              32.2474567
            ],
            [
              76.3269215,
              32.2474385
            ],
            [
              76.3269668,
              32.2475392
            ],
            [
              76.3269105,
              32.2475574
            ]
          ]
        ]
      },
      "id": "way/407868115"
    },
    {
      "type": "Feature",
      "properties": {
        "@id": "way/407868116",
        "building": "yes"
      },
      "geometry": {
        "type": "Polygon",
        "coordinates": [
          [
            [
              76.3293357,
              32.2496898
            ],
            [
              76.3293459,
              32.2496092
            ],
            [
              76.3294638,
              32.2496198
            ],
            [
              76.3294536,
              32.2497004
            ],
            [
              76.3293357,
              32.2496898
            ]
          ]
        ]
      },
      "id": "way/407868116"
    },
    {
      "type": "Feature",
      "properties": {
        "@id": "way/407868118",
        "building": "yes"
      },
      "geometry": {
        "type": "Polygon",
        "coordinates": [
          [
            [
              76.3259588,
              32.2479585
            ],
            [
              76.3259305,
              32.247873
            ],
            [
              76.3259975,
              32.2478572
            ],
            [
              76.3260258,
              32.2479427
            ],
            [
              76.3259588,
              32.2479585
            ]
          ]
        ]
      },
      "id": "way/407868118"
    },
    {
      "type": "Feature",
      "properties": {
        "@id": "way/407868119",
        "building": "yes"
      },
      "geometry": {
        "type": "Polygon",
        "coordinates": [
          [
            [
              76.3303516,
              32.2475261
            ],
            [
              76.3303456,
              32.247467
            ],
            [
              76.3303925,
              32.2474636
            ],
            [
              76.3303985,
              32.2475227
            ],
            [
              76.3303516,
              32.2475261
            ]
          ]
        ]
      },
      "id": "way/407868119"
    },
    {
      "type": "Feature",
      "properties": {
        "@id": "way/407868120",
        "building": "yes"
      },
      "geometry": {
        "type": "Polygon",
        "coordinates": [
          [
            [
              76.3307723,
              32.2491693
            ],
            [
              76.3307278,
              32.2490551
            ],
            [
              76.3308418,
              32.2490233
            ],
            [
              76.3308863,
              32.2491376
            ],
            [
              76.3307723,
              32.2491693
            ]
          ]
        ]
      },
      "id": "way/407868120"
    },
    {
      "type": "Feature",
      "properties": {
        "@id": "way/407868121",
        "building": "yes"
      },
      "geometry": {
        "type": "Polygon",
        "coordinates": [
          [
            [
              76.3259471,
              32.2489743
            ],
            [
              76.3259999,
              32.2488312
            ],
            [
              76.3260397,
              32.2488417
            ],
            [
              76.3259868,
              32.2489848
            ],
            [
              76.3259471,
              32.2489743
            ]
          ]
        ]
      },
      "id": "way/407868121"
    },
    {
      "type": "Feature",
      "properties": {
        "@id": "way/407868122",
        "building": "yes"
      },
      "geometry": {
        "type": "Polygon",
        "coordinates": [
          [
            [
              76.3262619,
              32.2482772
            ],
            [
              76.3262136,
              32.2481332
            ],
            [
              76.3263022,
              32.248112
            ],
            [
              76.3263505,
              32.248256
            ],
            [
              76.3262619,
              32.2482772
            ]
          ]
        ]
      },
      "id": "way/407868122"
    },
    {
      "type": "Feature",
      "properties": {
        "@id": "way/407868123",
        "building": "yes"
      },
      "geometry": {
        "type": "Polygon",
        "coordinates": [
          [
            [
              76.3284485,
              32.2464151
            ],
            [
              76.3284444,
              32.2463809
            ],
            [
              76.3285236,
              32.2463741
            ],
            [
              76.3285277,
              32.2464083
            ],
            [
              76.3284485,
              32.2464151
            ]
          ]
        ]
      },
      "id": "way/407868123"
    },
    {
      "type": "Feature",
      "properties": {
        "@id": "way/407868124",
        "building": "yes"
      },
      "geometry": {
        "type": "Polygon",
        "coordinates": [
          [
            [
              76.3295459,
              32.252374
            ],
            [
              76.3296264,
              32.2523354
            ],
            [
              76.329679,
              32.252414
            ],
            [
              76.3295986,
              32.2524526
            ],
            [
              76.3295459,
              32.252374
            ]
          ]
        ]
      },
      "id": "way/407868124"
    },
    {
      "type": "Feature",
      "properties": {
        "@id": "way/407868125",
        "building": "yes"
      },
      "geometry": {
        "type": "Polygon",
        "coordinates": [
          [
            [
              76.3280716,
              32.2529582
            ],
            [
              76.3281595,
              32.2528598
            ],
            [
              76.3282408,
              32.2529117
            ],
            [
              76.3281529,
              32.2530102
            ],
            [
              76.3280716,
              32.2529582
            ]
          ]
        ]
      },
      "id": "way/407868125"
    },
    {
      "type": "Feature",
      "properties": {
        "@id": "way/407868127",
        "building": "yes"
      },
      "geometry": {
        "type": "Polygon",
        "coordinates": [
          [
            [
              76.326135,
              32.2463161
            ],
            [
              76.3261576,
              32.2461774
            ],
            [
              76.3262891,
              32.2461927
            ],
            [
              76.3262666,
              32.2463314
            ],
            [
              76.326135,
              32.2463161
            ]
          ]
        ]
      },
      "id": "way/407868127"
    },
    {
      "type": "Feature",
      "properties": {
        "@id": "way/407868128",
        "building": "yes"
      },
      "geometry": {
        "type": "Polygon",
        "coordinates": [
          [
            [
              76.3305072,
              32.2505968
            ],
            [
              76.33044,
              32.2506074
            ],
            [
              76.3304078,
              32.250461
            ],
            [
              76.330475,
              32.2504505
            ],
            [
              76.3305072,
              32.2505968
            ]
          ]
        ]
      },
      "id": "way/407868128"
    },
    {
      "type": "Feature",
      "properties": {
        "@id": "way/407868129",
        "building": "yes",
        "internet_access": "wlan",
        "name": "Aju's place",
        "name:en": "Aju's place",
        "operator": "Aju",
        "phone": "+918350979662",
        "tourism": "guest_house"
      },
      "geometry": {
        "type": "Polygon",
        "coordinates": [
          [
            [
              76.3295779,
              32.249702
            ],
            [
              76.3295397,
              32.2496239
            ],
            [
              76.3297225,
              32.2495598
            ],
            [
              76.3297608,
              32.2496379
            ],
            [
              76.3295779,
              32.249702
            ]
          ]
        ]
      },
      "id": "way/407868129"
    },
    {
      "type": "Feature",
      "properties": {
        "@id": "way/407868130",
        "building": "yes"
      },
      "geometry": {
        "type": "Polygon",
        "coordinates": [
          [
            [
              76.3287312,
              32.2505202
            ],
            [
              76.3287312,
              32.2504538
            ],
            [
              76.3288049,
              32.2504538
            ],
            [
              76.3288049,
              32.2505202
            ],
            [
              76.3287312,
              32.2505202
            ]
          ]
        ]
      },
      "id": "way/407868130"
    },
    {
      "type": "Feature",
      "properties": {
        "@id": "way/407868131",
        "building": "yes"
      },
      "geometry": {
        "type": "Polygon",
        "coordinates": [
          [
            [
              76.3257311,
              32.247846
            ],
            [
              76.3257835,
              32.2478325
            ],
            [
              76.3258412,
              32.2479255
            ],
            [
              76.3257901,
              32.2479469
            ],
            [
              76.3257311,
              32.247846
            ]
          ]
        ]
      },
      "id": "way/407868131"
    },
    {
      "type": "Feature",
      "properties": {
        "@id": "way/407868132",
        "building": "yes"
      },
      "geometry": {
        "type": "Polygon",
        "coordinates": [
          [
            [
              76.3301048,
              32.2473049
            ],
            [
              76.3300477,
              32.247246
            ],
            [
              76.330167,
              32.2471632
            ],
            [
              76.3302242,
              32.2472221
            ],
            [
              76.3301048,
              32.2473049
            ]
          ]
        ]
      },
      "id": "way/407868132"
    },
    {
      "type": "Feature",
      "properties": {
        "@id": "way/407868133",
        "building": "yes"
      },
      "geometry": {
        "type": "Polygon",
        "coordinates": [
          [
            [
              76.3258466,
              32.2469106
            ],
            [
              76.3258224,
              32.246797
            ],
            [
              76.3259531,
              32.2467771
            ],
            [
              76.3259773,
              32.2468907
            ],
            [
              76.3258466,
              32.2469106
            ]
          ]
        ]
      },
      "id": "way/407868133"
    },
    {
      "type": "Feature",
      "properties": {
        "@id": "way/407868134",
        "building": "yes"
      },
      "geometry": {
        "type": "Polygon",
        "coordinates": [
          [
            [
              76.3293952,
              32.2501543
            ],
            [
              76.3293857,
              32.2500653
            ],
            [
              76.3294656,
              32.2500592
            ],
            [
              76.3294751,
              32.2501482
            ],
            [
              76.3293952,
              32.2501543
            ]
          ]
        ]
      },
      "id": "way/407868134"
    },
    {
      "type": "Feature",
      "properties": {
        "@id": "way/407868135",
        "building": "yes"
      },
      "geometry": {
        "type": "Polygon",
        "coordinates": [
          [
            [
              76.3259331,
              32.2491023
            ],
            [
              76.3259595,
              32.2490336
            ],
            [
              76.3260091,
              32.2490472
            ],
            [
              76.3259828,
              32.2491159
            ],
            [
              76.3259331,
              32.2491023
            ]
          ]
        ]
      },
      "id": "way/407868135"
    },
    {
      "type": "Feature",
      "properties": {
        "@id": "way/407868136",
        "building": "yes"
      },
      "geometry": {
        "type": "Polygon",
        "coordinates": [
          [
            [
              76.3294148,
              32.2480573
            ],
            [
              76.3294337,
              32.2479674
            ],
            [
              76.3295089,
              32.2479788
            ],
            [
              76.3294899,
              32.2480686
            ],
            [
              76.3294148,
              32.2480573
            ]
          ]
        ]
      },
      "id": "way/407868136"
    },
    {
      "type": "Feature",
      "properties": {
        "@id": "way/407868137",
        "building": "yes"
      },
      "geometry": {
        "type": "Polygon",
        "coordinates": [
          [
            [
              76.328765,
              32.2465705
            ],
            [
              76.3287946,
              32.2464838
            ],
            [
              76.3289716,
              32.2465269
            ],
            [
              76.3289421,
              32.2466136
            ],
            [
              76.328765,
              32.2465705
            ]
          ]
        ]
      },
      "id": "way/407868137"
    },
    {
      "type": "Feature",
      "properties": {
        "@id": "way/407868138",
        "building": "yes"
      },
      "geometry": {
        "type": "Polygon",
        "coordinates": [
          [
            [
              76.329397,
              32.2523814
            ],
            [
              76.3294849,
              32.2523054
            ],
            [
              76.3295343,
              32.2523463
            ],
            [
              76.3294465,
              32.2524222
            ],
            [
              76.329397,
              32.2523814
            ]
          ]
        ]
      },
      "id": "way/407868138"
    },
    {
      "type": "Feature",
      "properties": {
        "@id": "way/407868139",
        "building": "yes"
      },
      "geometry": {
        "type": "Polygon",
        "coordinates": [
          [
            [
              76.3261063,
              32.2464951
            ],
            [
              76.3261299,
              32.2463556
            ],
            [
              76.3262143,
              32.2463659
            ],
            [
              76.3261908,
              32.2465053
            ],
            [
              76.3261063,
              32.2464951
            ]
          ]
        ]
      },
      "id": "way/407868139"
    },
    {
      "type": "Feature",
      "properties": {
        "@id": "way/407868140",
        "building": "yes"
      },
      "geometry": {
        "type": "Polygon",
        "coordinates": [
          [
            [
              76.3303498,
              32.2527923
            ],
            [
              76.330325,
              32.2527497
            ],
            [
              76.3304536,
              32.2526962
            ],
            [
              76.3304784,
              32.2527388
            ],
            [
              76.3303498,
              32.2527923
            ]
          ]
        ]
      },
      "id": "way/407868140"
    },
    {
      "type": "Feature",
      "properties": {
        "@id": "way/407868141",
        "building": "yes"
      },
      "geometry": {
        "type": "Polygon",
        "coordinates": [
          [
            [
              76.3301993,
              32.250538
            ],
            [
              76.3302576,
              32.2504926
            ],
            [
              76.3303595,
              32.2505859
            ],
            [
              76.3303012,
              32.2506314
            ],
            [
              76.3301993,
              32.250538
            ]
          ]
        ]
      },
      "id": "way/407868141"
    },
    {
      "type": "Feature",
      "properties": {
        "@id": "way/407868142",
        "building": "yes"
      },
      "geometry": {
        "type": "Polygon",
        "coordinates": [
          [
            [
              76.325901,
              32.2488527
            ],
            [
              76.3258776,
              32.2488203
            ],
            [
              76.3259634,
              32.2487761
            ],
            [
              76.3259868,
              32.2488085
            ],
            [
              76.325901,
              32.2488527
            ]
          ]
        ]
      },
      "id": "way/407868142"
    },
    {
      "type": "Feature",
      "properties": {
        "@id": "way/407868143",
        "building": "yes"
      },
      "geometry": {
        "type": "Polygon",
        "coordinates": [
          [
            [
              76.3256168,
              32.2479052
            ],
            [
              76.3256722,
              32.247857
            ],
            [
              76.3257634,
              32.2479318
            ],
            [
              76.325708,
              32.2479801
            ],
            [
              76.3256168,
              32.2479052
            ]
          ]
        ]
      },
      "id": "way/407868143"
    },
    {
      "type": "Feature",
      "properties": {
        "@id": "way/407868144",
        "building": "yes"
      },
      "geometry": {
        "type": "Polygon",
        "coordinates": [
          [
            [
              76.3267617,
              32.2476012
            ],
            [
              76.3267309,
              32.2475322
            ],
            [
              76.3268235,
              32.2475027
            ],
            [
              76.3268542,
              32.2475717
            ],
            [
              76.3267617,
              32.2476012
            ]
          ]
        ]
      },
      "id": "way/407868144"
    },
    {
      "type": "Feature",
      "properties": {
        "@id": "way/407868145",
        "building": "yes"
      },
      "geometry": {
        "type": "Polygon",
        "coordinates": [
          [
            [
              76.3288133,
              32.2457606
            ],
            [
              76.3288414,
              32.2456711
            ],
            [
              76.3288869,
              32.2456813
            ],
            [
              76.3288589,
              32.2457708
            ],
            [
              76.3288133,
              32.2457606
            ]
          ]
        ]
      },
      "id": "way/407868145"
    },
    {
      "type": "Feature",
      "properties": {
        "@id": "way/407868146",
        "building": "yes"
      },
      "geometry": {
        "type": "Polygon",
        "coordinates": [
          [
            [
              76.3296228,
              32.2500003
            ],
            [
              76.3296731,
              32.2500627
            ],
            [
              76.3295242,
              32.2501488
            ],
            [
              76.3294738,
              32.2500865
            ],
            [
              76.3296228,
              32.2500003
            ]
          ]
        ]
      },
      "id": "way/407868146"
    },
    {
      "type": "Feature",
      "properties": {
        "@id": "way/407868147",
        "building": "yes"
      },
      "geometry": {
        "type": "Polygon",
        "coordinates": [
          [
            [
              76.3254973,
              32.2488459
            ],
            [
              76.3254837,
              32.2487719
            ],
            [
              76.325544,
              32.2487639
            ],
            [
              76.3255576,
              32.248838
            ],
            [
              76.3254973,
              32.2488459
            ]
          ]
        ]
      },
      "id": "way/407868147"
    },
    {
      "type": "Feature",
      "properties": {
        "@id": "way/407868148",
        "building": "yes"
      },
      "geometry": {
        "type": "Polygon",
        "coordinates": [
          [
            [
              76.3268389,
              32.2461979
            ],
            [
              76.3268246,
              32.2460134
            ],
            [
              76.3269219,
              32.246008
            ],
            [
              76.3269362,
              32.2461925
            ],
            [
              76.3268389,
              32.2461979
            ]
          ]
        ]
      },
      "id": "way/407868148"
    },
    {
      "type": "Feature",
      "properties": {
        "@id": "way/407868149",
        "building": "yes"
      },
      "geometry": {
        "type": "Polygon",
        "coordinates": [
          [
            [
              76.3260377,
              32.2488232
            ],
            [
              76.3260002,
              32.2487438
            ],
            [
              76.3260978,
              32.2487108
            ],
            [
              76.3261353,
              32.2487902
            ],
            [
              76.3260377,
              32.2488232
            ]
          ]
        ]
      },
      "id": "way/407868149"
    },
    {
      "type": "Feature",
      "properties": {
        "@id": "way/407868150",
        "building": "yes"
      },
      "geometry": {
        "type": "Polygon",
        "coordinates": [
          [
            [
              76.3255913,
              32.2480402
            ],
            [
              76.3256519,
              32.2479723
            ],
            [
              76.325723,
              32.2480177
            ],
            [
              76.3256624,
              32.2480856
            ],
            [
              76.3255913,
              32.2480402
            ]
          ]
        ]
      },
      "id": "way/407868150"
    },
    {
      "type": "Feature",
      "properties": {
        "@id": "way/407868151",
        "building": "yes"
      },
      "geometry": {
        "type": "Polygon",
        "coordinates": [
          [
            [
              76.3272959,
              32.2464713
            ],
            [
              76.3272473,
              32.2464172
            ],
            [
              76.3273868,
              32.2463276
            ],
            [
              76.3274353,
              32.2463816
            ],
            [
              76.3272959,
              32.2464713
            ]
          ]
        ]
      },
      "id": "way/407868151"
    },
    {
      "type": "Feature",
      "properties": {
        "@id": "way/407868152",
        "building": "yes"
      },
      "geometry": {
        "type": "Polygon",
        "coordinates": [
          [
            [
              76.3302762,
              32.249446
            ],
            [
              76.3302517,
              32.2493217
            ],
            [
              76.3303449,
              32.2493085
            ],
            [
              76.3303695,
              32.2494328
            ],
            [
              76.3302762,
              32.249446
            ]
          ]
        ]
      },
      "id": "way/407868152"
    },
    {
      "type": "Feature",
      "properties": {
        "@id": "way/407868153",
        "building": "yes"
      },
      "geometry": {
        "type": "Polygon",
        "coordinates": [
          [
            [
              76.330197,
              32.2528776
            ],
            [
              76.3301467,
              32.252835
            ],
            [
              76.3301843,
              32.2528033
            ],
            [
              76.3302346,
              32.2528458
            ],
            [
              76.330197,
              32.2528776
            ]
          ]
        ]
      },
      "id": "way/407868153"
    },
    {
      "type": "Feature",
      "properties": {
        "@id": "way/407868154",
        "building": "yes"
      },
      "geometry": {
        "type": "Polygon",
        "coordinates": [
          [
            [
              76.3269103,
              32.2478347
            ],
            [
              76.3268004,
              32.2476255
            ],
            [
              76.3268728,
              32.2475983
            ],
            [
              76.3269827,
              32.2478075
            ],
            [
              76.3269103,
              32.2478347
            ]
          ]
        ]
      },
      "id": "way/407868154"
    },
    {
      "type": "Feature",
      "properties": {
        "@id": "way/407868155",
        "building": "yes"
      },
      "geometry": {
        "type": "Polygon",
        "coordinates": [
          [
            [
              76.3255992,
              32.2488731
            ],
            [
              76.3255765,
              32.2487749
            ],
            [
              76.3256315,
              32.2487659
            ],
            [
              76.3256542,
              32.2488641
            ],
            [
              76.3255992,
              32.2488731
            ]
          ]
        ]
      },
      "id": "way/407868155"
    },
    {
      "type": "Feature",
      "properties": {
        "@id": "way/407868156",
        "building": "yes"
      },
      "geometry": {
        "type": "Polygon",
        "coordinates": [
          [
            [
              76.3270786,
              32.2459971
            ],
            [
              76.327107,
              32.2458986
            ],
            [
              76.327162,
              32.2459099
            ],
            [
              76.3271336,
              32.2460085
            ],
            [
              76.3270786,
              32.2459971
            ]
          ]
        ]
      },
      "id": "way/407868156"
    },
    {
      "type": "Feature",
      "properties": {
        "@id": "way/407868157",
        "building": "yes"
      },
      "geometry": {
        "type": "Polygon",
        "coordinates": [
          [
            [
              76.3289136,
              32.252075
            ],
            [
              76.3289459,
              32.2520478
            ],
            [
              76.3290053,
              32.2520982
            ],
            [
              76.328973,
              32.2521254
            ],
            [
              76.3289136,
              32.252075
            ]
          ]
        ]
      },
      "id": "way/407868157"
    },
    {
      "type": "Feature",
      "properties": {
        "@id": "way/407868158",
        "building": "yes"
      },
      "geometry": {
        "type": "Polygon",
        "coordinates": [
          [
            [
              76.3298922,
              32.2469363
            ],
            [
              76.3298771,
              32.2468634
            ],
            [
              76.3299267,
              32.246856
            ],
            [
              76.3299419,
              32.2469289
            ],
            [
              76.3298922,
              32.2469363
            ]
          ]
        ]
      },
      "id": "way/407868158"
    },
    {
      "type": "Feature",
      "properties": {
        "@id": "way/407868159",
        "building": "yes"
      },
      "geometry": {
        "type": "Polygon",
        "coordinates": [
          [
            [
              76.3257321,
              32.2469683
            ],
            [
              76.3257245,
              32.2468388
            ],
            [
              76.3257781,
              32.2468365
            ],
            [
              76.3257858,
              32.2469661
            ],
            [
              76.3257321,
              32.2469683
            ]
          ]
        ]
      },
      "id": "way/407868159"
    },
    {
      "type": "Feature",
      "properties": {
        "@id": "way/407868160",
        "building": "yes"
      },
      "geometry": {
        "type": "Polygon",
        "coordinates": [
          [
            [
              76.3270559,
              32.2466935
            ],
            [
              76.32712,
              32.246634
            ],
            [
              76.327171,
              32.2466734
            ],
            [
              76.3271069,
              32.2467329
            ],
            [
              76.3270559,
              32.2466935
            ]
          ]
        ]
      },
      "id": "way/407868160"
    },
    {
      "type": "Feature",
      "properties": {
        "@id": "way/407868163",
        "building": "yes"
      },
      "geometry": {
        "type": "Polygon",
        "coordinates": [
          [
            [
              76.3285169,
              32.2459138
            ],
            [
              76.3285397,
              32.2458242
            ],
            [
              76.3286457,
              32.2458435
            ],
            [
              76.3286229,
              32.245933
            ],
            [
              76.3285169,
              32.2459138
            ]
          ]
        ]
      },
      "id": "way/407868163"
    },
    {
      "type": "Feature",
      "properties": {
        "@id": "way/407868164",
        "building": "yes"
      },
      "geometry": {
        "type": "Polygon",
        "coordinates": [
          [
            [
              76.3268748,
              32.2464939
            ],
            [
              76.3268694,
              32.24644
            ],
            [
              76.3269485,
              32.2464343
            ],
            [
              76.3269539,
              32.2464883
            ],
            [
              76.3268748,
              32.2464939
            ]
          ]
        ]
      },
      "id": "way/407868164"
    },
    {
      "type": "Feature",
      "properties": {
        "@id": "way/407868166",
        "building": "yes"
      },
      "geometry": {
        "type": "Polygon",
        "coordinates": [
          [
            [
              76.3268131,
              32.245869
            ],
            [
              76.3268778,
              32.2457547
            ],
            [
              76.326973,
              32.2457932
            ],
            [
              76.3269083,
              32.2459075
            ],
            [
              76.3268131,
              32.245869
            ]
          ]
        ]
      },
      "id": "way/407868166"
    },
    {
      "type": "Feature",
      "properties": {
        "@id": "way/407868167",
        "building": "yes"
      },
      "geometry": {
        "type": "Polygon",
        "coordinates": [
          [
            [
              76.3288656,
              32.2486119
            ],
            [
              76.3289649,
              32.2485529
            ],
            [
              76.329052,
              32.2486577
            ],
            [
              76.3289527,
              32.2487167
            ],
            [
              76.3288656,
              32.2486119
            ]
          ]
        ]
      },
      "id": "way/407868167"
    },
    {
      "type": "Feature",
      "properties": {
        "@id": "way/407868168",
        "building": "yes"
      },
      "geometry": {
        "type": "Polygon",
        "coordinates": [
          [
            [
              76.3260372,
              32.2484658
            ],
            [
              76.326001,
              32.2484069
            ],
            [
              76.3260527,
              32.2483842
            ],
            [
              76.3260889,
              32.2484431
            ],
            [
              76.3260372,
              32.2484658
            ]
          ]
        ]
      },
      "id": "way/407868168"
    },
    {
      "type": "Feature",
      "properties": {
        "@id": "way/407868169",
        "building": "yes"
      },
      "geometry": {
        "type": "Polygon",
        "coordinates": [
          [
            [
              76.3266079,
              32.2478995
            ],
            [
              76.3265119,
              32.2477949
            ],
            [
              76.3266017,
              32.2477359
            ],
            [
              76.3266977,
              32.2478406
            ],
            [
              76.3266079,
              32.2478995
            ]
          ]
        ]
      },
      "id": "way/407868169"
    },
    {
      "type": "Feature",
      "properties": {
        "@id": "way/407868170",
        "building": "yes"
      },
      "geometry": {
        "type": "Polygon",
        "coordinates": [
          [
            [
              76.3295442,
              32.2493877
            ],
            [
              76.3295454,
              32.2492767
            ],
            [
              76.329688,
              32.2492777
            ],
            [
              76.3296868,
              32.2493887
            ],
            [
              76.3295442,
              32.2493877
            ]
          ]
        ]
      },
      "id": "way/407868170"
    },
    {
      "type": "Feature",
      "properties": {
        "@id": "way/407868171",
        "building": "yes"
      },
      "geometry": {
        "type": "Polygon",
        "coordinates": [
          [
            [
              76.3283289,
              32.2527891
            ],
            [
              76.3282873,
              32.2527483
            ],
            [
              76.3283452,
              32.2527061
            ],
            [
              76.3283868,
              32.2527469
            ],
            [
              76.3283289,
              32.2527891
            ]
          ]
        ]
      },
      "id": "way/407868171"
    },
    {
      "type": "Feature",
      "properties": {
        "@id": "way/407868172",
        "building": "yes"
      },
      "geometry": {
        "type": "Polygon",
        "coordinates": [
          [
            [
              76.3263236,
              32.2472062
            ],
            [
              76.3262466,
              32.2470634
            ],
            [
              76.3263673,
              32.2470169
            ],
            [
              76.3264443,
              32.2471597
            ],
            [
              76.3263236,
              32.2472062
            ]
          ]
        ]
      },
      "id": "way/407868172"
    },
    {
      "type": "Feature",
      "properties": {
        "@id": "way/407868173",
        "building": "yes"
      },
      "geometry": {
        "type": "Polygon",
        "coordinates": [
          [
            [
              76.3294295,
              32.2507768
            ],
            [
              76.3294498,
              32.2507042
            ],
            [
              76.3295402,
              32.2507087
            ],
            [
              76.3295198,
              32.2507813
            ],
            [
              76.3294295,
              32.2507768
            ]
          ]
        ]
      },
      "id": "way/407868173"
    },
    {
      "type": "Feature",
      "properties": {
        "@id": "way/407868174",
        "building": "yes"
      },
      "geometry": {
        "type": "Polygon",
        "coordinates": [
          [
            [
              76.3258622,
              32.2462251
            ],
            [
              76.3258871,
              32.2460806
            ],
            [
              76.3259515,
              32.2460886
            ],
            [
              76.3259266,
              32.2462331
            ],
            [
              76.3258622,
              32.2462251
            ]
          ]
        ]
      },
      "id": "way/407868174"
    },
    {
      "type": "Feature",
      "properties": {
        "@id": "way/407868175",
        "building": "yes"
      },
      "geometry": {
        "type": "Polygon",
        "coordinates": [
          [
            [
              76.3254425,
              32.2468844
            ],
            [
              76.3254556,
              32.2467765
            ],
            [
              76.3255468,
              32.2467844
            ],
            [
              76.3255337,
              32.2468923
            ],
            [
              76.3254425,
              32.2468844
            ]
          ]
        ]
      },
      "id": "way/407868175"
    },
    {
      "type": "Feature",
      "properties": {
        "@id": "way/407868176",
        "building": "yes"
      },
      "geometry": {
        "type": "Polygon",
        "coordinates": [
          [
            [
              76.3266783,
              32.2504869
            ],
            [
              76.3267442,
              32.2504247
            ],
            [
              76.3267937,
              32.2504621
            ],
            [
              76.3267278,
              32.2505243
            ],
            [
              76.3266783,
              32.2504869
            ]
          ]
        ]
      },
      "id": "way/407868176"
    },
    {
      "type": "Feature",
      "properties": {
        "@id": "way/407868177",
        "building": "yes"
      },
      "geometry": {
        "type": "Polygon",
        "coordinates": [
          [
            [
              76.3269458,
              32.2471019
            ],
            [
              76.3269782,
              32.2470584
            ],
            [
              76.3270507,
              32.2470969
            ],
            [
              76.3270183,
              32.2471405
            ],
            [
              76.3269458,
              32.2471019
            ]
          ]
        ]
      },
      "id": "way/407868177"
    },
    {
      "type": "Feature",
      "properties": {
        "@id": "way/407868178",
        "building": "yes"
      },
      "geometry": {
        "type": "Polygon",
        "coordinates": [
          [
            [
              76.3278209,
              32.2459172
            ],
            [
              76.327828,
              32.2458409
            ],
            [
              76.3278964,
              32.2458454
            ],
            [
              76.3278893,
              32.2459217
            ],
            [
              76.3278209,
              32.2459172
            ]
          ]
        ]
      },
      "id": "way/407868178"
    },
    {
      "type": "Feature",
      "properties": {
        "@id": "way/407868179",
        "building": "yes"
      },
      "geometry": {
        "type": "Polygon",
        "coordinates": [
          [
            [
              76.3260781,
              32.2485838
            ],
            [
              76.3260272,
              32.24851
            ],
            [
              76.3261134,
              32.2484674
            ],
            [
              76.3261644,
              32.2485411
            ],
            [
              76.3260781,
              32.2485838
            ]
          ]
        ]
      },
      "id": "way/407868179"
    },
    {
      "type": "Feature",
      "properties": {
        "@id": "way/407868180",
        "building": "yes"
      },
      "geometry": {
        "type": "Polygon",
        "coordinates": [
          [
            [
              76.3264657,
              32.2461707
            ],
            [
              76.3264492,
              32.2460727
            ],
            [
              76.3265618,
              32.2460591
            ],
            [
              76.3265784,
              32.2461571
            ],
            [
              76.3264657,
              32.2461707
            ]
          ]
        ]
      },
      "id": "way/407868180"
    },
    {
      "type": "Feature",
      "properties": {
        "@id": "way/407868183",
        "building": "yes"
      },
      "geometry": {
        "type": "Polygon",
        "coordinates": [
          [
            [
              76.3294447,
              32.2492181
            ],
            [
              76.3294378,
              32.2491498
            ],
            [
              76.3295008,
              32.2491452
            ],
            [
              76.3295077,
              32.2492136
            ],
            [
              76.3294447,
              32.2492181
            ]
          ]
        ]
      },
      "id": "way/407868183"
    },
    {
      "type": "Feature",
      "properties": {
        "@id": "way/407868184",
        "building": "yes"
      },
      "geometry": {
        "type": "Polygon",
        "coordinates": [
          [
            [
              76.3293947,
              32.2468217
            ],
            [
              76.3294194,
              32.2467638
            ],
            [
              76.3295012,
              32.2467887
            ],
            [
              76.3294765,
              32.2468467
            ],
            [
              76.3293947,
              32.2468217
            ]
          ]
        ]
      },
      "id": "way/407868184"
    },
    {
      "type": "Feature",
      "properties": {
        "@id": "way/407868186",
        "building": "yes"
      },
      "geometry": {
        "type": "Polygon",
        "coordinates": [
          [
            [
              76.3267075,
              32.250426
            ],
            [
              76.3266366,
              32.2503811
            ],
            [
              76.326693,
              32.2503176
            ],
            [
              76.3267638,
              32.2503625
            ],
            [
              76.3267075,
              32.250426
            ]
          ]
        ]
      },
      "id": "way/407868186"
    },
    {
      "type": "Feature",
      "properties": {
        "@id": "way/407868188",
        "building": "yes"
      },
      "geometry": {
        "type": "Polygon",
        "coordinates": [
          [
            [
              76.3258964,
              32.2482469
            ],
            [
              76.3258624,
              32.2481225
            ],
            [
              76.3259522,
              32.2481049
            ],
            [
              76.3259863,
              32.2482293
            ],
            [
              76.3258964,
              32.2482469
            ]
          ]
        ]
      },
      "id": "way/407868188"
    },
    {
      "type": "Feature",
      "properties": {
        "@id": "way/407868190",
        "building": "yes"
      },
      "geometry": {
        "type": "Polygon",
        "coordinates": [
          [
            [
              76.3263222,
              32.246055
            ],
            [
              76.3263548,
              32.245884
            ],
            [
              76.326438,
              32.2458954
            ],
            [
              76.3264054,
              32.2460663
            ],
            [
              76.3263222,
              32.246055
            ]
          ]
        ]
      },
      "id": "way/407868190"
    },
    {
      "type": "Feature",
      "properties": {
        "@id": "way/407868192",
        "building": "yes"
      },
      "geometry": {
        "type": "Polygon",
        "coordinates": [
          [
            [
              76.3253915,
              32.2480935
            ],
            [
              76.3254269,
              32.2480574
            ],
            [
              76.325498,
              32.2481073
            ],
            [
              76.3254626,
              32.2481434
            ],
            [
              76.3253915,
              32.2480935
            ]
          ]
        ]
      },
      "id": "way/407868192"
    },
    {
      "type": "Feature",
      "properties": {
        "@id": "way/407868194",
        "building": "yes"
      },
      "geometry": {
        "type": "Polygon",
        "coordinates": [
          [
            [
              76.3302057,
              32.25289
            ],
            [
              76.3302488,
              32.2528558
            ],
            [
              76.3303233,
              32.2529227
            ],
            [
              76.3302802,
              32.252957
            ],
            [
              76.3302057,
              32.25289
            ]
          ]
        ]
      },
      "id": "way/407868194"
    },
    {
      "type": "Feature",
      "properties": {
        "@id": "way/407868196",
        "building": "yes"
      },
      "geometry": {
        "type": "Polygon",
        "coordinates": [
          [
            [
              76.3254223,
              32.2469899
            ],
            [
              76.3254164,
              32.2469083
            ],
            [
              76.325525,
              32.2469027
            ],
            [
              76.325531,
              32.2469842
            ],
            [
              76.3254223,
              32.2469899
            ]
          ]
        ]
      },
      "id": "way/407868196"
    },
    {
      "type": "Feature",
      "properties": {
        "@id": "way/407868198",
        "building": "yes"
      },
      "geometry": {
        "type": "Polygon",
        "coordinates": [
          [
            [
              76.3266136,
              32.2505797
            ],
            [
              76.3266565,
              32.250557
            ],
            [
              76.3267098,
              32.2506291
            ],
            [
              76.3266668,
              32.2506518
            ],
            [
              76.3266136,
              32.2505797
            ]
          ]
        ]
      },
      "id": "way/407868198"
    },
    {
      "type": "Feature",
      "properties": {
        "@id": "way/407868200",
        "building": "yes"
      },
      "geometry": {
        "type": "Polygon",
        "coordinates": [
          [
            [
              76.325677,
              32.2489888
            ],
            [
              76.325642,
              32.2488908
            ],
            [
              76.3257131,
              32.2488727
            ],
            [
              76.3257481,
              32.2489707
            ],
            [
              76.325677,
              32.2489888
            ]
          ]
        ]
      },
      "id": "way/407868200"
    },
    {
      "type": "Feature",
      "properties": {
        "@id": "way/407868202",
        "building": "yes"
      },
      "geometry": {
        "type": "Polygon",
        "coordinates": [
          [
            [
              76.3279309,
              32.2459364
            ],
            [
              76.3279392,
              32.2458007
            ],
            [
              76.328017,
              32.2458041
            ],
            [
              76.3280087,
              32.2459399
            ],
            [
              76.3279309,
              32.2459364
            ]
          ]
        ]
      },
      "id": "way/407868202"
    },
    {
      "type": "Feature",
      "properties": {
        "@id": "way/407868204",
        "building": "yes"
      },
      "geometry": {
        "type": "Polygon",
        "coordinates": [
          [
            [
              76.3270612,
              32.2461117
            ],
            [
              76.3270735,
              32.2460244
            ],
            [
              76.3271298,
              32.24603
            ],
            [
              76.3271175,
              32.2461174
            ],
            [
              76.3270612,
              32.2461117
            ]
          ]
        ]
      },
      "id": "way/407868204"
    },
    {
      "type": "Feature",
      "properties": {
        "@id": "way/407868206",
        "building": "yes"
      },
      "geometry": {
        "type": "Polygon",
        "coordinates": [
          [
            [
              76.3260808,
              32.2486722
            ],
            [
              76.3260473,
              32.2486377
            ],
            [
              76.326079,
              32.2486157
            ],
            [
              76.3261125,
              32.2486503
            ],
            [
              76.3260808,
              32.2486722
            ]
          ]
        ]
      },
      "id": "way/407868206"
    },
    {
      "type": "Feature",
      "properties": {
        "@id": "way/407868208",
        "building": "yes"
      },
      "geometry": {
        "type": "Polygon",
        "coordinates": [
          [
            [
              76.3257223,
              32.2454666
            ],
            [
              76.325736,
              32.2454352
            ],
            [
              76.3257396,
              32.2454269
            ],
            [
              76.3258305,
              32.2454553
            ],
            [
              76.3258132,
              32.245495
            ],
            [
              76.3257223,
              32.2454666
            ]
          ]
        ]
      },
      "id": "way/407868208"
    },
    {
      "type": "Feature",
      "properties": {
        "@id": "way/407868210",
        "building": "yes"
      },
      "geometry": {
        "type": "Polygon",
        "coordinates": [
          [
            [
              76.3278125,
              32.2530636
            ],
            [
              76.327774,
              32.2529924
            ],
            [
              76.3278383,
              32.2529675
            ],
            [
              76.3278769,
              32.2530386
            ],
            [
              76.3278125,
              32.2530636
            ]
          ]
        ]
      },
      "id": "way/407868210"
    },
    {
      "type": "Feature",
      "properties": {
        "@id": "way/407868211",
        "building": "yes"
      },
      "geometry": {
        "type": "Polygon",
        "coordinates": [
          [
            [
              76.3266711,
              32.2463134
            ],
            [
              76.3266531,
              32.2461655
            ],
            [
              76.3267697,
              32.2461553
            ],
            [
              76.3267878,
              32.2463032
            ],
            [
              76.3266711,
              32.2463134
            ]
          ]
        ]
      },
      "id": "way/407868211"
    },
    {
      "type": "Feature",
      "properties": {
        "@id": "way/407868212",
        "building": "yes"
      },
      "geometry": {
        "type": "Polygon",
        "coordinates": [
          [
            [
              76.3287675,
              32.2485514
            ],
            [
              76.3287219,
              32.2484514
            ],
            [
              76.3288278,
              32.2484168
            ],
            [
              76.3288735,
              32.2485168
            ],
            [
              76.3287675,
              32.2485514
            ]
          ]
        ]
      },
      "id": "way/407868212"
    },
    {
      "type": "Feature",
      "properties": {
        "@id": "way/407868213",
        "building": "yes"
      },
      "geometry": {
        "type": "Polygon",
        "coordinates": [
          [
            [
              76.3291811,
              32.2489811
            ],
            [
              76.3292067,
              32.2488896
            ],
            [
              76.3294063,
              32.2489295
            ],
            [
              76.3293807,
              32.249021
            ],
            [
              76.3291811,
              32.2489811
            ]
          ]
        ]
      },
      "id": "way/407868213"
    },
    {
      "type": "Feature",
      "properties": {
        "@id": "way/407868214",
        "building": "yes"
      },
      "geometry": {
        "type": "Polygon",
        "coordinates": [
          [
            [
              76.3261335,
              32.2508814
            ],
            [
              76.3260749,
              32.250819
            ],
            [
              76.3261661,
              32.2507578
            ],
            [
              76.3262247,
              32.2508202
            ],
            [
              76.3261335,
              32.2508814
            ]
          ]
        ]
      },
      "id": "way/407868214"
    },
    {
      "type": "Feature",
      "properties": {
        "@id": "way/407868215",
        "building": "yes"
      },
      "geometry": {
        "type": "Polygon",
        "coordinates": [
          [
            [
              76.3293196,
              32.2467945
            ],
            [
              76.3293406,
              32.2467437
            ],
            [
              76.3294077,
              32.2467635
            ],
            [
              76.3293866,
              32.2468144
            ],
            [
              76.3293196,
              32.2467945
            ]
          ]
        ]
      },
      "id": "way/407868215"
    },
    {
      "type": "Feature",
      "properties": {
        "@id": "way/407868216",
        "building": "yes"
      },
      "geometry": {
        "type": "Polygon",
        "coordinates": [
          [
            [
              76.3281168,
              32.2481425
            ],
            [
              76.3282731,
              32.2482655
            ],
            [
              76.328149,
              32.2483783
            ],
            [
              76.3279927,
              32.2482553
            ],
            [
              76.3281168,
              32.2481425
            ]
          ]
        ]
      },
      "id": "way/407868216"
    },
    {
      "type": "Feature",
      "properties": {
        "@id": "way/407868217",
        "building": "yes"
      },
      "geometry": {
        "type": "Polygon",
        "coordinates": [
          [
            [
              76.3253191,
              32.2481479
            ],
            [
              76.3253641,
              32.2481044
            ],
            [
              76.3254178,
              32.2481441
            ],
            [
              76.3253727,
              32.2481876
            ],
            [
              76.3253191,
              32.2481479
            ]
          ]
        ]
      },
      "id": "way/407868217"
    },
    {
      "type": "Feature",
      "properties": {
        "@id": "way/407868218",
        "building": "yes"
      },
      "geometry": {
        "type": "Polygon",
        "coordinates": [
          [
            [
              76.3269096,
              32.246604
            ],
            [
              76.3268805,
              32.2465538
            ],
            [
              76.3269596,
              32.2465209
            ],
            [
              76.3269888,
              32.2465711
            ],
            [
              76.3269096,
              32.246604
            ]
          ]
        ]
      },
      "id": "way/407868218"
    },
    {
      "type": "Feature",
      "properties": {
        "@id": "way/407868219",
        "building": "yes"
      },
      "geometry": {
        "type": "Polygon",
        "coordinates": [
          [
            [
              76.3265143,
              32.2504515
            ],
            [
              76.3265658,
              32.2504231
            ],
            [
              76.3266543,
              32.2505376
            ],
            [
              76.3266029,
              32.2505661
            ],
            [
              76.3265143,
              32.2504515
            ]
          ]
        ]
      },
      "id": "way/407868219"
    },
    {
      "type": "Feature",
      "properties": {
        "@id": "way/407868220",
        "building": "yes"
      },
      "geometry": {
        "type": "Polygon",
        "coordinates": [
          [
            [
              76.328061,
              32.2462745
            ],
            [
              76.3280471,
              32.2462103
            ],
            [
              76.328208,
              32.2461854
            ],
            [
              76.3282219,
              32.2462495
            ],
            [
              76.328061,
              32.2462745
            ]
          ]
        ]
      },
      "id": "way/407868220"
    },
    {
      "type": "Feature",
      "properties": {
        "@id": "way/407868221",
        "building": "yes"
      },
      "geometry": {
        "type": "Polygon",
        "coordinates": [
          [
            [
              76.3270692,
              32.2462433
            ],
            [
              76.3270487,
              32.2461507
            ],
            [
              76.3271131,
              32.2461405
            ],
            [
              76.3271336,
              32.2462331
            ],
            [
              76.3270692,
              32.2462433
            ]
          ]
        ]
      },
      "id": "way/407868221"
    },
    {
      "type": "Feature",
      "properties": {
        "@id": "way/407868222",
        "building": "yes"
      },
      "geometry": {
        "type": "Polygon",
        "coordinates": [
          [
            [
              76.3260198,
              32.2487114
            ],
            [
              76.3259869,
              32.24867
            ],
            [
              76.3260394,
              32.2486402
            ],
            [
              76.3260723,
              32.2486816
            ],
            [
              76.3260198,
              32.2487114
            ]
          ]
        ]
      },
      "id": "way/407868222"
    },
    {
      "type": "Feature",
      "properties": {
        "@id": "way/407868223",
        "building": "retail"
      },
      "geometry": {
        "type": "Polygon",
        "coordinates": [
          [
            [
              76.3292233,
              32.2482976
            ],
            [
              76.3292339,
              32.2482266
            ],
            [
              76.3294351,
              32.2482482
            ],
            [
              76.3294244,
              32.2483191
            ],
            [
              76.3292233,
              32.2482976
            ]
          ]
        ]
      },
      "id": "way/407868223"
    },
    {
      "type": "Feature",
      "properties": {
        "@id": "way/407868224",
        "building": "yes"
      },
      "geometry": {
        "type": "Polygon",
        "coordinates": [
          [
            [
              76.3290538,
              32.2478778
            ],
            [
              76.3290833,
              32.247782
            ],
            [
              76.329145,
              32.2477957
            ],
            [
              76.3291155,
              32.2478914
            ],
            [
              76.3290538,
              32.2478778
            ]
          ]
        ]
      },
      "id": "way/407868224"
    },
    {
      "type": "Feature",
      "properties": {
        "@id": "way/407868225",
        "building": "yes"
      },
      "geometry": {
        "type": "Polygon",
        "coordinates": [
          [
            [
              76.3269284,
              32.2473333
            ],
            [
              76.32685,
              32.2472562
            ],
            [
              76.3269935,
              32.2471518
            ],
            [
              76.3270719,
              32.2472289
            ],
            [
              76.3269284,
              32.2473333
            ]
          ]
        ]
      },
      "id": "way/407868225"
    },
    {
      "type": "Feature",
      "properties": {
        "@id": "way/407868226",
        "building": "school"
      },
      "geometry": {
        "type": "Polygon",
        "coordinates": [
          [
            [
              76.3256851,
              32.245518
            ],
            [
              76.3258006,
              32.2455839
            ],
            [
              76.3257586,
              32.2456366
            ],
            [
              76.325643,
              32.2455707
            ],
            [
              76.3256851,
              32.245518
            ]
          ]
        ]
      },
      "id": "way/407868226"
    },
    {
      "type": "Feature",
      "properties": {
        "@id": "way/407868227",
        "building": "yes"
      },
      "geometry": {
        "type": "Polygon",
        "coordinates": [
          [
            [
              76.3285033,
              32.2485851
            ],
            [
              76.3285462,
              32.2485534
            ],
            [
              76.3286147,
              32.2486195
            ],
            [
              76.3285717,
              32.2486513
            ],
            [
              76.3285033,
              32.2485851
            ]
          ]
        ]
      },
      "id": "way/407868227"
    },
    {
      "type": "Feature",
      "properties": {
        "@id": "way/407868228",
        "building": "yes"
      },
      "geometry": {
        "type": "Polygon",
        "coordinates": [
          [
            [
              76.3294758,
              32.2468994
            ],
            [
              76.329504,
              32.2468416
            ],
            [
              76.3295687,
              32.2468641
            ],
            [
              76.3295405,
              32.246922
            ],
            [
              76.3294758,
              32.2468994
            ]
          ]
        ]
      },
      "id": "way/407868228"
    },
    {
      "type": "Feature",
      "properties": {
        "@id": "way/407868229",
        "building": "yes"
      },
      "geometry": {
        "type": "Polygon",
        "coordinates": [
          [
            [
              76.3259402,
              32.2472554
            ],
            [
              76.3259017,
              32.2471934
            ],
            [
              76.3260372,
              32.2471333
            ],
            [
              76.3260756,
              32.2471953
            ],
            [
              76.3259402,
              32.2472554
            ]
          ]
        ]
      },
      "id": "way/407868229"
    },
    {
      "type": "Feature",
      "properties": {
        "@id": "way/407868230",
        "building": "yes"
      },
      "geometry": {
        "type": "Polygon",
        "coordinates": [
          [
            [
              76.326919,
              32.2466493
            ],
            [
              76.3270063,
              32.2465969
            ],
            [
              76.3270425,
              32.24664
            ],
            [
              76.3269552,
              32.2466924
            ],
            [
              76.326919,
              32.2466493
            ]
          ]
        ]
      },
      "id": "way/407868230"
    },
    {
      "type": "Feature",
      "properties": {
        "@id": "way/407868231",
        "building": "yes"
      },
      "geometry": {
        "type": "Polygon",
        "coordinates": [
          [
            [
              76.3288566,
              32.2515211
            ],
            [
              76.3289474,
              32.2514145
            ],
            [
              76.3290051,
              32.2514497
            ],
            [
              76.3289142,
              32.2515563
            ],
            [
              76.3288566,
              32.2515211
            ]
          ]
        ]
      },
      "id": "way/407868231"
    },
    {
      "type": "Feature",
      "properties": {
        "@id": "way/407868232",
        "building": "yes"
      },
      "geometry": {
        "type": "Polygon",
        "coordinates": [
          [
            [
              76.3263384,
              32.2476883
            ],
            [
              76.3262984,
              32.2475962
            ],
            [
              76.3263641,
              32.2475758
            ],
            [
              76.3264041,
              32.2476678
            ],
            [
              76.3263384,
              32.2476883
            ]
          ]
        ]
      },
      "id": "way/407868232"
    },
    {
      "type": "Feature",
      "properties": {
        "@id": "way/407868233",
        "building": "yes"
      },
      "geometry": {
        "type": "Polygon",
        "coordinates": [
          [
            [
              76.3286283,
              32.2477155
            ],
            [
              76.3286452,
              32.2476205
            ],
            [
              76.3287431,
              32.2476329
            ],
            [
              76.3287262,
              32.247728
            ],
            [
              76.3286283,
              32.2477155
            ]
          ]
        ]
      },
      "id": "way/407868233"
    },
    {
      "type": "Feature",
      "properties": {
        "@id": "way/407868234",
        "building": "yes"
      },
      "geometry": {
        "type": "Polygon",
        "coordinates": [
          [
            [
              76.3258636,
              32.2484187
            ],
            [
              76.3258027,
              32.2483265
            ],
            [
              76.3258952,
              32.2482828
            ],
            [
              76.3259561,
              32.2483751
            ],
            [
              76.3258636,
              32.2484187
            ]
          ]
        ]
      },
      "id": "way/407868234"
    },
    {
      "type": "Feature",
      "properties": {
        "@id": "way/407868235",
        "building": "yes"
      },
      "geometry": {
        "type": "Polygon",
        "coordinates": [
          [
            [
              76.3283815,
              32.248459
            ],
            [
              76.3283549,
              32.2484338
            ],
            [
              76.3283804,
              32.2484146
            ],
            [
              76.328407,
              32.2484397
            ],
            [
              76.3283815,
              32.248459
            ]
          ]
        ]
      },
      "id": "way/407868235"
    },
    {
      "type": "Feature",
      "properties": {
        "@id": "way/407868236",
        "building": "yes"
      },
      "geometry": {
        "type": "Polygon",
        "coordinates": [
          [
            [
              76.3294852,
              32.2467043
            ],
            [
              76.3295001,
              32.2466633
            ],
            [
              76.3295832,
              32.2466849
            ],
            [
              76.3295684,
              32.2467259
            ],
            [
              76.3294852,
              32.2467043
            ]
          ]
        ]
      },
      "id": "way/407868236"
    },
    {
      "type": "Feature",
      "properties": {
        "@id": "way/407868237",
        "building": "yes"
      },
      "geometry": {
        "type": "Polygon",
        "coordinates": [
          [
            [
              76.3282578,
              32.2528141
            ],
            [
              76.3282931,
              32.2527792
            ],
            [
              76.3283212,
              32.2527996
            ],
            [
              76.3282859,
              32.2528345
            ],
            [
              76.3282578,
              32.2528141
            ]
          ]
        ]
      },
      "id": "way/407868237"
    },
    {
      "type": "Feature",
      "properties": {
        "@id": "way/407868239",
        "building": "yes"
      },
      "geometry": {
        "type": "Polygon",
        "coordinates": [
          [
            [
              76.32614,
              32.2474135
            ],
            [
              76.3260929,
              32.2473672
            ],
            [
              76.3261619,
              32.2473169
            ],
            [
              76.3262091,
              32.2473632
            ],
            [
              76.32614,
              32.2474135
            ]
          ]
        ]
      },
      "id": "way/407868239"
    },
    {
      "type": "Feature",
      "properties": {
        "@id": "way/407868241",
        "building": "yes"
      },
      "geometry": {
        "type": "Polygon",
        "coordinates": [
          [
            [
              76.3289977,
              32.2511989
            ],
            [
              76.3290547,
              32.2511467
            ],
            [
              76.3291065,
              32.2511872
            ],
            [
              76.3290494,
              32.2512394
            ],
            [
              76.3289977,
              32.2511989
            ]
          ]
        ]
      },
      "id": "way/407868241"
    },
    {
      "type": "Feature",
      "properties": {
        "@id": "way/407868242",
        "building": "yes"
      },
      "geometry": {
        "type": "Polygon",
        "coordinates": [
          [
            [
              76.3291515,
              32.2491407
            ],
            [
              76.329155,
              32.2490625
            ],
            [
              76.3292106,
              32.2490643
            ],
            [
              76.3292071,
              32.2491424
            ],
            [
              76.3291515,
              32.2491407
            ]
          ]
        ]
      },
      "id": "way/407868242"
    },
    {
      "type": "Feature",
      "properties": {
        "@id": "way/407868243",
        "building": "yes"
      },
      "geometry": {
        "type": "Polygon",
        "coordinates": [
          [
            [
              76.3286655,
              32.2506512
            ],
            [
              76.3286705,
              32.2505816
            ],
            [
              76.328759,
              32.2505862
            ],
            [
              76.328754,
              32.2506557
            ],
            [
              76.3286655,
              32.2506512
            ]
          ]
        ]
      },
      "id": "way/407868243"
    },
    {
      "type": "Feature",
      "properties": {
        "@id": "way/407868245",
        "building": "yes"
      },
      "geometry": {
        "type": "Polygon",
        "coordinates": [
          [
            [
              76.3289415,
              32.2480492
            ],
            [
              76.3289506,
              32.2479823
            ],
            [
              76.3290914,
              32.2479959
            ],
            [
              76.3290824,
              32.2480628
            ],
            [
              76.3289415,
              32.2480492
            ]
          ]
        ]
      },
      "id": "way/407868245"
    },
    {
      "type": "Feature",
      "properties": {
        "@id": "way/407868246",
        "building": "yes"
      },
      "geometry": {
        "type": "Polygon",
        "coordinates": [
          [
            [
              76.3281484,
              32.2481533
            ],
            [
              76.3280599,
              32.2480875
            ],
            [
              76.3281699,
              32.2479817
            ],
            [
              76.3282584,
              32.2480475
            ],
            [
              76.3281484,
              32.2481533
            ]
          ]
        ]
      },
      "id": "way/407868246"
    },
    {
      "type": "Feature",
      "properties": {
        "@id": "way/407868247",
        "building": "yes"
      },
      "geometry": {
        "type": "Polygon",
        "coordinates": [
          [
            [
              76.3289464,
              32.2517355
            ],
            [
              76.328884,
              32.2516728
            ],
            [
              76.3290208,
              32.2515753
            ],
            [
              76.3290832,
              32.2516379
            ],
            [
              76.3289464,
              32.2517355
            ]
          ]
        ]
      },
      "id": "way/407868247"
    },
    {
      "type": "Feature",
      "properties": {
        "@id": "way/407868250",
        "building": "yes"
      },
      "geometry": {
        "type": "Polygon",
        "coordinates": [
          [
            [
              76.3263615,
              32.2505457
            ],
            [
              76.3264835,
              32.2504538
            ],
            [
              76.3265622,
              32.2505286
            ],
            [
              76.3264402,
              32.2506205
            ],
            [
              76.3263615,
              32.2505457
            ]
          ]
        ]
      },
      "id": "way/407868250"
    },
    {
      "type": "Feature",
      "properties": {
        "@id": "way/407868251",
        "building": "yes"
      },
      "geometry": {
        "type": "Polygon",
        "coordinates": [
          [
            [
              76.3283788,
              32.2485486
            ],
            [
              76.3283374,
              32.2485152
            ],
            [
              76.3284205,
              32.2484415
            ],
            [
              76.328462,
              32.2484749
            ],
            [
              76.3283788,
              32.2485486
            ]
          ]
        ]
      },
      "id": "way/407868251"
    },
    {
      "type": "Feature",
      "properties": {
        "@id": "way/407868252",
        "building": "yes"
      },
      "geometry": {
        "type": "Polygon",
        "coordinates": [
          [
            [
              76.3295952,
              32.2464491
            ],
            [
              76.3294668,
              32.246422
            ],
            [
              76.3294855,
              32.2463585
            ],
            [
              76.329614,
              32.2463856
            ],
            [
              76.3295952,
              32.2464491
            ]
          ]
        ]
      },
      "id": "way/407868252"
    },
    {
      "type": "Feature",
      "properties": {
        "@id": "way/407868254",
        "building": "yes"
      },
      "geometry": {
        "type": "Polygon",
        "coordinates": [
          [
            [
              76.3290251,
              32.2485831
            ],
            [
              76.32906,
              32.2485549
            ],
            [
              76.3290922,
              32.2485289
            ],
            [
              76.3291641,
              32.2485925
            ],
            [
              76.329097,
              32.2486468
            ],
            [
              76.3290251,
              32.2485831
            ]
          ]
        ]
      },
      "id": "way/407868254"
    },
    {
      "type": "Feature",
      "properties": {
        "@id": "way/407868256",
        "building": "yes"
      },
      "geometry": {
        "type": "Polygon",
        "coordinates": [
          [
            [
              76.3297394,
              32.2469629
            ],
            [
              76.3297293,
              32.2469107
            ],
            [
              76.3296756,
              32.2469181
            ],
            [
              76.3296672,
              32.2468743
            ],
            [
              76.3298322,
              32.2468516
            ],
            [
              76.3298507,
              32.2469476
            ],
            [
              76.3297394,
              32.2469629
            ]
          ]
        ]
      },
      "id": "way/407868256"
    },
    {
      "type": "Feature",
      "properties": {
        "@id": "way/407872274",
        "building": "yes"
      },
      "geometry": {
        "type": "Polygon",
        "coordinates": [
          [
            [
              76.3313484,
              32.2502485
            ],
            [
              76.3314317,
              32.2501805
            ],
            [
              76.3315055,
              32.2502451
            ],
            [
              76.3314221,
              32.2503132
            ],
            [
              76.3313484,
              32.2502485
            ]
          ]
        ]
      },
      "id": "way/407872274"
    },
    {
      "type": "Feature",
      "properties": {
        "@id": "way/407872275",
        "building": "yes"
      },
      "geometry": {
        "type": "Polygon",
        "coordinates": [
          [
            [
              76.3332648,
              32.2479619
            ],
            [
              76.3333204,
              32.2480011
            ],
            [
              76.3332323,
              32.2480908
            ],
            [
              76.3331766,
              32.2480516
            ],
            [
              76.3332648,
              32.2479619
            ]
          ]
        ]
      },
      "id": "way/407872275"
    },
    {
      "type": "Feature",
      "properties": {
        "@id": "way/407872276",
        "building": "yes"
      },
      "geometry": {
        "type": "Polygon",
        "coordinates": [
          [
            [
              76.3323879,
              32.2475933
            ],
            [
              76.3323837,
              32.2476397
            ],
            [
              76.3322403,
              32.2476305
            ],
            [
              76.3322445,
              32.2475841
            ],
            [
              76.3323879,
              32.2475933
            ]
          ]
        ]
      },
      "id": "way/407872276"
    },
    {
      "type": "Feature",
      "properties": {
        "@id": "way/407872277",
        "building": "yes"
      },
      "geometry": {
        "type": "Polygon",
        "coordinates": [
          [
            [
              76.3315398,
              32.2491444
            ],
            [
              76.3316038,
              32.2491027
            ],
            [
              76.3316668,
              32.2491719
            ],
            [
              76.3316029,
              32.2492136
            ],
            [
              76.3315398,
              32.2491444
            ]
          ]
        ]
      },
      "id": "way/407872277"
    },
    {
      "type": "Feature",
      "properties": {
        "@id": "way/407872278",
        "building": "yes"
      },
      "geometry": {
        "type": "Polygon",
        "coordinates": [
          [
            [
              76.3325613,
              32.2475575
            ],
            [
              76.3324016,
              32.2475022
            ],
            [
              76.3324419,
              32.2474187
            ],
            [
              76.3326018,
              32.2474741
            ],
            [
              76.3325613,
              32.2475575
            ]
          ]
        ]
      },
      "id": "way/407872278"
    },
    {
      "type": "Feature",
      "properties": {
        "@id": "way/407872279",
        "building": "yes"
      },
      "geometry": {
        "type": "Polygon",
        "coordinates": [
          [
            [
              76.3314248,
              32.2507538
            ],
            [
              76.3315279,
              32.2507152
            ],
            [
              76.331554,
              32.2507651
            ],
            [
              76.3314509,
              32.2508037
            ],
            [
              76.3314248,
              32.2507538
            ]
          ]
        ]
      },
      "id": "way/407872279"
    },
    {
      "type": "Feature",
      "properties": {
        "@id": "way/407872280",
        "building": "yes"
      },
      "geometry": {
        "type": "Polygon",
        "coordinates": [
          [
            [
              76.331575,
              32.2487644
            ],
            [
              76.3316568,
              32.2487073
            ],
            [
              76.3317199,
              32.248772
            ],
            [
              76.331638,
              32.2488291
            ],
            [
              76.331575,
              32.2487644
            ]
          ]
        ]
      },
      "id": "way/407872280"
    },
    {
      "type": "Feature",
      "properties": {
        "@id": "way/407872281",
        "building": "yes"
      },
      "geometry": {
        "type": "Polygon",
        "coordinates": [
          [
            [
              76.3317375,
              32.2470933
            ],
            [
              76.3318368,
              32.2470539
            ],
            [
              76.3318847,
              32.2471402
            ],
            [
              76.3317854,
              32.2471796
            ],
            [
              76.3317375,
              32.2470933
            ]
          ]
        ]
      },
      "id": "way/407872281"
    },
    {
      "type": "Feature",
      "properties": {
        "@id": "way/407872282",
        "building": "yes"
      },
      "geometry": {
        "type": "Polygon",
        "coordinates": [
          [
            [
              76.3317875,
              32.2500219
            ],
            [
              76.3318937,
              32.2499546
            ],
            [
              76.3319262,
              32.2499912
            ],
            [
              76.3318199,
              32.2500585
            ],
            [
              76.3317875,
              32.2500219
            ]
          ]
        ]
      },
      "id": "way/407872282"
    },
    {
      "type": "Feature",
      "properties": {
        "@id": "way/407872283",
        "building": "yes",
        "name": "High Sky Resort",
        "tourism": "hotel"
      },
      "geometry": {
        "type": "Polygon",
        "coordinates": [
          [
            [
              76.3319935,
              32.2490001
            ],
            [
              76.3321751,
              32.2490212
            ],
            [
              76.3321618,
              32.2491029
            ],
            [
              76.3319802,
              32.2490818
            ],
            [
              76.3319935,
              32.2490001
            ]
          ]
        ]
      },
      "id": "way/407872283"
    },
    {
      "type": "Feature",
      "properties": {
        "@id": "way/407872284",
        "building": "yes"
      },
      "geometry": {
        "type": "Polygon",
        "coordinates": [
          [
            [
              76.3321385,
              32.2467661
            ],
            [
              76.3321304,
              32.2466785
            ],
            [
              76.3322846,
              32.2466682
            ],
            [
              76.3322927,
              32.2467559
            ],
            [
              76.3321385,
              32.2467661
            ]
          ]
        ]
      },
      "id": "way/407872284"
    },
    {
      "type": "Feature",
      "properties": {
        "@id": "way/407872285",
        "building": "yes"
      },
      "geometry": {
        "type": "Polygon",
        "coordinates": [
          [
            [
              76.3311991,
              32.2465708
            ],
            [
              76.3311931,
              32.2465162
            ],
            [
              76.3313246,
              32.246506
            ],
            [
              76.3313305,
              32.2465606
            ],
            [
              76.3311991,
              32.2465708
            ]
          ]
        ]
      },
      "id": "way/407872285"
    },
    {
      "type": "Feature",
      "properties": {
        "@id": "way/407872286",
        "building": "yes"
      },
      "geometry": {
        "type": "Polygon",
        "coordinates": [
          [
            [
              76.332088,
              32.2465989
            ],
            [
              76.3320895,
              32.2465294
            ],
            [
              76.3321632,
              32.2465306
            ],
            [
              76.3321617,
              32.2466
            ],
            [
              76.332088,
              32.2465989
            ]
          ]
        ]
      },
      "id": "way/407872286"
    },
    {
      "type": "Feature",
      "properties": {
        "@id": "way/407872287",
        "building": "yes"
      },
      "geometry": {
        "type": "Polygon",
        "coordinates": [
          [
            [
              76.3312015,
              32.2507221
            ],
            [
              76.3311922,
              32.2506762
            ],
            [
              76.3312391,
              32.2506694
            ],
            [
              76.3312484,
              32.2507152
            ],
            [
              76.3312015,
              32.2507221
            ]
          ]
        ]
      },
      "id": "way/407872287"
    },
    {
      "type": "Feature",
      "properties": {
        "@id": "way/407872288",
        "building": "yes"
      },
      "geometry": {
        "type": "Polygon",
        "coordinates": [
          [
            [
              76.3310298,
              32.2507334
            ],
            [
              76.3310368,
              32.2506841
            ],
            [
              76.3311267,
              32.2506931
            ],
            [
              76.3311197,
              32.2507425
            ],
            [
              76.3310298,
              32.2507334
            ]
          ]
        ]
      },
      "id": "way/407872288"
    },
    {
      "type": "Feature",
      "properties": {
        "@id": "way/407872289",
        "building": "yes"
      },
      "geometry": {
        "type": "Polygon",
        "coordinates": [
          [
            [
              76.3321301,
              32.2500669
            ],
            [
              76.3320915,
              32.2499949
            ],
            [
              76.3321639,
              32.2499671
            ],
            [
              76.3322025,
              32.2500391
            ],
            [
              76.3321301,
              32.2500669
            ]
          ]
        ]
      },
      "id": "way/407872289"
    },
    {
      "type": "Feature",
      "properties": {
        "@id": "way/407872290",
        "building": "yes"
      },
      "geometry": {
        "type": "Polygon",
        "coordinates": [
          [
            [
              76.3319163,
              32.2465909
            ],
            [
              76.3319224,
              32.2465205
            ],
            [
              76.3320686,
              32.2465296
            ],
            [
              76.3320625,
              32.2466
            ],
            [
              76.3319163,
              32.2465909
            ]
          ]
        ]
      },
      "id": "way/407872290"
    },
    {
      "type": "Feature",
      "properties": {
        "@id": "way/407872291",
        "building": "yes"
      },
      "geometry": {
        "type": "Polygon",
        "coordinates": [
          [
            [
              76.3320028,
              32.2491081
            ],
            [
              76.3321476,
              32.2491251
            ],
            [
              76.3321365,
              32.2491929
            ],
            [
              76.3319917,
              32.2491759
            ],
            [
              76.3320028,
              32.2491081
            ]
          ]
        ]
      },
      "id": "way/407872291"
    },
    {
      "type": "Feature",
      "properties": {
        "@id": "way/407872293",
        "building": "yes"
      },
      "geometry": {
        "type": "Polygon",
        "coordinates": [
          [
            [
              76.3324436,
              32.2462942
            ],
            [
              76.3324641,
              32.2462408
            ],
            [
              76.332534,
              32.2462601
            ],
            [
              76.3325134,
              32.2463135
            ],
            [
              76.3324436,
              32.2462942
            ]
          ]
        ]
      },
      "id": "way/407872293"
    },
    {
      "type": "Feature",
      "properties": {
        "@id": "way/407872294",
        "building": "yes"
      },
      "geometry": {
        "type": "Polygon",
        "coordinates": [
          [
            [
              76.3319612,
              32.2467741
            ],
            [
              76.3319631,
              32.2467345
            ],
            [
              76.3320315,
              32.2467368
            ],
            [
              76.3320296,
              32.2467764
            ],
            [
              76.3319612,
              32.2467741
            ]
          ]
        ]
      },
      "id": "way/407872294"
    },
    {
      "type": "Feature",
      "properties": {
        "@id": "way/407872295",
        "amenity": "yoga",
        "building": "yes",
        "leisure": "sports_centre",
        "name": "Shivam Neelkant Yoga Kendra",
        "sport": "yoga"
      },
      "geometry": {
        "type": "Polygon",
        "coordinates": [
          [
            [
              76.3317234,
              32.2493952
            ],
            [
              76.3317551,
              32.2494233
            ],
            [
              76.3317764,
              32.2494423
            ],
            [
              76.3316523,
              32.249548
            ],
            [
              76.3315926,
              32.2495021
            ],
            [
              76.3317234,
              32.2493952
            ]
          ]
        ]
      },
      "id": "way/407872295"
    },
    {
      "type": "Feature",
      "properties": {
        "@id": "way/407872296",
        "building": "yes"
      },
      "geometry": {
        "type": "Polygon",
        "coordinates": [
          [
            [
              76.3307147,
              32.2507527
            ],
            [
              76.3307497,
              32.2507051
            ],
            [
              76.33081,
              32.2507369
            ],
            [
              76.330775,
              32.2507844
            ],
            [
              76.3307147,
              32.2507527
            ]
          ]
        ]
      },
      "id": "way/407872296"
    },
    {
      "type": "Feature",
      "properties": {
        "@id": "way/407872297",
        "building": "yes"
      },
      "geometry": {
        "type": "Polygon",
        "coordinates": [
          [
            [
              76.3323052,
              32.2462229
            ],
            [
              76.3323302,
              32.2461725
            ],
            [
              76.3324134,
              32.246202
            ],
            [
              76.3323884,
              32.2462523
            ],
            [
              76.3323052,
              32.2462229
            ]
          ]
        ]
      },
      "id": "way/407872297"
    },
    {
      "type": "Feature",
      "properties": {
        "@id": "way/407872298",
        "building": "yes"
      },
      "geometry": {
        "type": "Polygon",
        "coordinates": [
          [
            [
              76.3317413,
              32.2469584
            ],
            [
              76.3317226,
              32.2469141
            ],
            [
              76.3317957,
              32.246892
            ],
            [
              76.3318144,
              32.2469363
            ],
            [
              76.3317413,
              32.2469584
            ]
          ]
        ]
      },
      "id": "way/407872298"
    },
    {
      "type": "Feature",
      "properties": {
        "@id": "way/407872299",
        "building": "yes"
      },
      "geometry": {
        "type": "Polygon",
        "coordinates": [
          [
            [
              76.3320369,
              32.2501163
            ],
            [
              76.3322182,
              32.2500518
            ],
            [
              76.3322858,
              32.2501878
            ],
            [
              76.3321045,
              32.2502523
            ],
            [
              76.3320369,
              32.2501163
            ]
          ]
        ]
      },
      "id": "way/407872299"
    },
    {
      "type": "Feature",
      "properties": {
        "@id": "way/407872300",
        "building": "yes"
      },
      "geometry": {
        "type": "Polygon",
        "coordinates": [
          [
            [
              76.3322637,
              32.2464083
            ],
            [
              76.3322762,
              32.2463707
            ],
            [
              76.3323285,
              32.2463832
            ],
            [
              76.332316,
              32.2464208
            ],
            [
              76.3322637,
              32.2464083
            ]
          ]
        ]
      },
      "id": "way/407872300"
    },
    {
      "type": "Feature",
      "properties": {
        "@id": "way/407872301",
        "building": "yes"
      },
      "geometry": {
        "type": "Polygon",
        "coordinates": [
          [
            [
              76.3318117,
              32.2494483
            ],
            [
              76.3319524,
              32.2493269
            ],
            [
              76.3320187,
              32.2493819
            ],
            [
              76.3318781,
              32.2495033
            ],
            [
              76.3318117,
              32.2494483
            ]
          ]
        ]
      },
      "id": "way/407872301"
    },
    {
      "type": "Feature",
      "properties": {
        "@id": "way/407872302",
        "building": "yes"
      },
      "geometry": {
        "type": "Polygon",
        "coordinates": [
          [
            [
              76.3307858,
              32.2505859
            ],
            [
              76.3308381,
              32.2505394
            ],
            [
              76.3309349,
              32.2506174
            ],
            [
              76.3308826,
              32.2506639
            ],
            [
              76.3307858,
              32.2505859
            ]
          ]
        ]
      },
      "id": "way/407872302"
    },
    {
      "type": "Feature",
      "properties": {
        "@id": "way/407872303",
        "building": "yes"
      },
      "geometry": {
        "type": "Polygon",
        "coordinates": [
          [
            [
              76.3326904,
              32.2462413
            ],
            [
              76.3326852,
              32.2461799
            ],
            [
              76.3328524,
              32.2461697
            ],
            [
              76.3328576,
              32.2462311
            ],
            [
              76.3326904,
              32.2462413
            ]
          ]
        ]
      },
      "id": "way/407872303"
    },
    {
      "type": "Feature",
      "properties": {
        "@id": "way/407872304",
        "building": "yes"
      },
      "geometry": {
        "type": "Polygon",
        "coordinates": [
          [
            [
              76.3317415,
              32.2490436
            ],
            [
              76.3319057,
              32.2489589
            ],
            [
              76.3319746,
              32.2490544
            ],
            [
              76.3318104,
              32.2491391
            ],
            [
              76.3317415,
              32.2490436
            ]
          ]
        ]
      },
      "id": "way/407872304"
    },
    {
      "type": "Feature",
      "properties": {
        "@id": "way/407872305",
        "building": "yes"
      },
      "geometry": {
        "type": "Polygon",
        "coordinates": [
          [
            [
              76.332552,
              32.2462677
            ],
            [
              76.3325622,
              32.2461983
            ],
            [
              76.3326481,
              32.2462074
            ],
            [
              76.3326378,
              32.2462767
            ],
            [
              76.332552,
              32.2462677
            ]
          ]
        ]
      },
      "id": "way/407872305"
    },
    {
      "type": "Feature",
      "properties": {
        "@id": "way/407872306",
        "building": "yes"
      },
      "geometry": {
        "type": "Polygon",
        "coordinates": [
          [
            [
              76.3322422,
              32.2464934
            ],
            [
              76.3322526,
              32.2464428
            ],
            [
              76.3323371,
              32.2464553
            ],
            [
              76.3323267,
              32.2465059
            ],
            [
              76.3322422,
              32.2464934
            ]
          ]
        ]
      },
      "id": "way/407872306"
    },
    {
      "type": "Feature",
      "properties": {
        "@id": "way/407872307",
        "building": "yes"
      },
      "geometry": {
        "type": "Polygon",
        "coordinates": [
          [
            [
              76.332089,
              32.249564
            ],
            [
              76.332104,
              32.2495083
            ],
            [
              76.332233,
              32.2495332
            ],
            [
              76.332218,
              32.2495888
            ],
            [
              76.332089,
              32.249564
            ]
          ]
        ]
      },
      "id": "way/407872307"
    },
    {
      "type": "Feature",
      "properties": {
        "@id": "way/407872308",
        "building": "yes"
      },
      "geometry": {
        "type": "Polygon",
        "coordinates": [
          [
            [
              76.3320608,
              32.2464706
            ],
            [
              76.3320781,
              32.2463975
            ],
            [
              76.3322327,
              32.2464237
            ],
            [
              76.3322154,
              32.2464968
            ],
            [
              76.3320608,
              32.2464706
            ]
          ]
        ]
      },
      "id": "way/407872308"
    },
    {
      "type": "Feature",
      "properties": {
        "@id": "way/407872309",
        "building": "yes"
      },
      "geometry": {
        "type": "Polygon",
        "coordinates": [
          [
            [
              76.3319223,
              32.249636
            ],
            [
              76.3320337,
              32.2495388
            ],
            [
              76.3320766,
              32.249574
            ],
            [
              76.3319653,
              32.2496712
            ],
            [
              76.3319223,
              32.249636
            ]
          ]
        ]
      },
      "id": "way/407872309"
    },
    {
      "type": "Feature",
      "properties": {
        "@id": "way/407872310",
        "building": "yes"
      },
      "geometry": {
        "type": "Polygon",
        "coordinates": [
          [
            [
              76.3316903,
              32.2488665
            ],
            [
              76.3318299,
              32.2487927
            ],
            [
              76.3318836,
              32.2488653
            ],
            [
              76.331744,
              32.2489391
            ],
            [
              76.3316903,
              32.2488665
            ]
          ]
        ]
      },
      "id": "way/407872310"
    },
    {
      "type": "Feature",
      "properties": {
        "@id": "way/407872311",
        "building": "yes"
      },
      "geometry": {
        "type": "Polygon",
        "coordinates": [
          [
            [
              76.3324342,
              32.2475958
            ],
            [
              76.3325022,
              32.2476069
            ],
            [
              76.3324885,
              32.247667
            ],
            [
              76.3324205,
              32.247656
            ],
            [
              76.3324342,
              32.2475958
            ]
          ]
        ]
      },
      "id": "way/407872311"
    },
    {
      "type": "Feature",
      "properties": {
        "@id": "way/407872312",
        "building": "yes"
      },
      "geometry": {
        "type": "Polygon",
        "coordinates": [
          [
            [
              76.3318867,
              32.2499265
            ],
            [
              76.3322039,
              32.249748
            ],
            [
              76.3322864,
              32.2498529
            ],
            [
              76.3319692,
              32.2500313
            ],
            [
              76.3318867,
              32.2499265
            ]
          ]
        ]
      },
      "id": "way/407872312"
    },
    {
      "type": "Feature",
      "properties": {
        "@id": "way/407872313",
        "building": "yes"
      },
      "geometry": {
        "type": "Polygon",
        "coordinates": [
          [
            [
              76.3332003,
              32.2479332
            ],
            [
              76.3332411,
              32.2479618
            ],
            [
              76.3331865,
              32.2480173
            ],
            [
              76.3331457,
              32.2479887
            ],
            [
              76.3332003,
              32.2479332
            ]
          ]
        ]
      },
      "id": "way/407872313"
    },
    {
      "type": "Feature",
      "properties": {
        "@id": "way/407872314",
        "building": "yes"
      },
      "geometry": {
        "type": "Polygon",
        "coordinates": [
          [
            [
              76.3317111,
              32.2470321
            ],
            [
              76.3316958,
              32.2469871
            ],
            [
              76.3318305,
              32.2469542
            ],
            [
              76.3318459,
              32.2469993
            ],
            [
              76.3317111,
              32.2470321
            ]
          ]
        ]
      },
      "id": "way/407872314"
    },
    {
      "type": "Feature",
      "properties": {
        "@id": "way/407872315",
        "building": "yes"
      },
      "geometry": {
        "type": "Polygon",
        "coordinates": [
          [
            [
              76.3316226,
              32.2491045
            ],
            [
              76.3316876,
              32.2490632
            ],
            [
              76.3317318,
              32.2491131
            ],
            [
              76.3316668,
              32.2491544
            ],
            [
              76.3316226,
              32.2491045
            ]
          ]
        ]
      },
      "id": "way/407872315"
    },
    {
      "type": "Feature",
      "properties": {
        "@id": "way/407879496",
        "building": "yes"
      },
      "geometry": {
        "type": "Polygon",
        "coordinates": [
          [
            [
              76.3321556,
              32.2430049
            ],
            [
              76.3321671,
              32.2429058
            ],
            [
              76.332263,
              32.2429137
            ],
            [
              76.3322515,
              32.2430128
            ],
            [
              76.3321556,
              32.2430049
            ]
          ]
        ]
      },
      "id": "way/407879496"
    },
    {
      "type": "Feature",
      "properties": {
        "@id": "way/407879497",
        "building": "yes"
      },
      "geometry": {
        "type": "Polygon",
        "coordinates": [
          [
            [
              76.3316651,
              32.242991
            ],
            [
              76.3317091,
              32.2428681
            ],
            [
              76.3318244,
              32.2428976
            ],
            [
              76.3317805,
              32.2430205
            ],
            [
              76.3316651,
              32.242991
            ]
          ]
        ]
      },
      "id": "way/407879497"
    },
    {
      "type": "Feature",
      "properties": {
        "@id": "way/407879498",
        "building": "yes"
      },
      "geometry": {
        "type": "Polygon",
        "coordinates": [
          [
            [
              76.3340687,
              32.2400826
            ],
            [
              76.3340626,
              32.2399883
            ],
            [
              76.3342839,
              32.2399781
            ],
            [
              76.33429,
              32.2400724
            ],
            [
              76.3340687,
              32.2400826
            ]
          ]
        ]
      },
      "id": "way/407879498"
    },
    {
      "type": "Feature",
      "properties": {
        "@id": "way/407879499",
        "building": "yes"
      },
      "geometry": {
        "type": "Polygon",
        "coordinates": [
          [
            [
              76.3336185,
              32.2432212
            ],
            [
              76.3337056,
              32.2432235
            ],
            [
              76.3337004,
              32.2433684
            ],
            [
              76.3336132,
              32.2433662
            ],
            [
              76.3336185,
              32.2432212
            ]
          ]
        ]
      },
      "id": "way/407879499"
    },
    {
      "type": "Feature",
      "properties": {
        "@id": "way/407879500",
        "building": "yes"
      },
      "geometry": {
        "type": "Polygon",
        "coordinates": [
          [
            [
              76.3326633,
              32.2453171
            ],
            [
              76.3326662,
              32.2452895
            ],
            [
              76.3327118,
              32.2452929
            ],
            [
              76.3327089,
              32.2453206
            ],
            [
              76.3326633,
              32.2453171
            ]
          ]
        ]
      },
      "id": "way/407879500"
    },
    {
      "type": "Feature",
      "properties": {
        "@id": "way/407879501",
        "building": "yes"
      },
      "geometry": {
        "type": "Polygon",
        "coordinates": [
          [
            [
              76.3321137,
              32.242738
            ],
            [
              76.3320862,
              32.2426565
            ],
            [
              76.3322082,
              32.242627
            ],
            [
              76.3322358,
              32.2427085
            ],
            [
              76.3321137,
              32.242738
            ]
          ]
        ]
      },
      "id": "way/407879501"
    },
    {
      "type": "Feature",
      "properties": {
        "@id": "way/407879503",
        "building": "yes"
      },
      "geometry": {
        "type": "Polygon",
        "coordinates": [
          [
            [
              76.3335377,
              32.2457056
            ],
            [
              76.3335683,
              32.2456692
            ],
            [
              76.3336608,
              32.2457248
            ],
            [
              76.3336302,
              32.2457612
            ],
            [
              76.3335377,
              32.2457056
            ]
          ]
        ]
      },
      "id": "way/407879503"
    },
    {
      "type": "Feature",
      "properties": {
        "@id": "way/407879504",
        "building": "yes"
      },
      "geometry": {
        "type": "Polygon",
        "coordinates": [
          [
            [
              76.3336302,
              32.2473549
            ],
            [
              76.3337018,
              32.2472696
            ],
            [
              76.3337528,
              32.2473003
            ],
            [
              76.3336812,
              32.2473855
            ],
            [
              76.3336302,
              32.2473549
            ]
          ]
        ]
      },
      "id": "way/407879504"
    },
    {
      "type": "Feature",
      "properties": {
        "@id": "way/407879505",
        "building": "yes"
      },
      "geometry": {
        "type": "Polygon",
        "coordinates": [
          [
            [
              76.3332467,
              32.2447954
            ],
            [
              76.3332944,
              32.2446625
            ],
            [
              76.3333644,
              32.2446805
            ],
            [
              76.3333166,
              32.2448134
            ],
            [
              76.3332467,
              32.2447954
            ]
          ]
        ]
      },
      "id": "way/407879505"
    },
    {
      "type": "Feature",
      "properties": {
        "@id": "way/407879506",
        "building": "yes"
      },
      "geometry": {
        "type": "Polygon",
        "coordinates": [
          [
            [
              76.3326757,
              32.2450184
            ],
            [
              76.3327361,
              32.2449039
            ],
            [
              76.3328596,
              32.2449505
            ],
            [
              76.3328149,
              32.2450353
            ],
            [
              76.3327395,
              32.2450069
            ],
            [
              76.3327238,
              32.2450366
            ],
            [
              76.3326757,
              32.2450184
            ]
          ]
        ]
      },
      "id": "way/407879506"
    },
    {
      "type": "Feature",
      "properties": {
        "@id": "way/407879507",
        "building": "yes"
      },
      "geometry": {
        "type": "Polygon",
        "coordinates": [
          [
            [
              76.3327169,
              32.2453699
            ],
            [
              76.332719,
              32.2453348
            ],
            [
              76.3327599,
              32.2453365
            ],
            [
              76.3327579,
              32.2453716
            ],
            [
              76.3327169,
              32.2453699
            ]
          ]
        ]
      },
      "id": "way/407879507"
    },
    {
      "type": "Feature",
      "properties": {
        "@id": "way/407879508",
        "building": "yes"
      },
      "geometry": {
        "type": "Polygon",
        "coordinates": [
          [
            [
              76.3340117,
              32.2446751
            ],
            [
              76.3340288,
              32.2445487
            ],
            [
              76.3341405,
              32.2445595
            ],
            [
              76.3341235,
              32.2446858
            ],
            [
              76.3340117,
              32.2446751
            ]
          ]
        ]
      },
      "id": "way/407879508"
    },
    {
      "type": "Feature",
      "properties": {
        "@id": "way/407879509",
        "building": "yes"
      },
      "geometry": {
        "type": "Polygon",
        "coordinates": [
          [
            [
              76.3334894,
              32.2470963
            ],
            [
              76.3334601,
              32.2470365
            ],
            [
              76.3335055,
              32.2470205
            ],
            [
              76.3335349,
              32.2470803
            ],
            [
              76.3334894,
              32.2470963
            ]
          ]
        ]
      },
      "id": "way/407879509"
    },
    {
      "type": "Feature",
      "properties": {
        "@id": "way/407879510",
        "building": "yes"
      },
      "geometry": {
        "type": "Polygon",
        "coordinates": [
          [
            [
              76.333786,
              32.2457872
            ],
            [
              76.3336831,
              32.2458209
            ],
            [
              76.3336524,
              32.2457539
            ],
            [
              76.3337553,
              32.2457202
            ],
            [
              76.333786,
              32.2457872
            ]
          ]
        ]
      },
      "id": "way/407879510"
    },
    {
      "type": "Feature",
      "properties": {
        "@id": "way/407879511",
        "building": "yes"
      },
      "geometry": {
        "type": "Polygon",
        "coordinates": [
          [
            [
              76.333698,
              32.2470367
            ],
            [
              76.3337013,
              32.2469394
            ],
            [
              76.3337476,
              32.2469406
            ],
            [
              76.3337442,
              32.2470378
            ],
            [
              76.333698,
              32.2470367
            ]
          ]
        ]
      },
      "id": "way/407879511"
    },
    {
      "type": "Feature",
      "properties": {
        "@id": "way/407879512",
        "building": "yes"
      },
      "geometry": {
        "type": "Polygon",
        "coordinates": [
          [
            [
              76.3322523,
              32.2457283
            ],
            [
              76.3322696,
              32.2456334
            ],
            [
              76.3323346,
              32.2456419
            ],
            [
              76.3323173,
              32.2457368
            ],
            [
              76.3322523,
              32.2457283
            ]
          ]
        ]
      },
      "id": "way/407879512"
    },
    {
      "type": "Feature",
      "properties": {
        "@id": "way/407879513",
        "building": "yes"
      },
      "geometry": {
        "type": "Polygon",
        "coordinates": [
          [
            [
              76.3303515,
              32.2434679
            ],
            [
              76.3304157,
              32.2433826
            ],
            [
              76.3304747,
              32.2434144
            ],
            [
              76.3304105,
              32.2434997
            ],
            [
              76.3303515,
              32.2434679
            ]
          ]
        ]
      },
      "id": "way/407879513"
    },
    {
      "type": "Feature",
      "properties": {
        "@id": "way/407879515",
        "building": "yes"
      },
      "geometry": {
        "type": "Polygon",
        "coordinates": [
          [
            [
              76.3310714,
              32.2457623
            ],
            [
              76.3310573,
              32.2457233
            ],
            [
              76.3311539,
              32.2456984
            ],
            [
              76.331168,
              32.2457374
            ],
            [
              76.3310714,
              32.2457623
            ]
          ]
        ]
      },
      "id": "way/407879515"
    },
    {
      "type": "Feature",
      "properties": {
        "@id": "way/407879517",
        "building": "yes"
      },
      "geometry": {
        "type": "Polygon",
        "coordinates": [
          [
            [
              76.3325694,
              32.2468087
            ],
            [
              76.33256,
              32.2467254
            ],
            [
              76.3326164,
              32.2467208
            ],
            [
              76.3326258,
              32.2468042
            ],
            [
              76.3325694,
              32.2468087
            ]
          ]
        ]
      },
      "id": "way/407879517"
    },
    {
      "type": "Feature",
      "properties": {
        "@id": "way/407879518",
        "building": "yes"
      },
      "geometry": {
        "type": "Polygon",
        "coordinates": [
          [
            [
              76.3337348,
              32.2446643
            ],
            [
              76.3336859,
              32.2444863
            ],
            [
              76.3338187,
              32.2444602
            ],
            [
              76.3338676,
              32.2446382
            ],
            [
              76.3337348,
              32.2446643
            ]
          ]
        ]
      },
      "id": "way/407879518"
    },
    {
      "type": "Feature",
      "properties": {
        "@id": "way/407879519",
        "building": "yes"
      },
      "geometry": {
        "type": "Polygon",
        "coordinates": [
          [
            [
              76.3333687,
              32.2471649
            ],
            [
              76.3333189,
              32.2470885
            ],
            [
              76.3333698,
              32.2470647
            ],
            [
              76.3334197,
              32.247141
            ],
            [
              76.3333687,
              32.2471649
            ]
          ]
        ]
      },
      "id": "way/407879519"
    },
    {
      "type": "Feature",
      "properties": {
        "@id": "way/407879520",
        "building": "yes"
      },
      "geometry": {
        "type": "Polygon",
        "coordinates": [
          [
            [
              76.3344469,
              32.2432958
            ],
            [
              76.3343299,
              32.2431894
            ],
            [
              76.3343876,
              32.243144
            ],
            [
              76.3345046,
              32.2432504
            ],
            [
              76.3344469,
              32.2432958
            ]
          ]
        ]
      },
      "id": "way/407879520"
    },
    {
      "type": "Feature",
      "properties": {
        "@id": "way/407879521",
        "building": "yes"
      },
      "geometry": {
        "type": "Polygon",
        "coordinates": [
          [
            [
              76.3338246,
              32.2401745
            ],
            [
              76.3338033,
              32.2400828
            ],
            [
              76.3338851,
              32.2400692
            ],
            [
              76.3339065,
              32.2401608
            ],
            [
              76.3338246,
              32.2401745
            ]
          ]
        ]
      },
      "id": "way/407879521"
    },
    {
      "type": "Feature",
      "properties": {
        "@id": "way/407879522",
        "building": "yes"
      },
      "geometry": {
        "type": "Polygon",
        "coordinates": [
          [
            [
              76.3326147,
              32.2451268
            ],
            [
              76.3326253,
              32.245055
            ],
            [
              76.3327047,
              32.2450634
            ],
            [
              76.3326941,
              32.2451352
            ],
            [
              76.3326147,
              32.2451268
            ]
          ]
        ]
      },
      "id": "way/407879522"
    },
    {
      "type": "Feature",
      "properties": {
        "@id": "way/407879523",
        "building": "yes"
      },
      "geometry": {
        "type": "Polygon",
        "coordinates": [
          [
            [
              76.3340154,
              32.243464
            ],
            [
              76.3340758,
              32.2433959
            ],
            [
              76.3341401,
              32.2434367
            ],
            [
              76.3340798,
              32.2435048
            ],
            [
              76.3340154,
              32.243464
            ]
          ]
        ]
      },
      "id": "way/407879523"
    },
    {
      "type": "Feature",
      "properties": {
        "@id": "way/407879525",
        "building": "yes"
      },
      "geometry": {
        "type": "Polygon",
        "coordinates": [
          [
            [
              76.3316258,
              32.2463918
            ],
            [
              76.3316694,
              32.2463373
            ],
            [
              76.331713,
              32.2463623
            ],
            [
              76.3316694,
              32.2464168
            ],
            [
              76.3316258,
              32.2463918
            ]
          ]
        ]
      },
      "id": "way/407879525"
    },
    {
      "type": "Feature",
      "properties": {
        "@id": "way/407879527",
        "building": "yes"
      },
      "geometry": {
        "type": "Polygon",
        "coordinates": [
          [
            [
              76.3317587,
              32.2455315
            ],
            [
              76.3317847,
              32.2454421
            ],
            [
              76.3318665,
              32.2454591
            ],
            [
              76.3318405,
              32.2455485
            ],
            [
              76.3317587,
              32.2455315
            ]
          ]
        ]
      },
      "id": "way/407879527"
    },
    {
      "type": "Feature",
      "properties": {
        "@id": "way/407879528",
        "building": "yes"
      },
      "geometry": {
        "type": "Polygon",
        "coordinates": [
          [
            [
              76.3307938,
              32.2458247
            ],
            [
              76.3306613,
              32.245722
            ],
            [
              76.3307055,
              32.2456812
            ],
            [
              76.3308381,
              32.2457839
            ],
            [
              76.3307938,
              32.2458247
            ]
          ]
        ]
      },
      "id": "way/407879528"
    },
    {
      "type": "Feature",
      "properties": {
        "@id": "way/407879530",
        "building": "yes"
      },
      "geometry": {
        "type": "Polygon",
        "coordinates": [
          [
            [
              76.3322342,
              32.2468405
            ],
            [
              76.3322189,
              32.2467808
            ],
            [
              76.3322993,
              32.2467661
            ],
            [
              76.3323146,
              32.2468257
            ],
            [
              76.3322342,
              32.2468405
            ]
          ]
        ]
      },
      "id": "way/407879530"
    },
    {
      "type": "Feature",
      "properties": {
        "@id": "way/407879531",
        "building": "yes"
      },
      "geometry": {
        "type": "Polygon",
        "coordinates": [
          [
            [
              76.3349645,
              32.2442654
            ],
            [
              76.3349376,
              32.244257
            ],
            [
              76.3349673,
              32.2441887
            ],
            [
              76.3349943,
              32.2441971
            ],
            [
              76.3349645,
              32.2442654
            ]
          ]
        ]
      },
      "id": "way/407879531"
    },
    {
      "type": "Feature",
      "properties": {
        "@id": "way/407879532",
        "building": "yes"
      },
      "geometry": {
        "type": "Polygon",
        "coordinates": [
          [
            [
              76.3307455,
              32.2442379
            ],
            [
              76.3307683,
              32.2441454
            ],
            [
              76.3308649,
              32.2441624
            ],
            [
              76.3308421,
              32.2442549
            ],
            [
              76.3307455,
              32.2442379
            ]
          ]
        ]
      },
      "id": "way/407879532"
    },
    {
      "type": "Feature",
      "properties": {
        "@id": "way/407879533",
        "building": "yes",
        "name": "La Siesta",
        "tourism": "hostel"
      },
      "geometry": {
        "type": "Polygon",
        "coordinates": [
          [
            [
              76.3325255,
              32.2454987
            ],
            [
              76.332707,
              32.2455275
            ],
            [
              76.3326879,
              32.2456138
            ],
            [
              76.3325064,
              32.2455851
            ],
            [
              76.3325255,
              32.2454987
            ]
          ]
        ]
      },
      "id": "way/407879533"
    },
    {
      "type": "Feature",
      "properties": {
        "@id": "way/407879534",
        "building": "yes"
      },
      "geometry": {
        "type": "Polygon",
        "coordinates": [
          [
            [
              76.3338444,
              32.2428214
            ],
            [
              76.3338138,
              32.2427283
            ],
            [
              76.3339439,
              32.2426977
            ],
            [
              76.3339745,
              32.2427908
            ],
            [
              76.3338444,
              32.2428214
            ]
          ]
        ]
      },
      "id": "way/407879534"
    },
    {
      "type": "Feature",
      "properties": {
        "@id": "way/407879535",
        "building": "yes"
      },
      "geometry": {
        "type": "Polygon",
        "coordinates": [
          [
            [
              76.3317807,
              32.2456728
            ],
            [
              76.3318189,
              32.2455716
            ],
            [
              76.3318889,
              32.2455905
            ],
            [
              76.3318506,
              32.2456917
            ],
            [
              76.3317807,
              32.2456728
            ]
          ]
        ]
      },
      "id": "way/407879535"
    },
    {
      "type": "Feature",
      "properties": {
        "@id": "way/407879536",
        "building": "yes"
      },
      "geometry": {
        "type": "Polygon",
        "coordinates": [
          [
            [
              76.3348385,
              32.2433015
            ],
            [
              76.3348352,
              32.2432403
            ],
            [
              76.3348942,
              32.2432381
            ],
            [
              76.3348975,
              32.2432992
            ],
            [
              76.3348385,
              32.2433015
            ]
          ]
        ]
      },
      "id": "way/407879536"
    },
    {
      "type": "Feature",
      "properties": {
        "@id": "way/407879537",
        "building": "yes"
      },
      "geometry": {
        "type": "Polygon",
        "coordinates": [
          [
            [
              76.3325067,
              32.2415266
            ],
            [
              76.3325357,
              32.2414647
            ],
            [
              76.3325712,
              32.2414766
            ],
            [
              76.3325422,
              32.2415385
            ],
            [
              76.3325067,
              32.2415266
            ]
          ]
        ]
      },
      "id": "way/407879537"
    },
    {
      "type": "Feature",
      "properties": {
        "@id": "way/407879538",
        "building": "yes"
      },
      "geometry": {
        "type": "Polygon",
        "coordinates": [
          [
            [
              76.3340342,
              32.2432757
            ],
            [
              76.334112,
              32.2433233
            ],
            [
              76.334062,
              32.2433817
            ],
            [
              76.3339842,
              32.243334
            ],
            [
              76.3340342,
              32.2432757
            ]
          ]
        ]
      },
      "id": "way/407879538"
    },
    {
      "type": "Feature",
      "properties": {
        "@id": "way/407879539",
        "building": "yes"
      },
      "geometry": {
        "type": "Polygon",
        "coordinates": [
          [
            [
              76.33302,
              32.2457147
            ],
            [
              76.3330282,
              32.2456693
            ],
            [
              76.3330724,
              32.245675
            ],
            [
              76.3330643,
              32.2457204
            ],
            [
              76.33302,
              32.2457147
            ]
          ]
        ]
      },
      "id": "way/407879539"
    },
    {
      "type": "Feature",
      "properties": {
        "@id": "way/407879540",
        "building": "yes"
      },
      "geometry": {
        "type": "Polygon",
        "coordinates": [
          [
            [
              76.3302956,
              32.2445112
            ],
            [
              76.3303415,
              32.2444429
            ],
            [
              76.3304643,
              32.2445019
            ],
            [
              76.3304183,
              32.2445702
            ],
            [
              76.3302956,
              32.2445112
            ]
          ]
        ]
      },
      "id": "way/407879540"
    },
    {
      "type": "Feature",
      "properties": {
        "@id": "way/407879541",
        "building": "yes"
      },
      "geometry": {
        "type": "Polygon",
        "coordinates": [
          [
            [
              76.3312898,
              32.2421886
            ],
            [
              76.3314005,
              32.2423008
            ],
            [
              76.3312418,
              32.2424129
            ],
            [
              76.3311311,
              32.2423007
            ],
            [
              76.3312898,
              32.2421886
            ]
          ]
        ]
      },
      "id": "way/407879541"
    },
    {
      "type": "Feature",
      "properties": {
        "@id": "way/407879542",
        "building": "yes"
      },
      "geometry": {
        "type": "Polygon",
        "coordinates": [
          [
            [
              76.3348828,
              32.2442339
            ],
            [
              76.3349054,
              32.2441636
            ],
            [
              76.3349497,
              32.2441738
            ],
            [
              76.334927,
              32.2442441
            ],
            [
              76.3348828,
              32.2442339
            ]
          ]
        ]
      },
      "id": "way/407879542"
    },
    {
      "type": "Feature",
      "properties": {
        "@id": "way/407879543",
        "building": "yes"
      },
      "geometry": {
        "type": "Polygon",
        "coordinates": [
          [
            [
              76.335147,
              32.2433525
            ],
            [
              76.3351538,
              32.2432604
            ],
            [
              76.3352182,
              32.2432638
            ],
            [
              76.3352113,
              32.2433559
            ],
            [
              76.335147,
              32.2433525
            ]
          ]
        ]
      },
      "id": "way/407879543"
    },
    {
      "type": "Feature",
      "properties": {
        "@id": "way/407879544",
        "building": "yes"
      },
      "geometry": {
        "type": "Polygon",
        "coordinates": [
          [
            [
              76.3326314,
              32.2413349
            ],
            [
              76.3326558,
              32.2412576
            ],
            [
              76.332741,
              32.2412769
            ],
            [
              76.3327166,
              32.2413542
            ],
            [
              76.3326314,
              32.2413349
            ]
          ]
        ]
      },
      "id": "way/407879544"
    },
    {
      "type": "Feature",
      "properties": {
        "@id": "way/407879545",
        "building": "yes"
      },
      "geometry": {
        "type": "Polygon",
        "coordinates": [
          [
            [
              76.3313373,
              32.2454538
            ],
            [
              76.3314182,
              32.2454279
            ],
            [
              76.3314716,
              32.2455475
            ],
            [
              76.3313907,
              32.2455734
            ],
            [
              76.3313373,
              32.2454538
            ]
          ]
        ]
      },
      "id": "way/407879545"
    },
    {
      "type": "Feature",
      "properties": {
        "@id": "way/407879546",
        "building": "yes"
      },
      "geometry": {
        "type": "Polygon",
        "coordinates": [
          [
            [
              76.3340878,
              32.2431645
            ],
            [
              76.3342112,
              32.2432371
            ],
            [
              76.3341605,
              32.2432988
            ],
            [
              76.3340371,
              32.2432262
            ],
            [
              76.3340878,
              32.2431645
            ]
          ]
        ]
      },
      "id": "way/407879546"
    },
    {
      "type": "Feature",
      "properties": {
        "@id": "way/407879547",
        "building": "yes"
      },
      "geometry": {
        "type": "Polygon",
        "coordinates": [
          [
            [
              76.3330951,
              32.2457295
            ],
            [
              76.3331256,
              32.2456758
            ],
            [
              76.3332624,
              32.2457314
            ],
            [
              76.3332319,
              32.245785
            ],
            [
              76.3330951,
              32.2457295
            ]
          ]
        ]
      },
      "id": "way/407879547"
    },
    {
      "type": "Feature",
      "properties": {
        "@id": "way/407879548",
        "building": "yes"
      },
      "geometry": {
        "type": "Polygon",
        "coordinates": [
          [
            [
              76.3304941,
              32.2444199
            ],
            [
              76.330537,
              32.2442764
            ],
            [
              76.33059,
              32.2442877
            ],
            [
              76.330547,
              32.2444313
            ],
            [
              76.3304941,
              32.2444199
            ]
          ]
        ]
      },
      "id": "way/407879548"
    },
    {
      "type": "Feature",
      "properties": {
        "@id": "way/407879549",
        "building": "yes"
      },
      "geometry": {
        "type": "Polygon",
        "coordinates": [
          [
            [
              76.3323592,
              32.2427284
            ],
            [
              76.3323025,
              32.2426599
            ],
            [
              76.3323561,
              32.2426281
            ],
            [
              76.3324128,
              32.2426966
            ],
            [
              76.3323592,
              32.2427284
            ]
          ]
        ]
      },
      "id": "way/407879549"
    },
    {
      "type": "Feature",
      "properties": {
        "@id": "way/407879550",
        "building": "yes"
      },
      "geometry": {
        "type": "Polygon",
        "coordinates": [
          [
            [
              76.3319257,
              32.2460238
            ],
            [
              76.3319633,
              32.2459685
            ],
            [
              76.332031,
              32.2460014
            ],
            [
              76.3319934,
              32.2460567
            ],
            [
              76.3319257,
              32.2460238
            ]
          ]
        ]
      },
      "id": "way/407879550"
    },
    {
      "type": "Feature",
      "properties": {
        "@id": "way/407879551",
        "building": "yes"
      },
      "geometry": {
        "type": "Polygon",
        "coordinates": [
          [
            [
              76.3342216,
              32.2445429
            ],
            [
              76.3342328,
              32.2444648
            ],
            [
              76.3343883,
              32.2444806
            ],
            [
              76.3343772,
              32.2445588
            ],
            [
              76.3342216,
              32.2445429
            ]
          ]
        ]
      },
      "id": "way/407879551"
    },
    {
      "type": "Feature",
      "properties": {
        "@id": "way/407879552",
        "building": "yes"
      },
      "geometry": {
        "type": "Polygon",
        "coordinates": [
          [
            [
              76.332554,
              32.2453432
            ],
            [
              76.3325559,
              32.2452482
            ],
            [
              76.3326363,
              32.2452494
            ],
            [
              76.3326345,
              32.2453444
            ],
            [
              76.332554,
              32.2453432
            ]
          ]
        ]
      },
      "id": "way/407879552"
    },
    {
      "type": "Feature",
      "properties": {
        "@id": "way/407879553",
        "building": "yes"
      },
      "geometry": {
        "type": "Polygon",
        "coordinates": [
          [
            [
              76.3334358,
              32.2471365
            ],
            [
              76.3334007,
              32.2470787
            ],
            [
              76.333453,
              32.247056
            ],
            [
              76.3334881,
              32.2471138
            ],
            [
              76.3334358,
              32.2471365
            ]
          ]
        ]
      },
      "id": "way/407879553"
    },
    {
      "type": "Feature",
      "properties": {
        "@id": "way/407879554",
        "building": "yes"
      },
      "geometry": {
        "type": "Polygon",
        "coordinates": [
          [
            [
              76.3314206,
              32.2460815
            ],
            [
              76.3314043,
              32.246006
            ],
            [
              76.3315632,
              32.2459815
            ],
            [
              76.3315795,
              32.246057
            ],
            [
              76.3314206,
              32.2460815
            ]
          ]
        ]
      },
      "id": "way/407879554"
    },
    {
      "type": "Feature",
      "properties": {
        "@id": "way/407879555",
        "building": "yes"
      },
      "geometry": {
        "type": "Polygon",
        "coordinates": [
          [
            [
              76.3315616,
              32.2453829
            ],
            [
              76.3316689,
              32.245375
            ],
            [
              76.3316845,
              32.2455259
            ],
            [
              76.3315772,
              32.2455338
            ],
            [
              76.3315616,
              32.2453829
            ]
          ]
        ]
      },
      "id": "way/407879555"
    },
    {
      "type": "Feature",
      "properties": {
        "@id": "way/407879556",
        "building": "yes"
      },
      "geometry": {
        "type": "Polygon",
        "coordinates": [
          [
            [
              76.3348412,
              32.2435374
            ],
            [
              76.3349028,
              32.2434223
            ],
            [
              76.3349591,
              32.2434438
            ],
            [
              76.3348975,
              32.243559
            ],
            [
              76.3348412,
              32.2435374
            ]
          ]
        ]
      },
      "id": "way/407879556"
    },
    {
      "type": "Feature",
      "properties": {
        "@id": "way/407879557",
        "building": "yes"
      },
      "geometry": {
        "type": "Polygon",
        "coordinates": [
          [
            [
              76.333775,
              32.2441915
            ],
            [
              76.3338601,
              32.2441043
            ],
            [
              76.3339976,
              32.2442002
            ],
            [
              76.3339125,
              32.2442875
            ],
            [
              76.333775,
              32.2441915
            ]
          ]
        ]
      },
      "id": "way/407879557"
    },
    {
      "type": "Feature",
      "properties": {
        "@id": "way/407879558",
        "building": "yes"
      },
      "geometry": {
        "type": "Polygon",
        "coordinates": [
          [
            [
              76.3324799,
              32.2428883
            ],
            [
              76.3323608,
              32.2427736
            ],
            [
              76.3324158,
              32.2427328
            ],
            [
              76.3325348,
              32.2428475
            ],
            [
              76.3324799,
              32.2428883
            ]
          ]
        ]
      },
      "id": "way/407879558"
    },
    {
      "type": "Feature",
      "properties": {
        "@id": "way/407879560",
        "building": "yes"
      },
      "geometry": {
        "type": "Polygon",
        "coordinates": [
          [
            [
              76.3329054,
              32.2454924
            ],
            [
              76.332924,
              32.2454287
            ],
            [
              76.3329783,
              32.24544
            ],
            [
              76.3329597,
              32.2455037
            ],
            [
              76.3329054,
              32.2454924
            ]
          ]
        ]
      },
      "id": "way/407879560"
    },
    {
      "type": "Feature",
      "properties": {
        "@id": "way/407879561",
        "building": "yes"
      },
      "geometry": {
        "type": "Polygon",
        "coordinates": [
          [
            [
              76.3336093,
              32.2441077
            ],
            [
              76.3334913,
              32.2438765
            ],
            [
              76.3335411,
              32.2438583
            ],
            [
              76.3336163,
              32.2438309
            ],
            [
              76.3337343,
              32.2440621
            ],
            [
              76.3336093,
              32.2441077
            ]
          ]
        ]
      },
      "id": "way/407879561"
    },
    {
      "type": "Feature",
      "properties": {
        "@id": "way/407879562",
        "building": "yes"
      },
      "geometry": {
        "type": "Polygon",
        "coordinates": [
          [
            [
              76.3332597,
              32.2439409
            ],
            [
              76.3332749,
              32.243847
            ],
            [
              76.3334707,
              32.2438697
            ],
            [
              76.3334555,
              32.2439636
            ],
            [
              76.3332597,
              32.2439409
            ]
          ]
        ]
      },
      "id": "way/407879562"
    },
    {
      "type": "Feature",
      "properties": {
        "@id": "way/407879564",
        "building": "yes"
      },
      "geometry": {
        "type": "Polygon",
        "coordinates": [
          [
            [
              76.33152,
              32.2457822
            ],
            [
              76.3315321,
              32.2457295
            ],
            [
              76.3317051,
              32.2457579
            ],
            [
              76.331693,
              32.2458106
            ],
            [
              76.33152,
              32.2457822
            ]
          ]
        ]
      },
      "id": "way/407879564"
    },
    {
      "type": "Feature",
      "properties": {
        "@id": "way/407879565",
        "building": "yes"
      },
      "geometry": {
        "type": "Polygon",
        "coordinates": [
          [
            [
              76.3328108,
              32.245531
            ],
            [
              76.3328371,
              32.2454721
            ],
            [
              76.3328975,
              32.2454914
            ],
            [
              76.3328712,
              32.2455502
            ],
            [
              76.3328108,
              32.245531
            ]
          ]
        ]
      },
      "id": "way/407879565"
    },
    {
      "type": "Feature",
      "properties": {
        "@id": "way/407879566",
        "building": "yes"
      },
      "geometry": {
        "type": "Polygon",
        "coordinates": [
          [
            [
              76.3300522,
              32.2446077
            ],
            [
              76.3300829,
              32.2445643
            ],
            [
              76.3301399,
              32.2445932
            ],
            [
              76.3301092,
              32.2446366
            ],
            [
              76.3300522,
              32.2446077
            ]
          ]
        ]
      },
      "id": "way/407879566"
    },
    {
      "type": "Feature",
      "properties": {
        "@id": "way/407879567",
        "building": "yes"
      },
      "geometry": {
        "type": "Polygon",
        "coordinates": [
          [
            [
              76.3312479,
              32.2460337
            ],
            [
              76.331391,
              32.2460059
            ],
            [
              76.3314178,
              32.2461046
            ],
            [
              76.3312747,
              32.2461324
            ],
            [
              76.3312479,
              32.2460337
            ]
          ]
        ]
      },
      "id": "way/407879567"
    },
    {
      "type": "Feature",
      "properties": {
        "@id": "way/407879568",
        "building": "yes"
      },
      "geometry": {
        "type": "Polygon",
        "coordinates": [
          [
            [
              76.3332463,
              32.244085
            ],
            [
              76.3332529,
              32.2440051
            ],
            [
              76.333446,
              32.2440164
            ],
            [
              76.3334394,
              32.2440963
            ],
            [
              76.3332463,
              32.244085
            ]
          ]
        ]
      },
      "id": "way/407879568"
    },
    {
      "type": "Feature",
      "properties": {
        "@id": "way/407879569",
        "building": "yes"
      },
      "geometry": {
        "type": "Polygon",
        "coordinates": [
          [
            [
              76.3305762,
              32.2434231
            ],
            [
              76.3306049,
              32.2433765
            ],
            [
              76.3306499,
              32.2433964
            ],
            [
              76.3306211,
              32.243443
            ],
            [
              76.3305762,
              32.2434231
            ]
          ]
        ]
      },
      "id": "way/407879569"
    },
    {
      "type": "Feature",
      "properties": {
        "@id": "way/407879570",
        "building": "yes"
      },
      "geometry": {
        "type": "Polygon",
        "coordinates": [
          [
            [
              76.3330469,
              32.2452769
            ],
            [
              76.3330746,
              32.2451927
            ],
            [
              76.3332141,
              32.2452256
            ],
            [
              76.3331863,
              32.2453098
            ],
            [
              76.3330469,
              32.2452769
            ]
          ]
        ]
      },
      "id": "way/407879570"
    },
    {
      "type": "Feature",
      "properties": {
        "@id": "way/407879571",
        "building": "yes"
      },
      "geometry": {
        "type": "Polygon",
        "coordinates": [
          [
            [
              76.3326175,
              32.2448225
            ],
            [
              76.3326524,
              32.2446942
            ],
            [
              76.3326966,
              32.2447028
            ],
            [
              76.3326618,
              32.2448311
            ],
            [
              76.3326175,
              32.2448225
            ]
          ]
        ]
      },
      "id": "way/407879571"
    },
    {
      "type": "Feature",
      "properties": {
        "@id": "way/407879572",
        "building": "yes"
      },
      "geometry": {
        "type": "Polygon",
        "coordinates": [
          [
            [
              76.3302285,
              32.2446332
            ],
            [
              76.3302642,
              32.2445644
            ],
            [
              76.3303406,
              32.2445927
            ],
            [
              76.330305,
              32.2446615
            ],
            [
              76.3302285,
              32.2446332
            ]
          ]
        ]
      },
      "id": "way/407879572"
    },
    {
      "type": "Feature",
      "properties": {
        "@id": "way/407879573",
        "building": "yes"
      },
      "geometry": {
        "type": "Polygon",
        "coordinates": [
          [
            [
              76.3305299,
              32.2435904
            ],
            [
              76.3305988,
              32.2435162
            ],
            [
              76.3306364,
              32.2435412
            ],
            [
              76.3305674,
              32.2436154
            ],
            [
              76.3305299,
              32.2435904
            ]
          ]
        ]
      },
      "id": "way/407879573"
    },
    {
      "type": "Feature",
      "properties": {
        "@id": "way/407879574",
        "building": "yes"
      },
      "geometry": {
        "type": "Polygon",
        "coordinates": [
          [
            [
              76.3326036,
              32.2445714
            ],
            [
              76.3326454,
              32.244487
            ],
            [
              76.3327031,
              32.2445074
            ],
            [
              76.3326613,
              32.2445918
            ],
            [
              76.3326036,
              32.2445714
            ]
          ]
        ]
      },
      "id": "way/407879574"
    },
    {
      "type": "Feature",
      "properties": {
        "@id": "way/407879575",
        "building": "yes"
      },
      "geometry": {
        "type": "Polygon",
        "coordinates": [
          [
            [
              76.3324624,
              32.2421578
            ],
            [
              76.3323759,
              32.2421316
            ],
            [
              76.3324135,
              32.2420431
            ],
            [
              76.3325,
              32.2420693
            ],
            [
              76.3324624,
              32.2421578
            ]
          ]
        ]
      },
      "id": "way/407879575"
    },
    {
      "type": "Feature",
      "properties": {
        "@id": "way/407879576",
        "building": "yes"
      },
      "geometry": {
        "type": "Polygon",
        "coordinates": [
          [
            [
              76.3330377,
              32.2445914
            ],
            [
              76.3330696,
              32.2445035
            ],
            [
              76.3332051,
              32.2445387
            ],
            [
              76.3331732,
              32.2446266
            ],
            [
              76.3330377,
              32.2445914
            ]
          ]
        ]
      },
      "id": "way/407879576"
    },
    {
      "type": "Feature",
      "properties": {
        "@id": "way/407879577",
        "building": "yes"
      },
      "geometry": {
        "type": "Polygon",
        "coordinates": [
          [
            [
              76.3306298,
              32.2434486
            ],
            [
              76.330656,
              32.2434034
            ],
            [
              76.3306875,
              32.2434164
            ],
            [
              76.3306613,
              32.2434617
            ],
            [
              76.3306298,
              32.2434486
            ]
          ]
        ]
      },
      "id": "way/407879577"
    },
    {
      "type": "Feature",
      "properties": {
        "@id": "way/407879578",
        "building": "yes"
      },
      "geometry": {
        "type": "Polygon",
        "coordinates": [
          [
            [
              76.3321758,
              32.2446984
            ],
            [
              76.3322053,
              32.2445929
            ],
            [
              76.3323778,
              32.2446274
            ],
            [
              76.3323483,
              32.2447329
            ],
            [
              76.3321758,
              32.2446984
            ]
          ]
        ]
      },
      "id": "way/407879578"
    },
    {
      "type": "Feature",
      "properties": {
        "@id": "way/407879579",
        "building": "yes"
      },
      "geometry": {
        "type": "Polygon",
        "coordinates": [
          [
            [
              76.3303918,
              32.2436596
            ],
            [
              76.3304808,
              32.2435269
            ],
            [
              76.3305305,
              32.2435507
            ],
            [
              76.3304414,
              32.2436834
            ],
            [
              76.3303918,
              32.2436596
            ]
          ]
        ]
      },
      "id": "way/407879579"
    },
    {
      "type": "Feature",
      "properties": {
        "@id": "way/407879581",
        "building": "yes"
      },
      "geometry": {
        "type": "Polygon",
        "coordinates": [
          [
            [
              76.3313472,
              32.2444452
            ],
            [
              76.3311129,
              32.2443756
            ],
            [
              76.3312491,
              32.2440474
            ],
            [
              76.3314835,
              32.2441169
            ],
            [
              76.3313472,
              32.2444452
            ]
          ]
        ]
      },
      "id": "way/407879581"
    },
    {
      "type": "Feature",
      "properties": {
        "@id": "way/407879583",
        "building": "yes"
      },
      "geometry": {
        "type": "Polygon",
        "coordinates": [
          [
            [
              76.3329537,
              32.2451544
            ],
            [
              76.3329964,
              32.2451028
            ],
            [
              76.3330548,
              32.2451374
            ],
            [
              76.333012,
              32.245189
            ],
            [
              76.3329537,
              32.2451544
            ]
          ]
        ]
      },
      "id": "way/407879583"
    },
    {
      "type": "Feature",
      "properties": {
        "@id": "way/407879585",
        "building": "yes"
      },
      "geometry": {
        "type": "Polygon",
        "coordinates": [
          [
            [
              76.3323598,
              32.2426121
            ],
            [
              76.3323942,
              32.2425214
            ],
            [
              76.3324653,
              32.2425407
            ],
            [
              76.3324309,
              32.2426314
            ],
            [
              76.3323598,
              32.2426121
            ]
          ]
        ]
      },
      "id": "way/407879585"
    },
    {
      "type": "Feature",
      "properties": {
        "@id": "way/407879586",
        "building": "yes"
      },
      "geometry": {
        "type": "Polygon",
        "coordinates": [
          [
            [
              76.3313875,
              32.2424652
            ],
            [
              76.3314652,
              32.242384
            ],
            [
              76.3315564,
              32.2424464
            ],
            [
              76.3314787,
              32.2425276
            ],
            [
              76.3313875,
              32.2424652
            ]
          ]
        ]
      },
      "id": "way/407879586"
    },
    {
      "type": "Feature",
      "properties": {
        "@id": "way/407879588",
        "building": "yes"
      },
      "geometry": {
        "type": "Polygon",
        "coordinates": [
          [
            [
              76.3322952,
              32.245561
            ],
            [
              76.3323349,
              32.245498
            ],
            [
              76.332418,
              32.2455354
            ],
            [
              76.3323783,
              32.2455984
            ],
            [
              76.3322952,
              32.245561
            ]
          ]
        ]
      },
      "id": "way/407879588"
    },
    {
      "type": "Feature",
      "properties": {
        "@id": "way/407879590",
        "building": "yes"
      },
      "geometry": {
        "type": "Polygon",
        "coordinates": [
          [
            [
              76.3321748,
              32.2438388
            ],
            [
              76.3321767,
              32.2437911
            ],
            [
              76.3322558,
              32.2437933
            ],
            [
              76.3322539,
              32.2438411
            ],
            [
              76.3321748,
              32.2438388
            ]
          ]
        ]
      },
      "id": "way/407879590"
    },
    {
      "type": "Feature",
      "properties": {
        "@id": "way/407879592",
        "building": "yes"
      },
      "geometry": {
        "type": "Polygon",
        "coordinates": [
          [
            [
              76.3313292,
              32.2431265
            ],
            [
              76.3314158,
              32.2430278
            ],
            [
              76.3314574,
              32.2430539
            ],
            [
              76.3313708,
              32.2431526
            ],
            [
              76.3313292,
              32.2431265
            ]
          ]
        ]
      },
      "id": "way/407879592"
    },
    {
      "type": "Feature",
      "properties": {
        "@id": "way/407879594",
        "building": "yes"
      },
      "geometry": {
        "type": "Polygon",
        "coordinates": [
          [
            [
              76.3329094,
              32.2452213
            ],
            [
              76.3329564,
              32.245167
            ],
            [
              76.333004,
              32.2451965
            ],
            [
              76.332957,
              32.2452508
            ],
            [
              76.3329094,
              32.2452213
            ]
          ]
        ]
      },
      "id": "way/407879594"
    },
    {
      "type": "Feature",
      "properties": {
        "@id": "way/407879595",
        "building": "yes"
      },
      "geometry": {
        "type": "Polygon",
        "coordinates": [
          [
            [
              76.3321479,
              32.2431679
            ],
            [
              76.3321682,
              32.243044
            ],
            [
              76.3322554,
              32.2430542
            ],
            [
              76.3322351,
              32.2431781
            ],
            [
              76.3321479,
              32.2431679
            ]
          ]
        ]
      },
      "id": "way/407879595"
    },
    {
      "type": "Feature",
      "properties": {
        "@id": "way/407879596",
        "building": "yes"
      },
      "geometry": {
        "type": "Polygon",
        "coordinates": [
          [
            [
              76.333071,
              32.2451487
            ],
            [
              76.3331138,
              32.2450705
            ],
            [
              76.3332211,
              32.2451125
            ],
            [
              76.3331783,
              32.2451907
            ],
            [
              76.333071,
              32.2451487
            ]
          ]
        ]
      },
      "id": "way/407879596"
    },
    {
      "type": "Feature",
      "properties": {
        "@id": "way/407879598",
        "building": "yes"
      },
      "geometry": {
        "type": "Polygon",
        "coordinates": [
          [
            [
              76.3313486,
              32.2426558
            ],
            [
              76.3314261,
              32.2425556
            ],
            [
              76.3314609,
              32.2425749
            ],
            [
              76.3313835,
              32.2426751
            ],
            [
              76.3313486,
              32.2426558
            ]
          ]
        ]
      },
      "id": "way/407879598"
    },
    {
      "type": "Feature",
      "properties": {
        "@id": "way/407879600",
        "building": "yes"
      },
      "geometry": {
        "type": "Polygon",
        "coordinates": [
          [
            [
              76.3327672,
              32.2446156
            ],
            [
              76.3327203,
              32.2446043
            ],
            [
              76.332748,
              32.2445222
            ],
            [
              76.332795,
              32.2445335
            ],
            [
              76.3327672,
              32.2446156
            ]
          ]
        ]
      },
      "id": "way/407879600"
    },
    {
      "type": "Feature",
      "properties": {
        "@id": "way/407879601",
        "building": "yes"
      },
      "geometry": {
        "type": "Polygon",
        "coordinates": [
          [
            [
              76.3319937,
              32.2440816
            ],
            [
              76.332006,
              32.2439769
            ],
            [
              76.3322085,
              32.2439939
            ],
            [
              76.3321962,
              32.2440986
            ],
            [
              76.3319937,
              32.2440816
            ]
          ]
        ]
      },
      "id": "way/407879601"
    },
    {
      "type": "Feature",
      "properties": {
        "@id": "way/407879602",
        "building": "yes"
      },
      "geometry": {
        "type": "Polygon",
        "coordinates": [
          [
            [
              76.3318407,
              32.2458666
            ],
            [
              76.3318486,
              32.245757
            ],
            [
              76.331931,
              32.2457613
            ],
            [
              76.3319231,
              32.2458709
            ],
            [
              76.3318407,
              32.2458666
            ]
          ]
        ]
      },
      "id": "way/407879602"
    },
    {
      "type": "Feature",
      "properties": {
        "@id": "way/407879604",
        "building": "yes"
      },
      "geometry": {
        "type": "Polygon",
        "coordinates": [
          [
            [
              76.3306412,
              32.2433307
            ],
            [
              76.3306754,
              32.2432765
            ],
            [
              76.3307244,
              32.2432986
            ],
            [
              76.3306901,
              32.2433528
            ],
            [
              76.3306412,
              32.2433307
            ]
          ]
        ]
      },
      "id": "way/407879604"
    },
    {
      "type": "Feature",
      "properties": {
        "@id": "way/407879605",
        "building": "yes"
      },
      "geometry": {
        "type": "Polygon",
        "coordinates": [
          [
            [
              76.3328118,
              32.2425032
            ],
            [
              76.3329352,
              32.2425679
            ],
            [
              76.3328738,
              32.2426516
            ],
            [
              76.3327504,
              32.242587
            ],
            [
              76.3328118,
              32.2425032
            ]
          ]
        ]
      },
      "id": "way/407879605"
    },
    {
      "type": "Feature",
      "properties": {
        "@id": "way/407879607",
        "building": "yes"
      },
      "geometry": {
        "type": "Polygon",
        "coordinates": [
          [
            [
              76.3332091,
              32.2452009
            ],
            [
              76.3332534,
              32.245124
            ],
            [
              76.333358,
              32.2451671
            ],
            [
              76.3333137,
              32.245244
            ],
            [
              76.3332091,
              32.2452009
            ]
          ]
        ]
      },
      "id": "way/407879607"
    },
    {
      "type": "Feature",
      "properties": {
        "@id": "way/407879608",
        "building": "yes"
      },
      "geometry": {
        "type": "Polygon",
        "coordinates": [
          [
            [
              76.331037,
              32.2446304
            ],
            [
              76.3310909,
              32.2444757
            ],
            [
              76.3311993,
              32.2445027
            ],
            [
              76.3311454,
              32.2446574
            ],
            [
              76.331037,
              32.2446304
            ]
          ]
        ]
      },
      "id": "way/407879608"
    },
    {
      "type": "Feature",
      "properties": {
        "@id": "way/407879609",
        "building": "yes"
      },
      "geometry": {
        "type": "Polygon",
        "coordinates": [
          [
            [
              76.3318343,
              32.246008
            ],
            [
              76.331894,
              32.2460187
            ],
            [
              76.3318643,
              32.246137
            ],
            [
              76.3318046,
              32.2461263
            ],
            [
              76.3318343,
              32.246008
            ]
          ]
        ]
      },
      "id": "way/407879609"
    },
    {
      "type": "Feature",
      "properties": {
        "@id": "way/407879611",
        "building": "yes"
      },
      "geometry": {
        "type": "Polygon",
        "coordinates": [
          [
            [
              76.3317845,
              32.2428645
            ],
            [
              76.3318315,
              32.2426914
            ],
            [
              76.3319307,
              32.2427107
            ],
            [
              76.3318837,
              32.2428838
            ],
            [
              76.3317845,
              32.2428645
            ]
          ]
        ]
      },
      "id": "way/407879611"
    },
    {
      "type": "Feature",
      "properties": {
        "@id": "way/407879612",
        "building": "yes"
      },
      "geometry": {
        "type": "Polygon",
        "coordinates": [
          [
            [
              76.3328477,
              32.244526
            ],
            [
              76.3327655,
              32.2445043
            ],
            [
              76.3328178,
              32.2443625
            ],
            [
              76.3329,
              32.2443842
            ],
            [
              76.3328477,
              32.244526
            ]
          ]
        ]
      },
      "id": "way/407879612"
    },
    {
      "type": "Feature",
      "properties": {
        "@id": "way/407879615",
        "addr:street": "Vaishno Mata Mandir, Bhagsu Nag",
        "building": "yes",
        "charge": "From 250 Rs./person",
        "check_date": "2023-08-04",
        "internet_access": "wlan",
        "name": "Rahgir Hostel",
        "tourism": "hostel"
      },
      "geometry": {
        "type": "Polygon",
        "coordinates": [
          [
            [
              76.3328844,
              32.2453687
            ],
            [
              76.3327676,
              32.2453015
            ],
            [
              76.3328142,
              32.2452527
            ],
            [
              76.3329263,
              32.2453226
            ],
            [
              76.3329563,
              32.2452815
            ],
            [
              76.3330082,
              32.2453043
            ],
            [
              76.3329384,
              32.2453922
            ],
            [
              76.3328844,
              32.2453687
            ]
          ]
        ]
      },
      "id": "way/407879615"
    },
    {
      "type": "Feature",
      "properties": {
        "@id": "way/407879616",
        "building": "yes"
      },
      "geometry": {
        "type": "Polygon",
        "coordinates": [
          [
            [
              76.3309155,
              32.2428832
            ],
            [
              76.3309926,
              32.2428
            ],
            [
              76.331061,
              32.2428454
            ],
            [
              76.3309839,
              32.2429286
            ],
            [
              76.3309155,
              32.2428832
            ]
          ]
        ]
      },
      "id": "way/407879616"
    },
    {
      "type": "Feature",
      "properties": {
        "@id": "way/407879618",
        "building": "yes"
      },
      "geometry": {
        "type": "Polygon",
        "coordinates": [
          [
            [
              76.3327099,
              32.242468
            ],
            [
              76.3327663,
              32.2423896
            ],
            [
              76.3328346,
              32.2424247
            ],
            [
              76.3327782,
              32.2425032
            ],
            [
              76.3327099,
              32.242468
            ]
          ]
        ]
      },
      "id": "way/407879618"
    },
    {
      "type": "Feature",
      "properties": {
        "@id": "way/407879619",
        "building": "yes"
      },
      "geometry": {
        "type": "Polygon",
        "coordinates": [
          [
            [
              76.3334479,
              32.2452644
            ],
            [
              76.3334825,
              32.2452081
            ],
            [
              76.3336394,
              32.2452773
            ],
            [
              76.3336048,
              32.2453336
            ],
            [
              76.3334479,
              32.2452644
            ]
          ]
        ]
      },
      "id": "way/407879619"
    },
    {
      "type": "Feature",
      "properties": {
        "@id": "way/407879620",
        "building": "yes"
      },
      "geometry": {
        "type": "Polygon",
        "coordinates": [
          [
            [
              76.3324132,
              32.2456251
            ],
            [
              76.332443,
              32.2455742
            ],
            [
              76.3325282,
              32.2456099
            ],
            [
              76.3324983,
              32.2456608
            ],
            [
              76.3324132,
              32.2456251
            ]
          ]
        ]
      },
      "id": "way/407879620"
    },
    {
      "type": "Feature",
      "properties": {
        "@id": "way/407879622",
        "building": "yes"
      },
      "geometry": {
        "type": "Polygon",
        "coordinates": [
          [
            [
              76.3326565,
              32.2428262
            ],
            [
              76.3326056,
              32.2427678
            ],
            [
              76.3327771,
              32.2426607
            ],
            [
              76.3328281,
              32.2427192
            ],
            [
              76.3326565,
              32.2428262
            ]
          ]
        ]
      },
      "id": "way/407879622"
    },
    {
      "type": "Feature",
      "properties": {
        "@id": "way/407879624",
        "building": "yes"
      },
      "geometry": {
        "type": "Polygon",
        "coordinates": [
          [
            [
              76.3308243,
              32.2430284
            ],
            [
              76.3309396,
              32.2429308
            ],
            [
              76.3309745,
              32.2429603
            ],
            [
              76.3308591,
              32.2430579
            ],
            [
              76.3308243,
              32.2430284
            ]
          ]
        ]
      },
      "id": "way/407879624"
    },
    {
      "type": "Feature",
      "properties": {
        "@id": "way/407879625",
        "building": "yes"
      },
      "geometry": {
        "type": "Polygon",
        "coordinates": [
          [
            [
              76.3325503,
              32.2425214
            ],
            [
              76.3326172,
              32.2424424
            ],
            [
              76.3327594,
              32.2425286
            ],
            [
              76.3326924,
              32.2426076
            ],
            [
              76.3325503,
              32.2425214
            ]
          ]
        ]
      },
      "id": "way/407879625"
    },
    {
      "type": "Feature",
      "properties": {
        "@id": "way/407879626",
        "building": "yes"
      },
      "geometry": {
        "type": "Polygon",
        "coordinates": [
          [
            [
              76.3331662,
              32.245506
            ],
            [
              76.3332032,
              32.2454588
            ],
            [
              76.3333346,
              32.2455325
            ],
            [
              76.3332976,
              32.2455797
            ],
            [
              76.3331662,
              32.245506
            ]
          ]
        ]
      },
      "id": "way/407879626"
    },
    {
      "type": "Feature",
      "properties": {
        "@id": "way/407879628",
        "building": "yes"
      },
      "geometry": {
        "type": "Polygon",
        "coordinates": [
          [
            [
              76.3323629,
              32.2454839
            ],
            [
              76.3323933,
              32.2454284
            ],
            [
              76.3325033,
              32.2454715
            ],
            [
              76.3324729,
              32.245527
            ],
            [
              76.3323629,
              32.2454839
            ]
          ]
        ]
      },
      "id": "way/407879628"
    },
    {
      "type": "Feature",
      "properties": {
        "@id": "way/407879629",
        "building": "yes"
      },
      "geometry": {
        "type": "Polygon",
        "coordinates": [
          [
            [
              76.3318314,
              32.2432791
            ],
            [
              76.3317907,
              32.2431171
            ],
            [
              76.3319167,
              32.2430944
            ],
            [
              76.3319575,
              32.2432564
            ],
            [
              76.3318314,
              32.2432791
            ]
          ]
        ]
      },
      "id": "way/407879629"
    },
    {
      "type": "Feature",
      "properties": {
        "@id": "way/407879630",
        "building": "yes"
      },
      "geometry": {
        "type": "Polygon",
        "coordinates": [
          [
            [
              76.3336315,
              32.239926
            ],
            [
              76.3336988,
              32.2398237
            ],
            [
              76.3337591,
              32.239852
            ],
            [
              76.3336919,
              32.2399544
            ],
            [
              76.3336315,
              32.239926
            ]
          ]
        ]
      },
      "id": "way/407879630"
    },
    {
      "type": "Feature",
      "properties": {
        "@id": "way/407879632",
        "building": "yes"
      },
      "geometry": {
        "type": "Polygon",
        "coordinates": [
          [
            [
              76.3334575,
              32.2433596
            ],
            [
              76.3334408,
              32.2432146
            ],
            [
              76.3335508,
              32.2432055
            ],
            [
              76.3335675,
              32.2433505
            ],
            [
              76.3334575,
              32.2433596
            ]
          ]
        ]
      },
      "id": "way/407879632"
    },
    {
      "type": "Feature",
      "properties": {
        "@id": "way/407879633",
        "building": "yes"
      },
      "geometry": {
        "type": "Polygon",
        "coordinates": [
          [
            [
              76.3339749,
              32.2442894
            ],
            [
              76.3339957,
              32.2442135
            ],
            [
              76.3342264,
              32.2442589
            ],
            [
              76.3342055,
              32.2443348
            ],
            [
              76.3339749,
              32.2442894
            ]
          ]
        ]
      },
      "id": "way/407879633"
    },
    {
      "type": "Feature",
      "properties": {
        "@id": "way/407879634",
        "building": "yes"
      },
      "geometry": {
        "type": "Polygon",
        "coordinates": [
          [
            [
              76.3302936,
              32.2449604
            ],
            [
              76.3302963,
              32.2448106
            ],
            [
              76.3303822,
              32.2448117
            ],
            [
              76.3303794,
              32.2449616
            ],
            [
              76.3302936,
              32.2449604
            ]
          ]
        ]
      },
      "id": "way/407879634"
    },
    {
      "type": "Feature",
      "properties": {
        "@id": "way/407879635",
        "building": "yes",
        "internet_access": "wlan",
        "name:en": "Sky Pie",
        "opening_hours": "24/7",
        "tourism": "hotel"
      },
      "geometry": {
        "type": "Polygon",
        "coordinates": [
          [
            [
              76.3327688,
              32.2452277
            ],
            [
              76.3328747,
              32.2449906
            ],
            [
              76.332989,
              32.2450272
            ],
            [
              76.3328831,
              32.2452642
            ],
            [
              76.3327688,
              32.2452277
            ]
          ]
        ]
      },
      "id": "way/407879635"
    },
    {
      "type": "Feature",
      "properties": {
        "@id": "way/407879636",
        "building": "yes"
      },
      "geometry": {
        "type": "Polygon",
        "coordinates": [
          [
            [
              76.3352762,
              32.2425846
            ],
            [
              76.3352392,
              32.2425239
            ],
            [
              76.3353494,
              32.2424758
            ],
            [
              76.3353864,
              32.2425365
            ],
            [
              76.3352762,
              32.2425846
            ]
          ]
        ]
      },
      "id": "way/407879636"
    },
    {
      "type": "Feature",
      "properties": {
        "@id": "way/407879637",
        "building": "yes"
      },
      "geometry": {
        "type": "Polygon",
        "coordinates": [
          [
            [
              76.3334037,
              32.2472324
            ],
            [
              76.3333768,
              32.2471785
            ],
            [
              76.3335248,
              32.2471257
            ],
            [
              76.3335517,
              32.2471796
            ],
            [
              76.3334037,
              32.2472324
            ]
          ]
        ]
      },
      "id": "way/407879637"
    },
    {
      "type": "Feature",
      "properties": {
        "@id": "way/407879638",
        "building": "yes"
      },
      "geometry": {
        "type": "Polygon",
        "coordinates": [
          [
            [
              76.3319274,
              32.2443682
            ],
            [
              76.3318614,
              32.2447152
            ],
            [
              76.3316024,
              32.24468
            ],
            [
              76.3316317,
              32.244526
            ],
            [
              76.3317261,
              32.2445389
            ],
            [
              76.3317628,
              32.2443458
            ],
            [
              76.3319274,
              32.2443682
            ]
          ]
        ]
      },
      "id": "way/407879638"
    },
    {
      "type": "Feature",
      "properties": {
        "@id": "way/407879639",
        "building": "yes"
      },
      "geometry": {
        "type": "Polygon",
        "coordinates": [
          [
            [
              76.3334974,
              32.2445804
            ],
            [
              76.3334358,
              32.2444553
            ],
            [
              76.3335198,
              32.2444257
            ],
            [
              76.3335373,
              32.2444611
            ],
            [
              76.3336015,
              32.2444384
            ],
            [
              76.3336041,
              32.2444437
            ],
            [
              76.3336458,
              32.2445279
            ],
            [
              76.3334974,
              32.2445804
            ]
          ]
        ]
      },
      "id": "way/407879639"
    },
    {
      "type": "Feature",
      "properties": {
        "@id": "way/407883542",
        "building": "yes"
      },
      "geometry": {
        "type": "Polygon",
        "coordinates": [
          [
            [
              76.3308387,
              32.2400032
            ],
            [
              76.3309098,
              32.2399941
            ],
            [
              76.3309253,
              32.2400811
            ],
            [
              76.3308542,
              32.2400902
            ],
            [
              76.3308387,
              32.2400032
            ]
          ]
        ]
      },
      "id": "way/407883542"
    },
    {
      "type": "Feature",
      "properties": {
        "@id": "way/407883548",
        "building": "yes"
      },
      "geometry": {
        "type": "Polygon",
        "coordinates": [
          [
            [
              76.3309768,
              32.2399567
            ],
            [
              76.3310895,
              32.2399362
            ],
            [
              76.3311076,
              32.240008
            ],
            [
              76.330995,
              32.2400284
            ],
            [
              76.3309768,
              32.2399567
            ]
          ]
        ]
      },
      "id": "way/407883548"
    },
    {
      "type": "Feature",
      "properties": {
        "@id": "way/407883560",
        "building": "commercial"
      },
      "geometry": {
        "type": "Polygon",
        "coordinates": [
          [
            [
              76.3296813,
              32.2392851
            ],
            [
              76.3298168,
              32.2393078
            ],
            [
              76.329783,
              32.2394519
            ],
            [
              76.3296476,
              32.2394292
            ],
            [
              76.3296813,
              32.2392851
            ]
          ]
        ]
      },
      "id": "way/407883560"
    },
    {
      "type": "Feature",
      "properties": {
        "@id": "way/407906021",
        "building": "yes"
      },
      "geometry": {
        "type": "Polygon",
        "coordinates": [
          [
            [
              76.3134773,
              32.2460443
            ],
            [
              76.3135048,
              32.2460544
            ],
            [
              76.3135257,
              32.2460726
            ],
            [
              76.3135368,
              32.2460961
            ],
            [
              76.3135363,
              32.2461215
            ],
            [
              76.3135245,
              32.2461447
            ],
            [
              76.313503,
              32.2461624
            ],
            [
              76.3134751,
              32.2461717
            ],
            [
              76.3134451,
              32.2461714
            ],
            [
              76.3134176,
              32.2461613
            ],
            [
              76.3133968,
              32.2461431
            ],
            [
              76.3133857,
              32.2461196
            ],
            [
              76.3133861,
              32.2460942
            ],
            [
              76.313398,
              32.246071
            ],
            [
              76.3134195,
              32.2460533
            ],
            [
              76.3134474,
              32.246044
            ],
            [
              76.3134773,
              32.2460443
            ]
          ]
        ]
      },
      "id": "way/407906021"
    },
    {
      "type": "Feature",
      "properties": {
        "@id": "way/407906022",
        "building": "yes"
      },
      "geometry": {
        "type": "Polygon",
        "coordinates": [
          [
            [
              76.3324471,
              32.2442623
            ],
            [
              76.3325836,
              32.2440495
            ],
            [
              76.332734,
              32.2441185
            ],
            [
              76.3327536,
              32.244088
            ],
            [
              76.3329537,
              32.2441798
            ],
            [
              76.332885,
              32.2442868
            ],
            [
              76.3329749,
              32.2443281
            ],
            [
              76.3329366,
              32.2443878
            ],
            [
              76.3327162,
              32.2442866
            ],
            [
              76.332667,
              32.2443632
            ],
            [
              76.3324471,
              32.2442623
            ]
          ]
        ]
      },
      "id": "way/407906022"
    },
    {
      "type": "Feature",
      "properties": {
        "@id": "way/407906026",
        "building": "yes"
      },
      "geometry": {
        "type": "Polygon",
        "coordinates": [
          [
            [
              76.3131407,
              32.2460443
            ],
            [
              76.3131494,
              32.2459768
            ],
            [
              76.3131716,
              32.2459403
            ],
            [
              76.3132135,
              32.2458949
            ],
            [
              76.3132574,
              32.2458631
            ],
            [
              76.3133138,
              32.2458458
            ],
            [
              76.3134183,
              32.2458356
            ],
            [
              76.313421,
              32.2458901
            ],
            [
              76.3133344,
              32.2458995
            ],
            [
              76.3132923,
              32.2459145
            ],
            [
              76.313253,
              32.2459493
            ],
            [
              76.3132319,
              32.2459721
            ],
            [
              76.3132187,
              32.2459956
            ],
            [
              76.3132137,
              32.2460534
            ],
            [
              76.3131407,
              32.2460443
            ]
          ]
        ]
      },
      "id": "way/407906026"
    },
    {
      "type": "Feature",
      "properties": {
        "@id": "way/407906027",
        "building": "yes"
      },
      "geometry": {
        "type": "Polygon",
        "coordinates": [
          [
            [
              76.3134569,
              32.2460157
            ],
            [
              76.3133642,
              32.245966
            ],
            [
              76.3133288,
              32.2459913
            ],
            [
              76.3133086,
              32.2460105
            ],
            [
              76.3133086,
              32.2460284
            ],
            [
              76.3133322,
              32.246124
            ],
            [
              76.3132738,
              32.2461308
            ],
            [
              76.3132523,
              32.2460286
            ],
            [
              76.3132571,
              32.2460021
            ],
            [
              76.3132725,
              32.2459771
            ],
            [
              76.3132973,
              32.2459488
            ],
            [
              76.3133194,
              32.2459352
            ],
            [
              76.3133583,
              32.2459227
            ],
            [
              76.3133833,
              32.2459205
            ],
            [
              76.3134092,
              32.2459229
            ],
            [
              76.3134951,
              32.2459737
            ],
            [
              76.3134569,
              32.2460157
            ]
          ]
        ]
      },
      "id": "way/407906027"
    },
    {
      "type": "Feature",
      "properties": {
        "@id": "way/407906033",
        "building": "yes"
      },
      "geometry": {
        "type": "Polygon",
        "coordinates": [
          [
            [
              76.3058597,
              32.2394074
            ],
            [
              76.3058964,
              32.2393516
            ],
            [
              76.3060024,
              32.2394015
            ],
            [
              76.3059656,
              32.2394573
            ],
            [
              76.3058597,
              32.2394074
            ]
          ]
        ]
      },
      "id": "way/407906033"
    },
    {
      "type": "Feature",
      "properties": {
        "@id": "way/407906036",
        "building": "yes"
      },
      "geometry": {
        "type": "Polygon",
        "coordinates": [
          [
            [
              76.3320461,
              32.2451164
            ],
            [
              76.3320766,
              32.2450415
            ],
            [
              76.3321933,
              32.2450755
            ],
            [
              76.3321627,
              32.2451504
            ],
            [
              76.3320461,
              32.2451164
            ]
          ]
        ]
      },
      "id": "way/407906036"
    },
    {
      "type": "Feature",
      "properties": {
        "@id": "way/407906038",
        "building": "yes"
      },
      "geometry": {
        "type": "Polygon",
        "coordinates": [
          [
            [
              76.3314935,
              32.2430338
            ],
            [
              76.3314436,
              32.2429709
            ],
            [
              76.3315375,
              32.2429176
            ],
            [
              76.3315874,
              32.2429805
            ],
            [
              76.3314935,
              32.2430338
            ]
          ]
        ]
      },
      "id": "way/407906038"
    },
    {
      "type": "Feature",
      "properties": {
        "@id": "way/407906039",
        "building": "yes"
      },
      "geometry": {
        "type": "Polygon",
        "coordinates": [
          [
            [
              76.3291654,
              32.2459308
            ],
            [
              76.3290125,
              32.2458128
            ],
            [
              76.329127,
              32.2457066
            ],
            [
              76.3292799,
              32.2458246
            ],
            [
              76.3291654,
              32.2459308
            ]
          ]
        ]
      },
      "id": "way/407906039"
    },
    {
      "type": "Feature",
      "properties": {
        "@id": "way/407906040",
        "building": "yes"
      },
      "geometry": {
        "type": "Polygon",
        "coordinates": [
          [
            [
              76.3302101,
              32.2428886
            ],
            [
              76.3302879,
              32.24274
            ],
            [
              76.330351,
              32.2427637
            ],
            [
              76.3302732,
              32.2429123
            ],
            [
              76.3302101,
              32.2428886
            ]
          ]
        ]
      },
      "id": "way/407906040"
    },
    {
      "type": "Feature",
      "properties": {
        "@id": "way/407906042",
        "building": "yes"
      },
      "geometry": {
        "type": "Polygon",
        "coordinates": [
          [
            [
              76.3301739,
              32.2447931
            ],
            [
              76.3301479,
              32.2447039
            ],
            [
              76.3303383,
              32.2446642
            ],
            [
              76.3303643,
              32.2447534
            ],
            [
              76.3301739,
              32.2447931
            ]
          ]
        ]
      },
      "id": "way/407906042"
    },
    {
      "type": "Feature",
      "properties": {
        "@id": "way/407906046",
        "building": "yes"
      },
      "geometry": {
        "type": "Polygon",
        "coordinates": [
          [
            [
              76.3135489,
              32.2463674
            ],
            [
              76.3134281,
              32.2462695
            ],
            [
              76.3135529,
              32.2461595
            ],
            [
              76.3136736,
              32.2462574
            ],
            [
              76.3135489,
              32.2463674
            ]
          ]
        ]
      },
      "id": "way/407906046"
    },
    {
      "type": "Feature",
      "properties": {
        "@id": "way/407906047",
        "building": "yes"
      },
      "geometry": {
        "type": "Polygon",
        "coordinates": [
          [
            [
              76.3321467,
              32.2449666
            ],
            [
              76.3321963,
              32.2448759
            ],
            [
              76.3322614,
              32.2449014
            ],
            [
              76.3322118,
              32.2449921
            ],
            [
              76.3321467,
              32.2449666
            ]
          ]
        ]
      },
      "id": "way/407906047"
    },
    {
      "type": "Feature",
      "properties": {
        "@id": "way/407906048",
        "building": "yes"
      },
      "geometry": {
        "type": "Polygon",
        "coordinates": [
          [
            [
              76.3321936,
              32.2451708
            ],
            [
              76.332225,
              32.2450903
            ],
            [
              76.332347,
              32.2451244
            ],
            [
              76.3323156,
              32.2452048
            ],
            [
              76.3321936,
              32.2451708
            ]
          ]
        ]
      },
      "id": "way/407906048"
    },
    {
      "type": "Feature",
      "properties": {
        "@id": "way/407906049",
        "building": "yes"
      },
      "geometry": {
        "type": "Polygon",
        "coordinates": [
          [
            [
              76.3107911,
              32.245264
            ],
            [
              76.3107617,
              32.2451821
            ],
            [
              76.3108945,
              32.2451481
            ],
            [
              76.3109238,
              32.2452299
            ],
            [
              76.3107911,
              32.245264
            ]
          ]
        ]
      },
      "id": "way/407906049"
    },
    {
      "type": "Feature",
      "properties": {
        "@id": "way/407906050",
        "building": "yes"
      },
      "geometry": {
        "type": "Polygon",
        "coordinates": [
          [
            [
              76.3099274,
              32.2449191
            ],
            [
              76.3099475,
              32.2448814
            ],
            [
              76.310028,
              32.244912
            ],
            [
              76.3100079,
              32.2449498
            ],
            [
              76.3099274,
              32.2449191
            ]
          ]
        ]
      },
      "id": "way/407906050"
    },
    {
      "type": "Feature",
      "properties": {
        "@id": "way/407906052",
        "building": "yes"
      },
      "geometry": {
        "type": "Polygon",
        "coordinates": [
          [
            [
              76.3301932,
              32.2430502
            ],
            [
              76.3301315,
              32.2429277
            ],
            [
              76.3302142,
              32.2428979
            ],
            [
              76.3302759,
              32.2430204
            ],
            [
              76.3301932,
              32.2430502
            ]
          ]
        ]
      },
      "id": "way/407906052"
    },
    {
      "type": "Feature",
      "properties": {
        "@id": "way/407906058",
        "building": "yes"
      },
      "geometry": {
        "type": "Polygon",
        "coordinates": [
          [
            [
              76.327037,
              32.2456982
            ],
            [
              76.3271336,
              32.2456336
            ],
            [
              76.3271794,
              32.2456825
            ],
            [
              76.3270828,
              32.2457471
            ],
            [
              76.327037,
              32.2456982
            ]
          ]
        ]
      },
      "id": "way/407906058"
    },
    {
      "type": "Feature",
      "properties": {
        "@id": "way/407906059",
        "building": "yes"
      },
      "geometry": {
        "type": "Polygon",
        "coordinates": [
          [
            [
              76.32951,
              32.2448101
            ],
            [
              76.3295677,
              32.2447165
            ],
            [
              76.3297273,
              32.2447869
            ],
            [
              76.3296696,
              32.2448804
            ],
            [
              76.32951,
              32.2448101
            ]
          ]
        ]
      },
      "id": "way/407906059"
    },
    {
      "type": "Feature",
      "properties": {
        "@id": "way/407906060",
        "building": "yes"
      },
      "geometry": {
        "type": "Polygon",
        "coordinates": [
          [
            [
              76.3153554,
              32.2438704
            ],
            [
              76.3152789,
              32.2437728
            ],
            [
              76.3153623,
              32.2437261
            ],
            [
              76.3154388,
              32.2438236
            ],
            [
              76.3153554,
              32.2438704
            ]
          ]
        ]
      },
      "id": "way/407906060"
    },
    {
      "type": "Feature",
      "properties": {
        "@id": "way/407906064",
        "building": "yes"
      },
      "geometry": {
        "type": "Polygon",
        "coordinates": [
          [
            [
              76.3145708,
              32.2458678
            ],
            [
              76.3145156,
              32.2458114
            ],
            [
              76.3146564,
              32.2457127
            ],
            [
              76.3147116,
              32.2457691
            ],
            [
              76.3145708,
              32.2458678
            ]
          ]
        ]
      },
      "id": "way/407906064"
    },
    {
      "type": "Feature",
      "properties": {
        "@id": "way/407906066",
        "building": "yes"
      },
      "geometry": {
        "type": "Polygon",
        "coordinates": [
          [
            [
              76.3320273,
              32.2452309
            ],
            [
              76.3320598,
              32.2451563
            ],
            [
              76.3322636,
              32.2452199
            ],
            [
              76.3322311,
              32.2452944
            ],
            [
              76.3320273,
              32.2452309
            ]
          ]
        ]
      },
      "id": "way/407906066"
    },
    {
      "type": "Feature",
      "properties": {
        "@id": "way/407906070",
        "building": "yes"
      },
      "geometry": {
        "type": "Polygon",
        "coordinates": [
          [
            [
              76.310834,
              32.2453388
            ],
            [
              76.3108131,
              32.245291
            ],
            [
              76.3109472,
              32.2452491
            ],
            [
              76.3109681,
              32.2452969
            ],
            [
              76.310834,
              32.2453388
            ]
          ]
        ]
      },
      "id": "way/407906070"
    },
    {
      "type": "Feature",
      "properties": {
        "@id": "way/407906073",
        "building": "yes"
      },
      "geometry": {
        "type": "Polygon",
        "coordinates": [
          [
            [
              76.3302892,
              32.2439106
            ],
            [
              76.3301632,
              32.2438369
            ],
            [
              76.3302594,
              32.2437192
            ],
            [
              76.3303854,
              32.243793
            ],
            [
              76.3302892,
              32.2439106
            ]
          ]
        ]
      },
      "id": "way/407906073"
    },
    {
      "type": "Feature",
      "properties": {
        "@id": "way/407906074",
        "building": "yes"
      },
      "geometry": {
        "type": "Polygon",
        "coordinates": [
          [
            [
              76.3266254,
              32.247727
            ],
            [
              76.3266118,
              32.2476954
            ],
            [
              76.3266896,
              32.2476716
            ],
            [
              76.3267032,
              32.2477032
            ],
            [
              76.3266254,
              32.247727
            ]
          ]
        ]
      },
      "id": "way/407906074"
    },
    {
      "type": "Feature",
      "properties": {
        "@id": "way/407906076",
        "building": "yes"
      },
      "geometry": {
        "type": "Polygon",
        "coordinates": [
          [
            [
              76.3318074,
              32.2430293
            ],
            [
              76.3318583,
              32.242922
            ],
            [
              76.3320755,
              32.2429957
            ],
            [
              76.3320246,
              32.243103
            ],
            [
              76.3318074,
              32.2430293
            ]
          ]
        ]
      },
      "id": "way/407906076"
    },
    {
      "type": "Feature",
      "properties": {
        "@id": "way/407906078",
        "building": "yes"
      },
      "geometry": {
        "type": "Polygon",
        "coordinates": [
          [
            [
              76.3303576,
              32.243584
            ],
            [
              76.3303235,
              32.2435675
            ],
            [
              76.3303665,
              32.243504
            ],
            [
              76.3304005,
              32.2435204
            ],
            [
              76.3303576,
              32.243584
            ]
          ]
        ]
      },
      "id": "way/407906078"
    },
    {
      "type": "Feature",
      "properties": {
        "@id": "way/407906079",
        "building": "yes"
      },
      "geometry": {
        "type": "Polygon",
        "coordinates": [
          [
            [
              76.3152575,
              32.2437252
            ],
            [
              76.3151502,
              32.2435959
            ],
            [
              76.3152612,
              32.2435299
            ],
            [
              76.3153685,
              32.2436593
            ],
            [
              76.3152575,
              32.2437252
            ]
          ]
        ]
      },
      "id": "way/407906079"
    },
    {
      "type": "Feature",
      "properties": {
        "@id": "way/407906081",
        "building": "yes"
      },
      "geometry": {
        "type": "Polygon",
        "coordinates": [
          [
            [
              76.3297045,
              32.2445628
            ],
            [
              76.3297445,
              32.2444892
            ],
            [
              76.3299081,
              32.2445527
            ],
            [
              76.3298681,
              32.2446264
            ],
            [
              76.3297045,
              32.2445628
            ]
          ]
        ]
      },
      "id": "way/407906081"
    },
    {
      "type": "Feature",
      "properties": {
        "@id": "way/407906082",
        "building": "yes"
      },
      "geometry": {
        "type": "Polygon",
        "coordinates": [
          [
            [
              76.3297796,
              32.2444778
            ],
            [
              76.3298292,
              32.244401
            ],
            [
              76.3299593,
              32.2444611
            ],
            [
              76.3299097,
              32.2445379
            ],
            [
              76.3297796,
              32.2444778
            ]
          ]
        ]
      },
      "id": "way/407906082"
    },
    {
      "type": "Feature",
      "properties": {
        "@id": "way/407906085",
        "building": "yes",
        "building:levels": "5"
      },
      "geometry": {
        "type": "Polygon",
        "coordinates": [
          [
            [
              76.3300773,
              32.2439764
            ],
            [
              76.3301256,
              32.2438675
            ],
            [
              76.3302082,
              32.2438937
            ],
            [
              76.3301599,
              32.2440026
            ],
            [
              76.3300773,
              32.2439764
            ]
          ]
        ]
      },
      "id": "way/407906085"
    },
    {
      "type": "Feature",
      "properties": {
        "@id": "way/407906086",
        "building": "yes"
      },
      "geometry": {
        "type": "Polygon",
        "coordinates": [
          [
            [
              76.3341644,
              32.2424271
            ],
            [
              76.3342838,
              32.2424748
            ],
            [
              76.3342423,
              32.2425491
            ],
            [
              76.3341229,
              32.2425015
            ],
            [
              76.3341644,
              32.2424271
            ]
          ]
        ]
      },
      "id": "way/407906086"
    },
    {
      "type": "Feature",
      "properties": {
        "@id": "way/407906087",
        "building": "yes"
      },
      "geometry": {
        "type": "Polygon",
        "coordinates": [
          [
            [
              76.3296651,
              32.2453197
            ],
            [
              76.3296651,
              32.245204
            ],
            [
              76.3298207,
              32.245204
            ],
            [
              76.3298207,
              32.2453197
            ],
            [
              76.3296651,
              32.2453197
            ]
          ]
        ]
      },
      "id": "way/407906087"
    },
    {
      "type": "Feature",
      "properties": {
        "@id": "way/407906088",
        "building": "yes"
      },
      "geometry": {
        "type": "Polygon",
        "coordinates": [
          [
            [
              76.3125243,
              32.2458778
            ],
            [
              76.3125367,
              32.2457312
            ],
            [
              76.3126403,
              32.2457375
            ],
            [
              76.3126278,
              32.2458841
            ],
            [
              76.3125243,
              32.2458778
            ]
          ]
        ]
      },
      "id": "way/407906088"
    },
    {
      "type": "Feature",
      "properties": {
        "@id": "way/407906089",
        "building": "yes"
      },
      "geometry": {
        "type": "Polygon",
        "coordinates": [
          [
            [
              76.3349293,
              32.2429077
            ],
            [
              76.3347867,
              32.2428855
            ],
            [
              76.3348048,
              32.2428018
            ],
            [
              76.3349475,
              32.2428239
            ],
            [
              76.3349293,
              32.2429077
            ]
          ]
        ]
      },
      "id": "way/407906089"
    },
    {
      "type": "Feature",
      "properties": {
        "@id": "way/407906090",
        "building": "yes"
      },
      "geometry": {
        "type": "Polygon",
        "coordinates": [
          [
            [
              76.3136012,
              32.2440065
            ],
            [
              76.3136642,
              32.2438511
            ],
            [
              76.3137601,
              32.2438789
            ],
            [
              76.3136971,
              32.2440343
            ],
            [
              76.3136012,
              32.2440065
            ]
          ]
        ]
      },
      "id": "way/407906090"
    },
    {
      "type": "Feature",
      "properties": {
        "@id": "way/407906091",
        "building": "yes"
      },
      "geometry": {
        "type": "Polygon",
        "coordinates": [
          [
            [
              76.3072618,
              32.2398901
            ],
            [
              76.3072279,
              32.2398494
            ],
            [
              76.3073138,
              32.2397983
            ],
            [
              76.3073476,
              32.239839
            ],
            [
              76.3072618,
              32.2398901
            ]
          ]
        ]
      },
      "id": "way/407906091"
    },
    {
      "type": "Feature",
      "properties": {
        "@id": "way/407906092",
        "building": "yes"
      },
      "geometry": {
        "type": "Polygon",
        "coordinates": [
          [
            [
              76.3262351,
              32.2455508
            ],
            [
              76.3263491,
              32.2454589
            ],
            [
              76.3263996,
              32.2455037
            ],
            [
              76.3262856,
              32.2455956
            ],
            [
              76.3262351,
              32.2455508
            ]
          ]
        ]
      },
      "id": "way/407906092"
    },
    {
      "type": "Feature",
      "properties": {
        "@id": "way/407906093",
        "building": "yes"
      },
      "geometry": {
        "type": "Polygon",
        "coordinates": [
          [
            [
              76.3298279,
              32.2443791
            ],
            [
              76.3298749,
              32.2443112
            ],
            [
              76.3300009,
              32.2443735
            ],
            [
              76.3299539,
              32.2444415
            ],
            [
              76.3298279,
              32.2443791
            ]
          ]
        ]
      },
      "id": "way/407906093"
    },
    {
      "type": "Feature",
      "properties": {
        "@id": "way/407906094",
        "building": "yes"
      },
      "geometry": {
        "type": "Polygon",
        "coordinates": [
          [
            [
              76.3135948,
              32.2442649
            ],
            [
              76.3135539,
              32.2441676
            ],
            [
              76.3137537,
              32.2441075
            ],
            [
              76.3137946,
              32.2442048
            ],
            [
              76.3135948,
              32.2442649
            ]
          ]
        ]
      },
      "id": "way/407906094"
    },
    {
      "type": "Feature",
      "properties": {
        "@id": "way/407906096",
        "building": "yes"
      },
      "geometry": {
        "type": "Polygon",
        "coordinates": [
          [
            [
              76.3268882,
              32.2481002
            ],
            [
              76.3268534,
              32.2480287
            ],
            [
              76.3269124,
              32.2480081
            ],
            [
              76.3269473,
              32.2480796
            ],
            [
              76.3268882,
              32.2481002
            ]
          ]
        ]
      },
      "id": "way/407906096"
    },
    {
      "type": "Feature",
      "properties": {
        "@id": "way/407906101",
        "building": "yes"
      },
      "geometry": {
        "type": "Polygon",
        "coordinates": [
          [
            [
              76.3295221,
              32.2459172
            ],
            [
              76.3297421,
              32.2459035
            ],
            [
              76.3297519,
              32.2460176
            ],
            [
              76.329532,
              32.2460312
            ],
            [
              76.3295221,
              32.2459172
            ]
          ]
        ]
      },
      "id": "way/407906101"
    },
    {
      "type": "Feature",
      "properties": {
        "@id": "way/407906102",
        "building": "yes"
      },
      "geometry": {
        "type": "Polygon",
        "coordinates": [
          [
            [
              76.33238,
              32.2446774
            ],
            [
              76.3324003,
              32.2446165
            ],
            [
              76.3324955,
              32.2446392
            ],
            [
              76.3324752,
              32.2447001
            ],
            [
              76.33238,
              32.2446774
            ]
          ]
        ]
      },
      "id": "way/407906102"
    },
    {
      "type": "Feature",
      "properties": {
        "@id": "way/407906105",
        "building": "yes"
      },
      "geometry": {
        "type": "Polygon",
        "coordinates": [
          [
            [
              76.3294685,
              32.2458446
            ],
            [
              76.3294846,
              32.2456563
            ],
            [
              76.3296073,
              32.2456638
            ],
            [
              76.3295912,
              32.2458521
            ],
            [
              76.3294685,
              32.2458446
            ]
          ]
        ]
      },
      "id": "way/407906105"
    },
    {
      "type": "Feature",
      "properties": {
        "@id": "way/407906109",
        "building": "yes"
      },
      "geometry": {
        "type": "Polygon",
        "coordinates": [
          [
            [
              76.3136012,
              32.2464094
            ],
            [
              76.3135615,
              32.246378
            ],
            [
              76.313599,
              32.246344
            ],
            [
              76.3136388,
              32.2463754
            ],
            [
              76.3136012,
              32.2464094
            ]
          ]
        ]
      },
      "id": "way/407906109"
    },
    {
      "type": "Feature",
      "properties": {
        "@id": "way/407906115",
        "building": "yes"
      },
      "geometry": {
        "type": "Polygon",
        "coordinates": [
          [
            [
              76.3107374,
              32.2453672
            ],
            [
              76.3107183,
              32.2453169
            ],
            [
              76.3108014,
              32.2452942
            ],
            [
              76.3108206,
              32.2453445
            ],
            [
              76.3107374,
              32.2453672
            ]
          ]
        ]
      },
      "id": "way/407906115"
    },
    {
      "type": "Feature",
      "properties": {
        "@id": "way/407906117",
        "building": "yes"
      },
      "geometry": {
        "type": "Polygon",
        "coordinates": [
          [
            [
              76.3267957,
              32.2481705
            ],
            [
              76.3267506,
              32.2481023
            ],
            [
              76.3268511,
              32.2480547
            ],
            [
              76.3268963,
              32.2481229
            ],
            [
              76.3267957,
              32.2481705
            ]
          ]
        ]
      },
      "id": "way/407906117"
    },
    {
      "type": "Feature",
      "properties": {
        "@id": "way/407906119",
        "building": "yes"
      },
      "geometry": {
        "type": "Polygon",
        "coordinates": [
          [
            [
              76.3270344,
              32.2480979
            ],
            [
              76.3269794,
              32.2480378
            ],
            [
              76.3270243,
              32.2480085
            ],
            [
              76.3270793,
              32.2480686
            ],
            [
              76.3270344,
              32.2480979
            ]
          ]
        ]
      },
      "id": "way/407906119"
    },
    {
      "type": "Feature",
      "properties": {
        "@id": "way/407906122",
        "building": "yes"
      },
      "geometry": {
        "type": "Polygon",
        "coordinates": [
          [
            [
              76.3098402,
              32.2450144
            ],
            [
              76.3098591,
              32.2449685
            ],
            [
              76.3099865,
              32.2450059
            ],
            [
              76.3099676,
              32.2450519
            ],
            [
              76.3098402,
              32.2450144
            ]
          ]
        ]
      },
      "id": "way/407906122"
    },
    {
      "type": "Feature",
      "properties": {
        "@id": "way/407906123",
        "building": "yes"
      },
      "geometry": {
        "type": "Polygon",
        "coordinates": [
          [
            [
              76.3144447,
              32.2459552
            ],
            [
              76.3143911,
              32.2458923
            ],
            [
              76.314497,
              32.2458276
            ],
            [
              76.3145507,
              32.2458905
            ],
            [
              76.3144447,
              32.2459552
            ]
          ]
        ]
      },
      "id": "way/407906123"
    },
    {
      "type": "Feature",
      "properties": {
        "@id": "way/407906126",
        "building": "yes"
      },
      "geometry": {
        "type": "Polygon",
        "coordinates": [
          [
            [
              76.3269378,
              32.2483943
            ],
            [
              76.3269947,
              32.2483109
            ],
            [
              76.3271972,
              32.2484096
            ],
            [
              76.3271403,
              32.248493
            ],
            [
              76.3269378,
              32.2483943
            ]
          ]
        ]
      },
      "id": "way/407906126"
    },
    {
      "type": "Feature",
      "properties": {
        "@id": "way/407906128",
        "building": "yes"
      },
      "geometry": {
        "type": "Polygon",
        "coordinates": [
          [
            [
              76.3135999,
              32.2444216
            ],
            [
              76.3135739,
              32.2443635
            ],
            [
              76.313759,
              32.2443045
            ],
            [
              76.3137849,
              32.2443626
            ],
            [
              76.3135999,
              32.2444216
            ]
          ]
        ]
      },
      "id": "way/407906128"
    },
    {
      "type": "Feature",
      "properties": {
        "@id": "way/407906131",
        "building": "yes"
      },
      "geometry": {
        "type": "Polygon",
        "coordinates": [
          [
            [
              76.3268171,
              32.2468994
            ],
            [
              76.3269068,
              32.2468246
            ],
            [
              76.3270021,
              32.2469062
            ],
            [
              76.3269123,
              32.2469811
            ],
            [
              76.3268171,
              32.2468994
            ]
          ]
        ]
      },
      "id": "way/407906131"
    },
    {
      "type": "Feature",
      "properties": {
        "@id": "way/407906132",
        "building": "yes"
      },
      "geometry": {
        "type": "Polygon",
        "coordinates": [
          [
            [
              76.314261,
              32.24407
            ],
            [
              76.3143562,
              32.2439895
            ],
            [
              76.3144649,
              32.2440813
            ],
            [
              76.3143696,
              32.2441619
            ],
            [
              76.314261,
              32.24407
            ]
          ]
        ]
      },
      "id": "way/407906132"
    },
    {
      "type": "Feature",
      "properties": {
        "@id": "way/407906133",
        "building": "yes"
      },
      "geometry": {
        "type": "Polygon",
        "coordinates": [
          [
            [
              76.3114668,
              32.2419148
            ],
            [
              76.3115078,
              32.2418018
            ],
            [
              76.3117747,
              32.241871
            ],
            [
              76.3117337,
              32.241984
            ],
            [
              76.3114668,
              32.2419148
            ]
          ]
        ]
      },
      "id": "way/407906133"
    },
    {
      "type": "Feature",
      "properties": {
        "@id": "way/407906134",
        "building": "yes"
      },
      "geometry": {
        "type": "Polygon",
        "coordinates": [
          [
            [
              76.3255887,
              32.247541
            ],
            [
              76.3255546,
              32.2474828
            ],
            [
              76.3256901,
              32.2474261
            ],
            [
              76.3257242,
              32.2474843
            ],
            [
              76.3255887,
              32.247541
            ]
          ]
        ]
      },
      "id": "way/407906134"
    },
    {
      "type": "Feature",
      "properties": {
        "@id": "way/407906139",
        "building": "yes"
      },
      "geometry": {
        "type": "Polygon",
        "coordinates": [
          [
            [
              76.3065852,
              32.2394868
            ],
            [
              76.3066442,
              32.239404
            ],
            [
              76.3067277,
              32.2394466
            ],
            [
              76.3066687,
              32.2395294
            ],
            [
              76.3065852,
              32.2394868
            ]
          ]
        ]
      },
      "id": "way/407906139"
    },
    {
      "type": "Feature",
      "properties": {
        "@id": "way/407906143",
        "building": "yes"
      },
      "geometry": {
        "type": "Polygon",
        "coordinates": [
          [
            [
              76.3260701,
              32.2461712
            ],
            [
              76.3260835,
              32.2461191
            ],
            [
              76.3261444,
              32.2461302
            ],
            [
              76.326131,
              32.2461824
            ],
            [
              76.3260701,
              32.2461712
            ]
          ]
        ]
      },
      "id": "way/407906143"
    },
    {
      "type": "Feature",
      "properties": {
        "@id": "way/407906145",
        "building": "yes"
      },
      "geometry": {
        "type": "Polygon",
        "coordinates": [
          [
            [
              76.3312816,
              32.2425483
            ],
            [
              76.3313368,
              32.242482
            ],
            [
              76.3314226,
              32.2425331
            ],
            [
              76.3313675,
              32.2425994
            ],
            [
              76.3312816,
              32.2425483
            ]
          ]
        ]
      },
      "id": "way/407906145"
    },
    {
      "type": "Feature",
      "properties": {
        "@id": "way/407906148",
        "building": "yes"
      },
      "geometry": {
        "type": "Polygon",
        "coordinates": [
          [
            [
              76.3138962,
              32.2446371
            ],
            [
              76.3138734,
              32.2444409
            ],
            [
              76.313964,
              32.2444334
            ],
            [
              76.3139868,
              32.2446296
            ],
            [
              76.3138962,
              32.2446371
            ]
          ]
        ]
      },
      "id": "way/407906148"
    },
    {
      "type": "Feature",
      "properties": {
        "@id": "way/407906154",
        "building": "yes"
      },
      "geometry": {
        "type": "Polygon",
        "coordinates": [
          [
            [
              76.3301538,
              32.2432766
            ],
            [
              76.330087,
              32.2432104
            ],
            [
              76.3301969,
              32.243131
            ],
            [
              76.3302637,
              32.2431972
            ],
            [
              76.3301538,
              32.2432766
            ]
          ]
        ]
      },
      "id": "way/407906154"
    },
    {
      "type": "Feature",
      "properties": {
        "@id": "way/407906156",
        "building": "yes"
      },
      "geometry": {
        "type": "Polygon",
        "coordinates": [
          [
            [
              76.3140639,
              32.243935
            ],
            [
              76.3141379,
              32.2438698
            ],
            [
              76.3142707,
              32.2439775
            ],
            [
              76.3141966,
              32.2440428
            ],
            [
              76.3140639,
              32.243935
            ]
          ]
        ]
      },
      "id": "way/407906156"
    },
    {
      "type": "Feature",
      "properties": {
        "@id": "way/407906157",
        "building": "yes"
      },
      "geometry": {
        "type": "Polygon",
        "coordinates": [
          [
            [
              76.3114896,
              32.2417935
            ],
            [
              76.3115269,
              32.2416675
            ],
            [
              76.3117683,
              32.2417185
            ],
            [
              76.311731,
              32.2418445
            ],
            [
              76.3114896,
              32.2417935
            ]
          ]
        ]
      },
      "id": "way/407906157"
    },
    {
      "type": "Feature",
      "properties": {
        "@id": "way/407906158",
        "building": "yes"
      },
      "geometry": {
        "type": "Polygon",
        "coordinates": [
          [
            [
              76.3134617,
              32.244045
            ],
            [
              76.3135207,
              32.2438704
            ],
            [
              76.3136238,
              32.2438953
            ],
            [
              76.3135648,
              32.24407
            ],
            [
              76.3134617,
              32.244045
            ]
          ]
        ]
      },
      "id": "way/407906158"
    },
    {
      "type": "Feature",
      "properties": {
        "@id": "way/407906159",
        "building": "yes"
      },
      "geometry": {
        "type": "Polygon",
        "coordinates": [
          [
            [
              76.3141041,
              32.2427542
            ],
            [
              76.3139547,
              32.2427082
            ],
            [
              76.3139816,
              32.2426456
            ],
            [
              76.3139552,
              32.2426374
            ],
            [
              76.3140275,
              32.2424697
            ],
            [
              76.3142033,
              32.242524
            ],
            [
              76.3141041,
              32.2427542
            ]
          ]
        ]
      },
      "id": "way/407906159"
    },
    {
      "type": "Feature",
      "properties": {
        "@id": "way/407906160",
        "building": "yes"
      },
      "geometry": {
        "type": "Polygon",
        "coordinates": [
          [
            [
              76.3311502,
              32.2432312
            ],
            [
              76.3312092,
              32.2430996
            ],
            [
              76.3313092,
              32.2431317
            ],
            [
              76.3312878,
              32.2431795
            ],
            [
              76.3312373,
              32.2431633
            ],
            [
              76.3311997,
              32.2432471
            ],
            [
              76.3311502,
              32.2432312
            ]
          ]
        ]
      },
      "id": "way/407906160"
    },
    {
      "type": "Feature",
      "properties": {
        "@id": "way/407906162",
        "building": "yes"
      },
      "geometry": {
        "type": "Polygon",
        "coordinates": [
          [
            [
              76.3149047,
              32.2436367
            ],
            [
              76.3149678,
              32.2436502
            ],
            [
              76.3149568,
              32.243687
            ],
            [
              76.3150627,
              32.2437098
            ],
            [
              76.3150345,
              32.2438035
            ],
            [
              76.3148656,
              32.2437672
            ],
            [
              76.3149047,
              32.2436367
            ]
          ]
        ]
      },
      "id": "way/407906162"
    },
    {
      "type": "Feature",
      "properties": {
        "@id": "way/458084444",
        "amenity": "community_centre",
        "building": "house",
        "name": "Kashmir Shaivism Yoga School"
      },
      "geometry": {
        "type": "Polygon",
        "coordinates": [
          [
            [
              76.3291409,
              32.2507669
            ],
            [
              76.3291338,
              32.2506896
            ],
            [
              76.3292196,
              32.2506839
            ],
            [
              76.3292267,
              32.2507612
            ],
            [
              76.3291409,
              32.2507669
            ]
          ]
        ]
      },
      "id": "way/458084444"
    },
    {
      "type": "Feature",
      "properties": {
        "@id": "way/513823826",
        "building": "yes"
      },
      "geometry": {
        "type": "Polygon",
        "coordinates": [
          [
            [
              76.3336971,
              32.2468848
            ],
            [
              76.3336882,
              32.2468304
            ],
            [
              76.3338424,
              32.2468123
            ],
            [
              76.3338514,
              32.2468667
            ],
            [
              76.3336971,
              32.2468848
            ]
          ]
        ]
      },
      "id": "way/513823826"
    },
    {
      "type": "Feature",
      "properties": {
        "@id": "way/513823827",
        "building": "yes",
        "name": "Knowledge Garden"
      },
      "geometry": {
        "type": "Polygon",
        "coordinates": [
          [
            [
              76.3337468,
              32.2470799
            ],
            [
              76.3337527,
              32.2469167
            ],
            [
              76.3338621,
              32.2469196
            ],
            [
              76.3338562,
              32.2470827
            ],
            [
              76.3337468,
              32.2470799
            ]
          ]
        ]
      },
      "id": "way/513823827"
    },
    {
      "type": "Feature",
      "properties": {
        "@id": "way/519587250",
        "building": "yes"
      },
      "geometry": {
        "type": "Polygon",
        "coordinates": [
          [
            [
              76.3143553,
              32.2454263
            ],
            [
              76.3143505,
              32.2454131
            ],
            [
              76.3144363,
              32.2453904
            ],
            [
              76.3144392,
              32.2453984
            ],
            [
              76.3145515,
              32.2454398
            ],
            [
              76.3145319,
              32.2454778
            ],
            [
              76.3144415,
              32.2454445
            ],
            [
              76.3143984,
              32.2454559
            ],
            [
              76.3143377,
              32.2455765
            ],
            [
              76.3142887,
              32.2455589
            ],
            [
              76.3143553,
              32.2454263
            ]
          ]
        ]
      },
      "id": "way/519587250"
    },
    {
      "type": "Feature",
      "properties": {
        "@id": "way/519587251",
        "building": "yes"
      },
      "geometry": {
        "type": "Polygon",
        "coordinates": [
          [
            [
              76.3145421,
              32.2453263
            ],
            [
              76.3146695,
              32.2452889
            ],
            [
              76.3147128,
              32.2453943
            ],
            [
              76.3145854,
              32.2454317
            ],
            [
              76.3145421,
              32.2453263
            ]
          ]
        ]
      },
      "id": "way/519587251"
    },
    {
      "type": "Feature",
      "properties": {
        "@id": "way/519587252",
        "building": "yes"
      },
      "geometry": {
        "type": "Polygon",
        "coordinates": [
          [
            [
              76.3146266,
              32.2452197
            ],
            [
              76.3147178,
              32.2451551
            ],
            [
              76.3147796,
              32.2452174
            ],
            [
              76.3146884,
              32.2452821
            ],
            [
              76.3146266,
              32.2452197
            ]
          ]
        ]
      },
      "id": "way/519587252"
    },
    {
      "type": "Feature",
      "properties": {
        "@id": "way/519587253",
        "building": "yes"
      },
      "geometry": {
        "type": "Polygon",
        "coordinates": [
          [
            [
              76.3145864,
              32.245087
            ],
            [
              76.3147876,
              32.2450416
            ],
            [
              76.3148036,
              32.2450924
            ],
            [
              76.3146024,
              32.2451378
            ],
            [
              76.3145864,
              32.245087
            ]
          ]
        ]
      },
      "id": "way/519587253"
    },
    {
      "type": "Feature",
      "properties": {
        "@id": "way/519587254",
        "building": "yes"
      },
      "geometry": {
        "type": "Polygon",
        "coordinates": [
          [
            [
              76.3147071,
              32.2453195
            ],
            [
              76.3148895,
              32.245222
            ],
            [
              76.3149436,
              32.2452944
            ],
            [
              76.3147612,
              32.2453919
            ],
            [
              76.3147071,
              32.2453195
            ]
          ]
        ]
      },
      "id": "way/519587254"
    },
    {
      "type": "Feature",
      "properties": {
        "@id": "way/519587255",
        "building": "yes"
      },
      "geometry": {
        "type": "Polygon",
        "coordinates": [
          [
            [
              76.3137804,
              32.2454625
            ],
            [
              76.3139977,
              32.2454035
            ],
            [
              76.314037,
              32.2455071
            ],
            [
              76.3138197,
              32.2455661
            ],
            [
              76.3137804,
              32.2454625
            ]
          ]
        ]
      },
      "id": "way/519587255"
    },
    {
      "type": "Feature",
      "properties": {
        "@id": "way/519587256",
        "building": "yes"
      },
      "geometry": {
        "type": "Polygon",
        "coordinates": [
          [
            [
              76.3138032,
              32.2456008
            ],
            [
              76.3140607,
              32.2455328
            ],
            [
              76.3140848,
              32.2455981
            ],
            [
              76.3138273,
              32.2456662
            ],
            [
              76.3138032,
              32.2456008
            ]
          ]
        ]
      },
      "id": "way/519587256"
    },
    {
      "type": "Feature",
      "properties": {
        "@id": "way/519587257",
        "building": "yes"
      },
      "geometry": {
        "type": "Polygon",
        "coordinates": [
          [
            [
              76.3125855,
              32.2465468
            ],
            [
              76.3125586,
              32.2463166
            ],
            [
              76.3126499,
              32.246309
            ],
            [
              76.3126767,
              32.2465392
            ],
            [
              76.3125855,
              32.2465468
            ]
          ]
        ]
      },
      "id": "way/519587257"
    },
    {
      "type": "Feature",
      "properties": {
        "@id": "way/519587258",
        "building": "yes"
      },
      "geometry": {
        "type": "Polygon",
        "coordinates": [
          [
            [
              76.3121725,
              32.2448425
            ],
            [
              76.3123594,
              32.2448155
            ],
            [
              76.3123737,
              32.2448863
            ],
            [
              76.3121868,
              32.2449133
            ],
            [
              76.3121725,
              32.2448425
            ]
          ]
        ]
      },
      "id": "way/519587258"
    },
    {
      "type": "Feature",
      "properties": {
        "@id": "way/537044548",
        "building": "yes"
      },
      "geometry": {
        "type": "Polygon",
        "coordinates": [
          [
            [
              76.3337402,
              32.2461983
            ],
            [
              76.3338336,
              32.2462504
            ],
            [
              76.3337413,
              32.2463155
            ],
            [
              76.3336397,
              32.2462947
            ],
            [
              76.3337402,
              32.2461983
            ]
          ]
        ]
      },
      "id": "way/537044548"
    },
    {
      "type": "Feature",
      "properties": {
        "@id": "way/538909943",
        "building": "yes"
      },
      "geometry": {
        "type": "Polygon",
        "coordinates": [
          [
            [
              76.3143727,
              32.2434204
            ],
            [
              76.3144303,
              32.243366
            ],
            [
              76.3145,
              32.2434187
            ],
            [
              76.3144424,
              32.2434731
            ],
            [
              76.3143727,
              32.2434204
            ]
          ]
        ]
      },
      "id": "way/538909943"
    },
    {
      "type": "Feature",
      "properties": {
        "@id": "way/593399258",
        "building": "yes",
        "name": "Aditya Tea Shop",
        "shop": "convenience"
      },
      "geometry": {
        "type": "Polygon",
        "coordinates": [
          [
            [
              76.3277763,
              32.2495924
            ],
            [
              76.3277773,
              32.2495563
            ],
            [
              76.3278389,
              32.2495575
            ],
            [
              76.3278379,
              32.2495936
            ],
            [
              76.3277763,
              32.2495924
            ]
          ]
        ]
      },
      "id": "way/593399258"
    },
    {
      "type": "Feature",
      "properties": {
        "@id": "way/593399261",
        "building": "yes"
      },
      "geometry": {
        "type": "Polygon",
        "coordinates": [
          [
            [
              76.3289176,
              32.2512888
            ],
            [
              76.3289539,
              32.2512489
            ],
            [
              76.329076,
              32.2513281
            ],
            [
              76.3290397,
              32.251368
            ],
            [
              76.3289176,
              32.2512888
            ]
          ]
        ]
      },
      "id": "way/593399261"
    },
    {
      "type": "Feature",
      "properties": {
        "@id": "way/596429294",
        "building": "yes"
      },
      "geometry": {
        "type": "Polygon",
        "coordinates": [
          [
            [
              76.3204819,
              32.251796
            ],
            [
              76.3204175,
              32.2517778
            ],
            [
              76.3204524,
              32.2516894
            ],
            [
              76.3205168,
              32.2517075
            ],
            [
              76.3204819,
              32.251796
            ]
          ]
        ]
      },
      "id": "way/596429294"
    },
    {
      "type": "Feature",
      "properties": {
        "@id": "way/596429296",
        "building": "yes"
      },
      "geometry": {
        "type": "Polygon",
        "coordinates": [
          [
            [
              76.3190496,
              32.2516213
            ],
            [
              76.3191301,
              32.2515623
            ],
            [
              76.3192025,
              32.251633
            ],
            [
              76.319122,
              32.251692
            ],
            [
              76.3190496,
              32.2516213
            ]
          ]
        ]
      },
      "id": "way/596429296"
    },
    {
      "type": "Feature",
      "properties": {
        "@id": "way/596429298",
        "building": "yes"
      },
      "geometry": {
        "type": "Polygon",
        "coordinates": [
          [
            [
              76.3198811,
              32.2519412
            ],
            [
              76.3199964,
              32.2519502
            ],
            [
              76.31999,
              32.2520087
            ],
            [
              76.3198746,
              32.2519996
            ],
            [
              76.3198811,
              32.2519412
            ]
          ]
        ]
      },
      "id": "way/596429298"
    },
    {
      "type": "Feature",
      "properties": {
        "@id": "way/596429300",
        "building": "hotel"
      },
      "geometry": {
        "type": "Polygon",
        "coordinates": [
          [
            [
              76.3197611,
              32.2517884
            ],
            [
              76.3198458,
              32.2516475
            ],
            [
              76.3199987,
              32.2517133
            ],
            [
              76.319914,
              32.2518542
            ],
            [
              76.3197611,
              32.2517884
            ]
          ]
        ]
      },
      "id": "way/596429300"
    },
    {
      "type": "Feature",
      "properties": {
        "@id": "way/627331929",
        "building": "yes"
      },
      "geometry": {
        "type": "Polygon",
        "coordinates": [
          [
            [
              76.3311222,
              32.243541
            ],
            [
              76.3313046,
              32.2433799
            ],
            [
              76.3314179,
              32.2434717
            ],
            [
              76.3312355,
              32.2436328
            ],
            [
              76.3311222,
              32.243541
            ]
          ]
        ]
      },
      "id": "way/627331929"
    },
    {
      "type": "Feature",
      "properties": {
        "@id": "way/627331930",
        "building": "yes"
      },
      "geometry": {
        "type": "Polygon",
        "coordinates": [
          [
            [
              76.3307413,
              32.2437951
            ],
            [
              76.330964,
              32.2437542
            ],
            [
              76.3309872,
              32.2438448
            ],
            [
              76.3307646,
              32.2438857
            ],
            [
              76.3307413,
              32.2437951
            ]
          ]
        ]
      },
      "id": "way/627331930"
    },
    {
      "type": "Feature",
      "properties": {
        "@id": "way/627331931",
        "building": "yes"
      },
      "geometry": {
        "type": "Polygon",
        "coordinates": [
          [
            [
              76.3309962,
              32.2437157
            ],
            [
              76.331077,
              32.2436196
            ],
            [
              76.3312541,
              32.2437262
            ],
            [
              76.3311732,
              32.2438223
            ],
            [
              76.3309962,
              32.2437157
            ]
          ]
        ]
      },
      "id": "way/627331931"
    },
    {
      "type": "Feature",
      "properties": {
        "@id": "way/636906542",
        "building": "house",
        "house": "bungalow",
        "name": "Donated British Age Bungalow",
        "note": "Donated British Age Bungalow ( Changed many hands, now under the personal ownership of DFO officer"
      },
      "geometry": {
        "type": "Polygon",
        "coordinates": [
          [
            [
              76.3130481,
              32.2504058
            ],
            [
              76.3131176,
              32.2502893
            ],
            [
              76.313272,
              32.2503552
            ],
            [
              76.3132025,
              32.2504717
            ],
            [
              76.3130481,
              32.2504058
            ]
          ]
        ]
      },
      "id": "way/636906542"
    },
    {
      "type": "Feature",
      "properties": {
        "@id": "way/636906543",
        "building": "yes"
      },
      "geometry": {
        "type": "Polygon",
        "coordinates": [
          [
            [
              76.3152116,
              32.2500538
            ],
            [
              76.3152795,
              32.2499968
            ],
            [
              76.3153929,
              32.2500936
            ],
            [
              76.315325,
              32.2501505
            ],
            [
              76.3152116,
              32.2500538
            ]
          ]
        ]
      },
      "id": "way/636906543"
    },
    {
      "type": "Feature",
      "properties": {
        "@id": "way/636906545",
        "building": "yes"
      },
      "geometry": {
        "type": "Polygon",
        "coordinates": [
          [
            [
              76.3162063,
              32.2508099
            ],
            [
              76.3162939,
              32.2507464
            ],
            [
              76.3163954,
              32.2508465
            ],
            [
              76.3163077,
              32.25091
            ],
            [
              76.3162063,
              32.2508099
            ]
          ]
        ]
      },
      "id": "way/636906545"
    },
    {
      "type": "Feature",
      "properties": {
        "@id": "way/636906547",
        "building": "house"
      },
      "geometry": {
        "type": "Polygon",
        "coordinates": [
          [
            [
              76.3158806,
              32.2497731
            ],
            [
              76.3158329,
              32.2496665
            ],
            [
              76.3160045,
              32.2496116
            ],
            [
              76.3160522,
              32.2497182
            ],
            [
              76.3158806,
              32.2497731
            ]
          ]
        ]
      },
      "id": "way/636906547"
    },
    {
      "type": "Feature",
      "properties": {
        "@id": "way/834253756",
        "building": "yes"
      },
      "geometry": {
        "type": "Polygon",
        "coordinates": [
          [
            [
              76.3288249,
              32.2511041
            ],
            [
              76.3288729,
              32.2510765
            ],
            [
              76.328944,
              32.251165
            ],
            [
              76.328896,
              32.2511926
            ],
            [
              76.3288249,
              32.2511041
            ]
          ]
        ]
      },
      "id": "way/834253756"
    },
    {
      "type": "Feature",
      "properties": {
        "@id": "way/834253757",
        "building": "yes"
      },
      "geometry": {
        "type": "Polygon",
        "coordinates": [
          [
            [
              76.3285119,
              32.2511264
            ],
            [
              76.3286609,
              32.2511421
            ],
            [
              76.3286521,
              32.2512023
            ],
            [
              76.3285031,
              32.2511867
            ],
            [
              76.3285119,
              32.2511264
            ]
          ]
        ]
      },
      "id": "way/834253757"
    },
    {
      "type": "Feature",
      "properties": {
        "@id": "way/834253762",
        "building": "yes",
        "disused:tourism": "guest_house"
      },
      "geometry": {
        "type": "Polygon",
        "coordinates": [
          [
            [
              76.3308004,
              32.2509115
            ],
            [
              76.3308322,
              32.2508956
            ],
            [
              76.3308494,
              32.2509203
            ],
            [
              76.3309671,
              32.2508616
            ],
            [
              76.3310128,
              32.2509271
            ],
            [
              76.3308632,
              32.2510017
            ],
            [
              76.3308004,
              32.2509115
            ]
          ]
        ]
      },
      "id": "way/834253762"
    },
    {
      "type": "Feature",
      "properties": {
        "@id": "way/944732677",
        "building": "yes"
      },
      "geometry": {
        "type": "Polygon",
        "coordinates": [
          [
            [
              76.325108,
              32.2397194
            ],
            [
              76.3249608,
              32.2396604
            ],
            [
              76.3250467,
              32.2395072
            ],
            [
              76.3251939,
              32.2395663
            ],
            [
              76.325108,
              32.2397194
            ]
          ]
        ]
      },
      "id": "way/944732677"
    },
    {
      "type": "Feature",
      "properties": {
        "@id": "way/944732680",
        "building": "yes"
      },
      "geometry": {
        "type": "Polygon",
        "coordinates": [
          [
            [
              76.3253945,
              32.2404498
            ],
            [
              76.3254319,
              32.2402957
            ],
            [
              76.3255622,
              32.2403183
            ],
            [
              76.3255248,
              32.2404724
            ],
            [
              76.3253945,
              32.2404498
            ]
          ]
        ]
      },
      "id": "way/944732680"
    },
    {
      "type": "Feature",
      "properties": {
        "@id": "way/944732681",
        "building": "yes"
      },
      "geometry": {
        "type": "Polygon",
        "coordinates": [
          [
            [
              76.3246911,
              32.2416742
            ],
            [
              76.3247708,
              32.2414445
            ],
            [
              76.3250568,
              32.2415156
            ],
            [
              76.3249771,
              32.2417452
            ],
            [
              76.3246911,
              32.2416742
            ]
          ]
        ]
      },
      "id": "way/944732681"
    },
    {
      "type": "Feature",
      "properties": {
        "@id": "way/944732682",
        "building": "yes"
      },
      "geometry": {
        "type": "Polygon",
        "coordinates": [
          [
            [
              76.3248953,
              32.2419578
            ],
            [
              76.3248953,
              32.2418388
            ],
            [
              76.325073,
              32.2418388
            ],
            [
              76.325073,
              32.2419578
            ],
            [
              76.3248953,
              32.2419578
            ]
          ]
        ]
      },
      "id": "way/944732682"
    },
    {
      "type": "Feature",
      "properties": {
        "@id": "way/944732683",
        "building": "yes"
      },
      "geometry": {
        "type": "Polygon",
        "coordinates": [
          [
            [
              76.3248296,
              32.2419936
            ],
            [
              76.3246905,
              32.2419565
            ],
            [
              76.3247616,
              32.2417655
            ],
            [
              76.3249007,
              32.2418026
            ],
            [
              76.3248296,
              32.2419936
            ]
          ]
        ]
      },
      "id": "way/944732683"
    },
    {
      "type": "Feature",
      "properties": {
        "@id": "way/944732684",
        "building": "yes"
      },
      "geometry": {
        "type": "Polygon",
        "coordinates": [
          [
            [
              76.3255323,
              32.2436265
            ],
            [
              76.3256036,
              32.2433712
            ],
            [
              76.3257862,
              32.2434077
            ],
            [
              76.3257148,
              32.243663
            ],
            [
              76.3255323,
              32.2436265
            ]
          ]
        ]
      },
      "id": "way/944732684"
    },
    {
      "type": "Feature",
      "properties": {
        "@id": "way/944732685",
        "building": "hotel"
      },
      "geometry": {
        "type": "Polygon",
        "coordinates": [
          [
            [
              76.3274719,
              32.243875
            ],
            [
              76.3273592,
              32.2437352
            ],
            [
              76.3275362,
              32.2436332
            ],
            [
              76.3276488,
              32.243773
            ],
            [
              76.3274719,
              32.243875
            ]
          ]
        ]
      },
      "id": "way/944732685"
    },
    {
      "type": "Feature",
      "properties": {
        "@id": "way/944732686",
        "building": "yes",
        "tourism": "guest_house"
      },
      "geometry": {
        "type": "Polygon",
        "coordinates": [
          [
            [
              76.3283867,
              32.2422757
            ],
            [
              76.3283795,
              32.2420993
            ],
            [
              76.3285662,
              32.2420939
            ],
            [
              76.3285734,
              32.2422702
            ],
            [
              76.3283867,
              32.2422757
            ]
          ]
        ]
      },
      "id": "way/944732686"
    },
    {
      "type": "Feature",
      "properties": {
        "@id": "way/944732687",
        "building": "hotel"
      },
      "geometry": {
        "type": "Polygon",
        "coordinates": [
          [
            [
              76.3284827,
              32.2432302
            ],
            [
              76.3282179,
              32.2430833
            ],
            [
              76.3283387,
              32.2429275
            ],
            [
              76.3283859,
              32.2429537
            ],
            [
              76.3284968,
              32.2428108
            ],
            [
              76.3287144,
              32.2429315
            ],
            [
              76.3284827,
              32.2432302
            ]
          ]
        ]
      },
      "id": "way/944732687"
    },
    {
      "type": "Feature",
      "properties": {
        "@id": "way/944732688",
        "building": "yes"
      },
      "geometry": {
        "type": "Polygon",
        "coordinates": [
          [
            [
              76.3249828,
              32.2394464
            ],
            [
              76.3248673,
              32.2393968
            ],
            [
              76.3249218,
              32.2393061
            ],
            [
              76.3250372,
              32.2393558
            ],
            [
              76.3249828,
              32.2394464
            ]
          ]
        ]
      },
      "id": "way/944732688"
    },
    {
      "type": "Feature",
      "properties": {
        "@id": "way/1194994476",
        "building": "yes"
      },
      "geometry": {
        "type": "Polygon",
        "coordinates": [
          [
            [
              76.3337029,
              32.2456752
            ],
            [
              76.3336626,
              32.2456014
            ],
            [
              76.3337525,
              32.2455663
            ],
            [
              76.3337927,
              32.2456402
            ],
            [
              76.3337029,
              32.2456752
            ]
          ]
        ]
      },
      "id": "way/1194994476"
    },
    {
      "type": "Feature",
      "properties": {
        "@id": "way/1384512133",
        "building": "yes",
        "tourism": "hotel"
      },
      "geometry": {
        "type": "Polygon",
        "coordinates": [
          [
            [
              76.3281661,
              32.2457658
            ],
            [
              76.328298,
              32.2457887
            ],
            [
              76.328263,
              32.2459327
            ],
            [
              76.3281311,
              32.2459098
            ],
            [
              76.3281661,
              32.2457658
            ]
          ]
        ]
      },
      "id": "way/1384512133"
    },
    {
      "type": "Feature",
      "properties": {
        "@id": "way/1384512134",
        "building": "yes",
        "tourism": "hotel"
      },
      "geometry": {
        "type": "Polygon",
        "coordinates": [
          [
            [
              76.3280819,
              32.245942
            ],
            [
              76.3282698,
              32.2459699
            ],
            [
              76.3282438,
              32.2460952
            ],
            [
              76.3281981,
              32.2460884
            ],
            [
              76.3281916,
              32.2461196
            ],
            [
              76.3280494,
              32.2460985
            ],
            [
              76.3280819,
              32.245942
            ]
          ]
        ]
      },
      "id": "way/1384512134"
    },
    {
      "type": "Feature",
      "properties": {
        "@id": "way/1385320886",
        "building": "yes"
      },
      "geometry": {
        "type": "Polygon",
        "coordinates": [
          [
            [
              76.3295275,
              32.2496241
            ],
            [
              76.3295676,
              32.2497018
            ],
            [
              76.32952,
              32.2497193
            ],
            [
              76.3294798,
              32.2496417
            ],
            [
              76.3295275,
              32.2496241
            ]
          ]
        ]
      },
      "id": "way/1385320886"
    },
    {
      "type": "Feature",
      "properties": {
        "@id": "way/1385567432",
        "building": "yes",
        "disused:amenity": "cafe"
      },
      "geometry": {
        "type": "Polygon",
        "coordinates": [
          [
            [
              76.329278,
              32.2493895
            ],
            [
              76.3292344,
              32.2493046
            ],
            [
              76.3293102,
              32.2492769
            ],
            [
              76.3293537,
              32.2493617
            ],
            [
              76.329278,
              32.2493895
            ]
          ]
        ]
      },
      "id": "way/1385567432"
    },
    {
      "type": "Feature",
      "properties": {
        "@id": "way/1385798631",
        "building": "yes",
        "source": "microsoft/BuildingFootprints"
      },
      "geometry": {
        "type": "Polygon",
        "coordinates": [
          [
            [
              76.3328868,
              32.2481557
            ],
            [
              76.3329012,
              32.2482456
            ],
            [
              76.3326784,
              32.2482712
            ],
            [
              76.332664,
              32.2481813
            ],
            [
              76.3328868,
              32.2481557
            ]
          ]
        ]
      },
      "id": "way/1385798631"
    },
    {
      "type": "Feature",
      "properties": {
        "@id": "way/1385798632",
        "building": "yes",
        "source": "microsoft/BuildingFootprints"
      },
      "geometry": {
        "type": "Polygon",
        "coordinates": [
          [
            [
              76.3326445,
              32.2479661
            ],
            [
              76.3327913,
              32.2479109
            ],
            [
              76.3328461,
              32.248015
            ],
            [
              76.3326993,
              32.2480703
            ],
            [
              76.3326445,
              32.2479661
            ]
          ]
        ]
      },
      "id": "way/1385798632"
    },
    {
      "type": "Feature",
      "properties": {
        "@id": "way/1385798633",
        "building": "yes",
        "source": "microsoft/BuildingFootprints"
      },
      "geometry": {
        "type": "Polygon",
        "coordinates": [
          [
            [
              76.3330692,
              32.2478006
            ],
            [
              76.3331077,
              32.2478765
            ],
            [
              76.3328426,
              32.2479726
            ],
            [
              76.3328041,
              32.2478966
            ],
            [
              76.3330692,
              32.2478006
            ]
          ]
        ]
      },
      "id": "way/1385798633"
    },
    {
      "type": "Feature",
      "properties": {
        "@id": "way/1385798634",
        "building": "yes",
        "source": "microsoft/BuildingFootprints"
      },
      "geometry": {
        "type": "Polygon",
        "coordinates": [
          [
            [
              76.3318028,
              32.2474936
            ],
            [
              76.3319293,
              32.2475018
            ],
            [
              76.3319204,
              32.2475996
            ],
            [
              76.331794,
              32.2475915
            ],
            [
              76.3318028,
              32.2474936
            ]
          ]
        ]
      },
      "id": "way/1385798634"
    },
    {
      "type": "Feature",
      "properties": {
        "@id": "way/1385798635",
        "building": "yes",
        "source": "microsoft/BuildingFootprints"
      },
      "geometry": {
        "type": "Polygon",
        "coordinates": [
          [
            [
              76.3320514,
              32.2476667
            ],
            [
              76.3320705,
              32.2476249
            ],
            [
              76.3320087,
              32.2476048
            ],
            [
              76.3320363,
              32.2475441
            ],
            [
              76.3321276,
              32.247574
            ],
            [
              76.332081,
              32.2476763
            ],
            [
              76.3320514,
              32.2476667
            ]
          ]
        ]
      },
      "id": "way/1385798635"
    },
    {
      "type": "Feature",
      "properties": {
        "@id": "way/1385798636",
        "building": "yes",
        "source": "microsoft/BuildingFootprints"
      },
      "geometry": {
        "type": "Polygon",
        "coordinates": [
          [
            [
              76.3298938,
              32.2454567
            ],
            [
              76.3297598,
              32.2454598
            ],
            [
              76.3297582,
              32.2454077
            ],
            [
              76.3298922,
              32.2454046
            ],
            [
              76.3298938,
              32.2454567
            ]
          ]
        ]
      },
      "id": "way/1385798636"
    },
    {
      "type": "Feature",
      "properties": {
        "@id": "way/1385798637",
        "building": "yes",
        "source": "microsoft/BuildingFootprints"
      },
      "geometry": {
        "type": "Polygon",
        "coordinates": [
          [
            [
              76.3299718,
              32.2452997
            ],
            [
              76.3299851,
              32.2452443
            ],
            [
              76.3300855,
              32.2452615
            ],
            [
              76.3300723,
              32.2453169
            ],
            [
              76.3299718,
              32.2452997
            ]
          ]
        ]
      },
      "id": "way/1385798637"
    },
    {
      "type": "Feature",
      "properties": {
        "@id": "way/1385798638",
        "building": "yes",
        "source": "microsoft/BuildingFootprints"
      },
      "geometry": {
        "type": "Polygon",
        "coordinates": [
          [
            [
              76.3298935,
              32.2452799
            ],
            [
              76.3299084,
              32.2452248
            ],
            [
              76.3299824,
              32.2452391
            ],
            [
              76.3299674,
              32.2452943
            ],
            [
              76.3298935,
              32.2452799
            ]
          ]
        ]
      },
      "id": "way/1385798638"
    },
    {
      "type": "Feature",
      "properties": {
        "@id": "way/1385798639",
        "building": "yes",
        "source": "microsoft/BuildingFootprints"
      },
      "geometry": {
        "type": "Polygon",
        "coordinates": [
          [
            [
              76.3299378,
              32.2450901
            ],
            [
              76.329935,
              32.2451944
            ],
            [
              76.329868,
              32.2451931
            ],
            [
              76.3298708,
              32.2450888
            ],
            [
              76.3299378,
              32.2450901
            ]
          ]
        ]
      },
      "id": "way/1385798639"
    },
    {
      "type": "Feature",
      "properties": {
        "@id": "way/1385798640",
        "building": "yes",
        "source": "microsoft/BuildingFootprints"
      },
      "geometry": {
        "type": "Polygon",
        "coordinates": [
          [
            [
              76.3296646,
              32.2449993
            ],
            [
              76.3296531,
              32.2451861
            ],
            [
              76.3294926,
              32.245179
            ],
            [
              76.3294903,
              32.2452175
            ],
            [
              76.3294221,
              32.2452145
            ],
            [
              76.329436,
              32.2449892
            ],
            [
              76.3296646,
              32.2449993
            ]
          ]
        ]
      },
      "id": "way/1385798640"
    },
    {
      "type": "Feature",
      "properties": {
        "@id": "way/1385798641",
        "building": "yes",
        "source": "microsoft/BuildingFootprints"
      },
      "geometry": {
        "type": "Polygon",
        "coordinates": [
          [
            [
              76.3292946,
              32.2509317
            ],
            [
              76.3292383,
              32.2509306
            ],
            [
              76.3292405,
              32.2508513
            ],
            [
              76.3292968,
              32.2508524
            ],
            [
              76.3292946,
              32.2509317
            ]
          ]
        ]
      },
      "id": "way/1385798641"
    },
    {
      "type": "Feature",
      "properties": {
        "@id": "way/1385798642",
        "building": "yes",
        "source": "microsoft/BuildingFootprints"
      },
      "geometry": {
        "type": "Polygon",
        "coordinates": [
          [
            [
              76.3298235,
              32.2508454
            ],
            [
              76.3299237,
              32.2508484
            ],
            [
              76.3299219,
              32.2508914
            ],
            [
              76.3298218,
              32.2508884
            ],
            [
              76.3298235,
              32.2508454
            ]
          ]
        ]
      },
      "id": "way/1385798642"
    },
    {
      "type": "Feature",
      "properties": {
        "@id": "way/1385798644",
        "building": "yes",
        "source": "microsoft/BuildingFootprints"
      },
      "geometry": {
        "type": "Polygon",
        "coordinates": [
          [
            [
              76.3299407,
              32.2508225
            ],
            [
              76.3300874,
              32.2507761
            ],
            [
              76.3301116,
              32.2508307
            ],
            [
              76.3299649,
              32.2508771
            ],
            [
              76.3299407,
              32.2508225
            ]
          ]
        ]
      },
      "id": "way/1385798644"
    },
    {
      "type": "Feature",
      "properties": {
        "@id": "way/1385798645",
        "building": "yes",
        "source": "microsoft/BuildingFootprints"
      },
      "geometry": {
        "type": "Polygon",
        "coordinates": [
          [
            [
              76.3301039,
              32.2507328
            ],
            [
              76.3302068,
              32.2507126
            ],
            [
              76.3302405,
              32.2508344
            ],
            [
              76.3301376,
              32.2508546
            ],
            [
              76.3301039,
              32.2507328
            ]
          ]
        ]
      },
      "id": "way/1385798645"
    },
    {
      "type": "Feature",
      "properties": {
        "@id": "way/1385798646",
        "building": "yes",
        "source": "microsoft/BuildingFootprints"
      },
      "geometry": {
        "type": "Polygon",
        "coordinates": [
          [
            [
              76.3298864,
              32.2506947
            ],
            [
              76.3300306,
              32.250659
            ],
            [
              76.3300545,
              32.2507279
            ],
            [
              76.3299102,
              32.2507636
            ],
            [
              76.3298864,
              32.2506947
            ]
          ]
        ]
      },
      "id": "way/1385798646"
    },
    {
      "type": "Feature",
      "properties": {
        "@id": "way/1385798647",
        "building": "yes",
        "source": "microsoft/BuildingFootprints"
      },
      "geometry": {
        "type": "Polygon",
        "coordinates": [
          [
            [
              76.3295769,
              32.2507476
            ],
            [
              76.3298286,
              32.2508176
            ],
            [
              76.3298103,
              32.2508647
            ],
            [
              76.3297773,
              32.2508555
            ],
            [
              76.3297646,
              32.2508883
            ],
            [
              76.3296765,
              32.2508638
            ],
            [
              76.329667,
              32.2508883
            ],
            [
              76.3295968,
              32.2508688
            ],
            [
              76.3296127,
              32.2508278
            ],
            [
              76.3295522,
              32.250811
            ],
            [
              76.3295769,
              32.2507476
            ]
          ]
        ]
      },
      "id": "way/1385798647"
    },
    {
      "type": "Feature",
      "properties": {
        "@id": "way/1385798649",
        "building": "yes",
        "source": "microsoft/BuildingFootprints"
      },
      "geometry": {
        "type": "Polygon",
        "coordinates": [
          [
            [
              76.3291958,
              32.2510133
            ],
            [
              76.3292573,
              32.2510101
            ],
            [
              76.32926,
              32.2510486
            ],
            [
              76.3291985,
              32.2510517
            ],
            [
              76.3291958,
              32.2510133
            ]
          ]
        ]
      },
      "id": "way/1385798649"
    },
    {
      "type": "Feature",
      "properties": {
        "@id": "way/1385798650",
        "building": "yes",
        "source": "microsoft/BuildingFootprints"
      },
      "geometry": {
        "type": "Polygon",
        "coordinates": [
          [
            [
              76.3291518,
              32.2510244
            ],
            [
              76.3291615,
              32.2511029
            ],
            [
              76.3290156,
              32.2511159
            ],
            [
              76.3290059,
              32.2510373
            ],
            [
              76.3291518,
              32.2510244
            ]
          ]
        ]
      },
      "id": "way/1385798650"
    },
    {
      "type": "Feature",
      "properties": {
        "@id": "way/1385798651",
        "building": "yes",
        "source": "microsoft/BuildingFootprints"
      },
      "geometry": {
        "type": "Polygon",
        "coordinates": [
          [
            [
              76.3281586,
              32.252147
            ],
            [
              76.3282914,
              32.2521034
            ],
            [
              76.3283204,
              32.2521664
            ],
            [
              76.3281876,
              32.2522101
            ],
            [
              76.3281586,
              32.252147
            ]
          ]
        ]
      },
      "id": "way/1385798651"
    },
    {
      "type": "Feature",
      "properties": {
        "@id": "way/1385798652",
        "building": "yes",
        "source": "microsoft/BuildingFootprints"
      },
      "geometry": {
        "type": "Polygon",
        "coordinates": [
          [
            [
              76.3280586,
              32.2522655
            ],
            [
              76.3278386,
              32.2524017
            ],
            [
              76.3277715,
              32.2523242
            ],
            [
              76.3279915,
              32.252188
            ],
            [
              76.3280586,
              32.2522655
            ]
          ]
        ]
      },
      "id": "way/1385798652"
    },
    {
      "type": "Feature",
      "properties": {
        "@id": "way/1385798653",
        "building": "yes",
        "source": "microsoft/BuildingFootprints"
      },
      "geometry": {
        "type": "Polygon",
        "coordinates": [
          [
            [
              76.3281857,
              32.2523774
            ],
            [
              76.3281373,
              32.2524028
            ],
            [
              76.3281169,
              32.2523749
            ],
            [
              76.3281653,
              32.2523495
            ],
            [
              76.3281857,
              32.2523774
            ]
          ]
        ]
      },
      "id": "way/1385798653"
    },
    {
      "type": "Feature",
      "properties": {
        "@id": "way/1385798654",
        "building": "yes",
        "source": "microsoft/BuildingFootprints"
      },
      "geometry": {
        "type": "Polygon",
        "coordinates": [
          [
            [
              76.3282227,
              32.2523838
            ],
            [
              76.3282295,
              32.252425
            ],
            [
              76.3281848,
              32.2524303
            ],
            [
              76.328178,
              32.2523891
            ],
            [
              76.3282227,
              32.2523838
            ]
          ]
        ]
      },
      "id": "way/1385798654"
    },
    {
      "type": "Feature",
      "properties": {
        "@id": "way/1385798655",
        "building": "yes",
        "source": "microsoft/BuildingFootprints"
      },
      "geometry": {
        "type": "Polygon",
        "coordinates": [
          [
            [
              76.3286061,
              32.252586
            ],
            [
              76.3284185,
              32.2526399
            ],
            [
              76.328385,
              32.2525565
            ],
            [
              76.3284668,
              32.252533
            ],
            [
              76.3284799,
              32.2525656
            ],
            [
              76.3285857,
              32.2525352
            ],
            [
              76.3286061,
              32.252586
            ]
          ]
        ]
      },
      "id": "way/1385798655"
    },
    {
      "type": "Feature",
      "properties": {
        "@id": "way/1385798656",
        "building": "yes",
        "source": "microsoft/BuildingFootprints"
      },
      "geometry": {
        "type": "Polygon",
        "coordinates": [
          [
            [
              76.327796,
              32.252872
            ],
            [
              76.3278118,
              32.2529325
            ],
            [
              76.3277095,
              32.2529516
            ],
            [
              76.3276937,
              32.2528911
            ],
            [
              76.327796,
              32.252872
            ]
          ]
        ]
      },
      "id": "way/1385798656"
    },
    {
      "type": "Feature",
      "properties": {
        "@id": "way/1392693603",
        "building": "yes"
      },
      "geometry": {
        "type": "Polygon",
        "coordinates": [
          [
            [
              76.3316407,
              32.2502877
            ],
            [
              76.331591,
              32.2502131
            ],
            [
              76.3316679,
              32.2501764
            ],
            [
              76.3317176,
              32.250251
            ],
            [
              76.3316407,
              32.2502877
            ]
          ]
        ]
      },
      "id": "way/1392693603"
    },
    {
      "type": "Feature",
      "properties": {
        "@id": "way/1392693604",
        "building": "yes"
      },
      "geometry": {
        "type": "Polygon",
        "coordinates": [
          [
            [
              76.3317449,
              32.2502503
            ],
            [
              76.331708,
              32.250199
            ],
            [
              76.3318417,
              32.2501301
            ],
            [
              76.3318786,
              32.2501814
            ],
            [
              76.3317449,
              32.2502503
            ]
          ]
        ]
      },
      "id": "way/1392693604"
    },
    {
      "type": "Feature",
      "properties": {
        "@id": "way/1392701719",
        "amenity": "cafe",
        "building": "yes",
        "cuisine": "chinese;italian_pizza;italian;asian",
        "diet:vegetarian": "yes",
        "internet_access": "wlan",
        "level": "0",
        "name": "Flügler Cafe",
        "outdoor_seating": "yes",
        "wheelchair": "limited"
      },
      "geometry": {
        "type": "Polygon",
        "coordinates": [
          [
            [
              76.3293327,
              32.249602
            ],
            [
              76.329343,
              32.2495239
            ],
            [
              76.3294363,
              32.2495327
            ],
            [
              76.3294261,
              32.2496108
            ],
            [
              76.3293327,
              32.249602
            ]
          ]
        ]
      },
      "id": "way/1392701719"
    },
    {
      "type": "Feature",
      "properties": {
        "@id": "way/1392701720",
        "building": "yes",
        "check_date": "2025-05-06",
        "internet_access": "wlan",
        "name": "Raj residency",
        "name:en": "Raj residency",
        "name:he": "מלון ראג'",
        "tourism": "hotel;guest_house"
      },
      "geometry": {
        "type": "Polygon",
        "coordinates": [
          [
            [
              76.3288254,
              32.2495444
            ],
            [
              76.3290346,
              32.2494878
            ],
            [
              76.3290622,
              32.2495609
            ],
            [
              76.328853,
              32.2496175
            ],
            [
              76.3288254,
              32.2495444
            ]
          ]
        ]
      },
      "id": "way/1392701720"
    },
    {
      "type": "Feature",
      "properties": {
        "@id": "way/1392701721",
        "building": "yes"
      },
      "geometry": {
        "type": "Polygon",
        "coordinates": [
          [
            [
              76.3291054,
              32.2494968
            ],
            [
              76.3292685,
              32.2494737
            ],
            [
              76.3292859,
              32.2495613
            ],
            [
              76.3291228,
              32.2495845
            ],
            [
              76.3291054,
              32.2494968
            ]
          ]
        ]
      },
      "id": "way/1392701721"
    },
    {
      "type": "Feature",
      "properties": {
        "@id": "way/1392701722",
        "building": "yes"
      },
      "geometry": {
        "type": "Polygon",
        "coordinates": [
          [
            [
              76.3293725,
              32.2493002
            ],
            [
              76.3295244,
              32.2492947
            ],
            [
              76.3295309,
              32.2494254
            ],
            [
              76.329379,
              32.2494309
            ],
            [
              76.3293725,
              32.2493002
            ]
          ]
        ]
      },
      "id": "way/1392701722"
    },
    {
      "type": "Feature",
      "properties": {
        "@id": "way/1392701724",
        "building": "yes"
      },
      "geometry": {
        "type": "Polygon",
        "coordinates": [
          [
            [
              76.3297808,
              32.2478681
            ],
            [
              76.3297854,
              32.2478005
            ],
            [
              76.3299105,
              32.2478066
            ],
            [
              76.329906,
              32.2478741
            ],
            [
              76.3297808,
              32.2478681
            ]
          ]
        ]
      },
      "id": "way/1392701724"
    },
    {
      "type": "Feature",
      "properties": {
        "@id": "way/1453095361",
        "building": "commercial"
      },
      "geometry": {
        "type": "Polygon",
        "coordinates": [
          [
            [
              76.3233167,
              32.2398482
            ],
            [
              76.3233891,
              32.2392175
            ],
            [
              76.3235796,
              32.239222
            ],
            [
              76.3237003,
              32.2394511
            ],
            [
              76.3236564,
              32.2397635
            ],
            [
              76.3236493,
              32.2398141
            ],
            [
              76.3233167,
              32.2398482
            ]
          ]
        ]
      },
      "id": "way/1453095361"
    },
    {
      "type": "Feature",
      "properties": {
        "@id": "way/1453096890",
        "building": "house"
      },
      "geometry": {
        "type": "Polygon",
        "coordinates": [
          [
            [
              76.3283522,
              32.240718
            ],
            [
              76.3284039,
              32.2405756
            ],
            [
              76.3285316,
              32.2406088
            ],
            [
              76.3284799,
              32.2407512
            ],
            [
              76.3283522,
              32.240718
            ]
          ]
        ]
      },
      "id": "way/1453096890"
    },
    {
      "type": "Feature",
      "properties": {
        "@id": "way/1453096891",
        "building": "commercial"
      },
      "geometry": {
        "type": "Polygon",
        "coordinates": [
          [
            [
              76.3285132,
              32.2407568
            ],
            [
              76.3285607,
              32.2405925
            ],
            [
              76.3286921,
              32.2406196
            ],
            [
              76.3286445,
              32.2407839
            ],
            [
              76.3285132,
              32.2407568
            ]
          ]
        ]
      },
      "id": "way/1453096891"
    },
    {
      "type": "Feature",
      "properties": {
        "@id": "way/1453235608",
        "building": "house"
      },
      "geometry": {
        "type": "Polygon",
        "coordinates": [
          [
            [
              76.3158055,
              32.2499814
            ],
            [
              76.3158752,
              32.2498112
            ],
            [
              76.3159815,
              32.2498424
            ],
            [
              76.3159118,
              32.2500126
            ],
            [
              76.3158055,
              32.2499814
            ]
          ]
        ]
      },
      "id": "way/1453235608"
    },
    {
      "type": "Feature",
      "properties": {
        "@id": "way/1453235995",
        "building": "hotel"
      },
      "geometry": {
        "type": "Polygon",
        "coordinates": [
          [
            [
              76.3201013,
              32.2522944
            ],
            [
              76.3200304,
              32.2522531
            ],
            [
              76.3200962,
              32.2521723
            ],
            [
              76.3201671,
              32.2522136
            ],
            [
              76.3201013,
              32.2522944
            ]
          ]
        ]
      },
      "id": "way/1453235995"
    },
    {
      "type": "Feature",
      "properties": {
        "@id": "way/1453235996",
        "building": "hotel"
      },
      "geometry": {
        "type": "Polygon",
        "coordinates": [
          [
            [
              76.3197537,
              32.2525013
            ],
            [
              76.3197489,
              32.2524088
            ],
            [
              76.3198491,
              32.2524051
            ],
            [
              76.3198539,
              32.2524975
            ],
            [
              76.3197537,
              32.2525013
            ]
          ]
        ]
      },
      "id": "way/1453235996"
    },
    {
      "type": "Feature",
      "properties": {
        "@id": "way/1453236390",
        "building": "yes",
        "layer": "-1",
        "name": "Hell Zone",
        "tourism": "hotel"
      },
      "geometry": {
        "type": "Polygon",
        "coordinates": [
          [
            [
              76.3199124,
              32.2527195
            ],
            [
              76.3193518,
              32.2521796
            ],
            [
              76.3187241,
              32.2517895
            ],
            [
              76.3188234,
              32.2514764
            ],
            [
              76.3192713,
              32.2512065
            ],
            [
              76.3204381,
              32.2514583
            ],
            [
              76.3208029,
              32.2517872
            ],
            [
              76.3205802,
              32.2525448
            ],
            [
              76.3199124,
              32.2527195
            ]
          ]
        ]
      },
      "id": "way/1453236390"
    },
    {
      "type": "Feature",
      "properties": {
        "@id": "way/1453261773",
        "building": "house",
        "house": "mud_house"
      },
      "geometry": {
        "type": "Polygon",
        "coordinates": [
          [
            [
              76.3353548,
              32.2509043
            ],
            [
              76.3353252,
              32.250871
            ],
            [
              76.3353675,
              32.2508442
            ],
            [
              76.3353969,
              32.2508784
            ],
            [
              76.3353548,
              32.2509043
            ]
          ]
        ]
      },
      "id": "way/1453261773"
    },
    {
      "type": "Feature",
      "properties": {
        "@id": "way/1453261774",
        "building": "house"
      },
      "geometry": {
        "type": "Polygon",
        "coordinates": [
          [
            [
              76.335309,
              32.2509255
            ],
            [
              76.3352843,
              32.2508936
            ],
            [
              76.3353252,
              32.250871
            ],
            [
              76.3353498,
              32.250903
            ],
            [
              76.335309,
              32.2509255
            ]
          ]
        ]
      },
      "id": "way/1453261774"
    },
    {
      "type": "Feature",
      "properties": {
        "@id": "way/1453261775",
        "building": "roof",
        "layer": "1"
      },
      "geometry": {
        "type": "Polygon",
        "coordinates": [
          [
            [
              76.3353233,
              32.2508689
            ],
            [
              76.3353,
              32.2508442
            ],
            [
              76.3353398,
              32.2508173
            ],
            [
              76.3353631,
              32.250842
            ],
            [
              76.3353233,
              32.2508689
            ]
          ]
        ]
      },
      "id": "way/1453261775"
    },
    {
      "type": "Feature",
      "properties": {
        "@id": "way/1456601365",
        "building": "yes"
      },
      "geometry": {
        "type": "Polygon",
        "coordinates": [
          [
            [
              76.332846,
              32.2437789
            ],
            [
              76.3328596,
              32.2437304
            ],
            [
              76.3329385,
              32.2437462
            ],
            [
              76.3329249,
              32.2437947
            ],
            [
              76.332846,
              32.2437789
            ]
          ]
        ]
      },
      "id": "way/1456601365"
    },
    {
      "type": "Feature",
      "properties": {
        "@id": "way/1456601366",
        "building": "house"
      },
      "geometry": {
        "type": "Polygon",
        "coordinates": [
          [
            [
              76.3327939,
              32.2437103
            ],
            [
              76.3328128,
              32.2436486
            ],
            [
              76.3328811,
              32.2436636
            ],
            [
              76.3328622,
              32.2437253
            ],
            [
              76.3327939,
              32.2437103
            ]
          ]
        ]
      },
      "id": "way/1456601366"
    },
    {
      "type": "Feature",
      "properties": {
        "@id": "way/1456601367",
        "building": "yes"
      },
      "geometry": {
        "type": "Polygon",
        "coordinates": [
          [
            [
              76.3327666,
              32.2437715
            ],
            [
              76.3327827,
              32.2437189
            ],
            [
              76.3328481,
              32.2437333
            ],
            [
              76.3328321,
              32.2437858
            ],
            [
              76.3327666,
              32.2437715
            ]
          ]
        ]
      },
      "id": "way/1456601367"
    },
    {
      "type": "Feature",
      "properties": {
        "@id": "way/1456601368",
        "building": "yes"
      },
      "geometry": {
        "type": "Polygon",
        "coordinates": [
          [
            [
              76.3327598,
              32.2437677
            ],
            [
              76.332695,
              32.2437518
            ],
            [
              76.3327178,
              32.2436855
            ],
            [
              76.332665,
              32.2436725
            ],
            [
              76.3326983,
              32.2435757
            ],
            [
              76.332816,
              32.2436047
            ],
            [
              76.3327598,
              32.2437677
            ]
          ]
        ]
      },
      "id": "way/1456601368"
    },
    {
      "type": "Feature",
      "properties": {
        "@id": "way/1456601369",
        "building": "yes"
      },
      "geometry": {
        "type": "Polygon",
        "coordinates": [
          [
            [
              76.3327565,
              32.2438211
            ],
            [
              76.3327659,
              32.2437784
            ],
            [
              76.332915,
              32.2438021
            ],
            [
              76.3329055,
              32.2438448
            ],
            [
              76.3327565,
              32.2438211
            ]
          ]
        ]
      },
      "id": "way/1456601369"
    },
    {
      "type": "Feature",
      "properties": {
        "@id": "way/1456601695",
        "building": "yes"
      },
      "geometry": {
        "type": "Polygon",
        "coordinates": [
          [
            [
              76.3339709,
              32.2448759
            ],
            [
              76.333779,
              32.2448542
            ],
            [
              76.3337926,
              32.2447684
            ],
            [
              76.3339844,
              32.2447901
            ],
            [
              76.3339709,
              32.2448759
            ]
          ]
        ]
      },
      "id": "way/1456601695"
    },
    {
      "type": "Feature",
      "properties": {
        "@id": "way/1456601696",
        "building": "yes"
      },
      "geometry": {
        "type": "Polygon",
        "coordinates": [
          [
            [
              76.3329619,
              32.2447316
            ],
            [
              76.3329938,
              32.2446437
            ],
            [
              76.3331293,
              32.2446789
            ],
            [
              76.3330974,
              32.2447668
            ],
            [
              76.3329619,
              32.2447316
            ]
          ]
        ]
      },
      "id": "way/1456601696"
    },
    {
      "type": "Feature",
      "properties": {
        "@id": "way/1515718891",
        "building": "yes",
        "craft": "sawmill"
      },
      "geometry": {
        "type": "Polygon",
        "coordinates": [
          [
            [
              76.3118554,
              32.2407231
            ],
            [
              76.31187,
              32.2406841
            ],
            [
              76.3121214,
              32.2407516
            ],
            [
              76.3121068,
              32.2407906
            ],
            [
              76.3118554,
              32.2407231
            ]
          ]
        ]
      },
      "id": "way/1515718891"
    },
    {
      "type": "Feature",
      "properties": {
        "@id": "way/1560456180",
        "building": "hotel"
      },
      "geometry": {
        "type": "Polygon",
        "coordinates": [
          [
            [
              76.3286134,
              32.2427928
            ],
            [
              76.3287084,
              32.2426727
            ],
            [
              76.3288113,
              32.242731
            ],
            [
              76.3288568,
              32.2426735
            ],
            [
              76.3289106,
              32.242704
            ],
            [
              76.3288732,
              32.2427512
            ],
            [
              76.3289319,
              32.2427844
            ],
            [
              76.3288288,
              32.2429147
            ],
            [
              76.3286134,
              32.2427928
            ]
          ]
        ]
      },
      "id": "way/1560456180"
    },
    {
      "type": "Feature",
      "properties": {
        "@id": "way/1560456181",
        "amenity": "community_centre",
        "building": "yes",
        "community_centre": "community_hall"
      },
      "geometry": {
        "type": "Polygon",
        "coordinates": [
          [
            [
              76.3305578,
              32.2404513
            ],
            [
              76.3305745,
              32.2401592
            ],
            [
              76.3308098,
              32.2401688
            ],
            [
              76.3307931,
              32.2404609
            ],
            [
              76.3305578,
              32.2404513
            ]
          ]
        ]
      },
      "id": "way/1560456181"
    },
    {
      "type": "Feature",
      "properties": {
        "@id": "way/1560456182",
        "building": "hotel"
      },
      "geometry": {
        "type": "Polygon",
        "coordinates": [
          [
            [
              76.3308486,
              32.2408541
            ],
            [
              76.3308633,
              32.2407247
            ],
            [
              76.3310526,
              32.2407401
            ],
            [
              76.3310379,
              32.2408694
            ],
            [
              76.3308486,
              32.2408541
            ]
          ]
        ]
      },
      "id": "way/1560456182"
    },
    {
      "type": "Feature",
      "properties": {
        "@id": "way/38579071",
        "highway": "unclassified",
        "lane_markings": "no",
        "maxspeed": "20",
        "name": "Dharamshala Cantt Naddi Link Road",
        "oneway": "no",
        "surface": "concrete",
        "width": "4"
      },
      "geometry": {
        "type": "LineString",
        "coordinates": [
          [
            76.3130057,
            32.2388321
          ],
          [
            76.3129795,
            32.2388237
          ],
          [
            76.3129608,
            32.2388057
          ],
          [
            76.3129593,
            32.2387939
          ],
          [
            76.3129685,
            32.238764
          ],
          [
            76.312987,
            32.2387275
          ],
          [
            76.3129993,
            32.238704
          ],
          [
            76.3130178,
            32.2386754
          ],
          [
            76.3130471,
            32.2386337
          ],
          [
            76.3130856,
            32.2385842
          ],
          [
            76.3131164,
            32.238532
          ],
          [
            76.3131503,
            32.2384552
          ],
          [
            76.3131626,
            32.2384017
          ],
          [
            76.313178,
            32.2383209
          ],
          [
            76.3131477,
            32.2382017
          ],
          [
            76.3130173,
            32.2379919
          ],
          [
            76.3129819,
            32.2379952
          ],
          [
            76.3129435,
            32.2380089
          ],
          [
            76.312932,
            32.2380496
          ],
          [
            76.312973,
            32.2381632
          ],
          [
            76.313024,
            32.2382732
          ],
          [
            76.3130032,
            32.2383226
          ],
          [
            76.3129731,
            32.2383408
          ],
          [
            76.3129433,
            32.2383386
          ],
          [
            76.3129072,
            32.2383103
          ],
          [
            76.3128475,
            32.238242
          ],
          [
            76.312674,
            32.2380543
          ],
          [
            76.3125868,
            32.2380304
          ],
          [
            76.3125047,
            32.2380889
          ],
          [
            76.3123078,
            32.2391631
          ],
          [
            76.312175,
            32.2392988
          ],
          [
            76.3119933,
            32.2393486
          ],
          [
            76.3117101,
            32.2393124
          ],
          [
            76.3115488,
            32.2393312
          ],
          [
            76.3114951,
            32.2394195
          ],
          [
            76.3114696,
            32.2395218
          ],
          [
            76.3114603,
            32.2396139
          ],
          [
            76.3113929,
            32.2397051
          ],
          [
            76.3111517,
            32.2399662
          ],
          [
            76.311222,
            32.2401081
          ],
          [
            76.3113799,
            32.2403494
          ],
          [
            76.3114801,
            32.2404907
          ],
          [
            76.3114875,
            32.2405459
          ],
          [
            76.3114584,
            32.2405976
          ],
          [
            76.3114435,
            32.2406503
          ],
          [
            76.3114449,
            32.2406824
          ],
          [
            76.3114401,
            32.2407122
          ]
        ]
      },
      "id": "way/38579071"
    },
    {
      "type": "Feature",
      "properties": {
        "@id": "way/41695718",
        "highway": "path",
        "sac_scale": "mountain_hiking",
        "width": ".5"
      },
      "geometry": {
        "type": "LineString",
        "coordinates": [
          [
            76.3353811,
            32.2455239
          ],
          [
            76.3355358,
            32.2455244
          ],
          [
            76.3357705,
            32.2455277
          ],
          [
            76.335796,
            32.2455281
          ],
          [
            76.3362033,
            32.2455835
          ],
          [
            76.3364684,
            32.2454847
          ],
          [
            76.3364632,
            32.2454708
          ],
          [
            76.3363913,
            32.2452774
          ],
          [
            76.3366371,
            32.2452702
          ],
          [
            76.3364588,
            32.2449496
          ],
          [
            76.3366925,
            32.2450171
          ],
          [
            76.3369649,
            32.2452557
          ],
          [
            76.3371673,
            32.2451714
          ],
          [
            76.3372736,
            32.2450574
          ],
          [
            76.3373553,
            32.244758
          ],
          [
            76.3375988,
            32.2446785
          ],
          [
            76.3379073,
            32.2444616
          ],
          [
            76.3380687,
            32.2445001
          ],
          [
            76.3383122,
            32.2443363
          ],
          [
            76.3385423,
            32.2442856
          ],
          [
            76.3387424,
            32.2441459
          ],
          [
            76.3393039,
            32.244035
          ],
          [
            76.3395618,
            32.2438807
          ],
          [
            76.3398679,
            32.2438096
          ]
        ]
      },
      "id": "way/41695718"
    },
    {
      "type": "Feature",
      "properties": {
        "@id": "way/41695722",
        "bicycle": "no",
        "highway": "footway",
        "name": "Bhagsu Naag Waterfall Pathway",
        "surface": "concrete",
        "width": "1"
      },
      "geometry": {
        "type": "LineString",
        "coordinates": [
          [
            76.3347216,
            32.2442429
          ],
          [
            76.3349546,
            32.2443115
          ],
          [
            76.334945,
            32.2445043
          ],
          [
            76.3349822,
            32.2447122
          ],
          [
            76.3350212,
            32.2448777
          ],
          [
            76.3350391,
            32.2449412
          ],
          [
            76.3350669,
            32.2450592
          ],
          [
            76.3350225,
            32.245313
          ],
          [
            76.335264,
            32.2453829
          ],
          [
            76.3352923,
            32.2454687
          ],
          [
            76.3353811,
            32.2455239
          ],
          [
            76.3356371,
            32.2455939
          ],
          [
            76.3357563,
            32.2456546
          ],
          [
            76.3359245,
            32.2457856
          ],
          [
            76.3362689,
            32.245909
          ],
          [
            76.3364073,
            32.2459517
          ],
          [
            76.3365041,
            32.2460298
          ],
          [
            76.3363809,
            32.246024
          ],
          [
            76.3365319,
            32.2461409
          ],
          [
            76.3366099,
            32.2462759
          ],
          [
            76.3367204,
            32.2463553
          ],
          [
            76.336944,
            32.2466092
          ],
          [
            76.337127,
            32.2468966
          ],
          [
            76.3372226,
            32.2470469
          ],
          [
            76.3374135,
            32.247133
          ],
          [
            76.3375291,
            32.2471852
          ],
          [
            76.3376923,
            32.2473374
          ],
          [
            76.3379749,
            32.2474855
          ]
        ]
      },
      "id": "way/41695722"
    },
    {
      "type": "Feature",
      "properties": {
        "@id": "way/41695724",
        "highway": "steps"
      },
      "geometry": {
        "type": "LineString",
        "coordinates": [
          [
            76.3345253,
            32.2439344
          ],
          [
            76.3345312,
            32.2438794
          ],
          [
            76.3345487,
            32.2438318
          ],
          [
            76.3346072,
            32.2437166
          ],
          [
            76.3345262,
            32.2436299
          ]
        ]
      },
      "id": "way/41695724"
    },
    {
      "type": "Feature",
      "properties": {
        "@id": "way/41695725",
        "handrail": "no",
        "highway": "steps",
        "incline": "down",
        "ramp": "no",
        "surface": "sett"
      },
      "geometry": {
        "type": "LineString",
        "coordinates": [
          [
            76.3337939,
            32.243861
          ],
          [
            76.3338964,
            32.2438877
          ],
          [
            76.3339828,
            32.243863
          ],
          [
            76.3341525,
            32.2440003
          ],
          [
            76.3343777,
            32.2439123
          ],
          [
            76.334516,
            32.2440198
          ]
        ]
      },
      "id": "way/41695725"
    },
    {
      "type": "Feature",
      "properties": {
        "@id": "way/41695727",
        "highway": "tertiary",
        "lanes": "1",
        "name": "Bhagsu Road",
        "oneway": "no",
        "surface": "concrete"
      },
      "geometry": {
        "type": "LineString",
        "coordinates": [
          [
            76.323595,
            32.2386902
          ],
          [
            76.3237041,
            32.2387448
          ],
          [
            76.3237909,
            32.2387577
          ],
          [
            76.3238975,
            32.2387736
          ],
          [
            76.3241585,
            32.2387461
          ],
          [
            76.3244665,
            32.2387466
          ],
          [
            76.3247604,
            32.2388599
          ],
          [
            76.3249541,
            32.2389383
          ],
          [
            76.3250542,
            32.2390195
          ],
          [
            76.325492,
            32.2392026
          ],
          [
            76.3255751,
            32.2392465
          ],
          [
            76.3256523,
            32.2393861
          ],
          [
            76.3257455,
            32.23947
          ],
          [
            76.3259399,
            32.2395851
          ],
          [
            76.3260892,
            32.2398665
          ],
          [
            76.326099,
            32.2398851
          ],
          [
            76.326187,
            32.2400469
          ],
          [
            76.3263007,
            32.2401794
          ],
          [
            76.326432,
            32.2402622
          ],
          [
            76.3264942,
            32.2402864
          ],
          [
            76.3265258,
            32.2402811
          ],
          [
            76.3265589,
            32.2402088
          ],
          [
            76.3266241,
            32.2401431
          ]
        ]
      },
      "id": "way/41695727"
    },
    {
      "type": "Feature",
      "properties": {
        "@id": "way/43100894",
        "bicycle": "no",
        "foot": "designated",
        "highway": "path",
        "name": "Triund Hill Trail 1",
        "sac_scale": "mountain_hiking",
        "surface": "gravel",
        "trail_visibility": "excellent",
        "width": "1"
      },
      "geometry": {
        "type": "LineString",
        "coordinates": [
          [
            76.3260536,
            32.2547249
          ],
          [
            76.326094,
            32.2547712
          ],
          [
            76.3261056,
            32.2547879
          ],
          [
            76.3261627,
            32.2548295
          ],
          [
            76.3261932,
            32.2548401
          ],
          [
            76.3262514,
            32.2548602
          ],
          [
            76.3263079,
            32.2548943
          ],
          [
            76.3263679,
            32.2549463
          ],
          [
            76.3264563,
            32.2549989
          ],
          [
            76.3264876,
            32.2550266
          ],
          [
            76.3266023,
            32.2550952
          ],
          [
            76.3267683,
            32.2551186
          ],
          [
            76.327119,
            32.2551332
          ],
          [
            76.3273014,
            32.2551661
          ],
          [
            76.3276431,
            32.2551548
          ],
          [
            76.3277283,
            32.2550956
          ],
          [
            76.327926,
            32.2550888
          ],
          [
            76.3280955,
            32.2551264
          ],
          [
            76.3282246,
            32.2551025
          ],
          [
            76.3282973,
            32.2551025
          ],
          [
            76.3284909,
            32.2551025
          ],
          [
            76.3285595,
            32.2550445
          ],
          [
            76.3286483,
            32.2550035
          ],
          [
            76.328842,
            32.2550786
          ],
          [
            76.3289227,
            32.2550547
          ],
          [
            76.3291648,
            32.2551229
          ],
          [
            76.3292899,
            32.2550376
          ],
          [
            76.3294231,
            32.2549728
          ],
          [
            76.3294352,
            32.2550342
          ],
          [
            76.3295401,
            32.2550342
          ],
          [
            76.329649,
            32.2550718
          ],
          [
            76.3297822,
            32.2550854
          ],
          [
            76.3299315,
            32.2550308
          ],
          [
            76.3300606,
            32.2550445
          ],
          [
            76.3302773,
            32.2550798
          ],
          [
            76.3305655,
            32.2549506
          ],
          [
            76.3306659,
            32.254869
          ],
          [
            76.3310143,
            32.2547094
          ],
          [
            76.3311541,
            32.2547068
          ],
          [
            76.3313272,
            32.2546948
          ],
          [
            76.3314642,
            32.254709
          ],
          [
            76.3315538,
            32.2547342
          ],
          [
            76.3317628,
            32.2547478
          ],
          [
            76.3319386,
            32.2547481
          ],
          [
            76.3320217,
            32.2548431
          ],
          [
            76.3320943,
            32.2548943
          ],
          [
            76.332284,
            32.255082
          ],
          [
            76.3323526,
            32.2552082
          ],
          [
            76.3324857,
            32.2553243
          ],
          [
            76.3325624,
            32.2552765
          ],
          [
            76.3326915,
            32.2552397
          ],
          [
            76.3328852,
            32.2551844
          ],
          [
            76.3329699,
            32.2550581
          ],
          [
            76.3331838,
            32.2548397
          ],
          [
            76.3331717,
            32.254652
          ],
          [
            76.3331394,
            32.2545974
          ],
          [
            76.333091,
            32.2545565
          ],
          [
            76.3330466,
            32.2545326
          ],
          [
            76.332978,
            32.2544507
          ],
          [
            76.3329457,
            32.2543824
          ],
          [
            76.3329498,
            32.2542971
          ],
          [
            76.3329619,
            32.2541675
          ],
          [
            76.3329377,
            32.2540719
          ],
          [
            76.3329578,
            32.2539729
          ],
          [
            76.332978,
            32.2539047
          ],
          [
            76.3330305,
            32.2538296
          ],
          [
            76.3330668,
            32.2537682
          ],
          [
            76.3330668,
            32.2536897
          ],
          [
            76.3330264,
            32.2536146
          ],
          [
            76.3329861,
            32.2535771
          ],
          [
            76.333091,
            32.2533962
          ],
          [
            76.3331919,
            32.2533553
          ],
          [
            76.3332726,
            32.2533382
          ],
          [
            76.3335026,
            32.2534099
          ],
          [
            76.3336115,
            32.2533996
          ],
          [
            76.3336963,
            32.253328
          ],
          [
            76.3338254,
            32.2533212
          ],
          [
            76.3339061,
            32.2533007
          ],
          [
            76.3340029,
            32.2532393
          ],
          [
            76.3340554,
            32.2532256
          ],
          [
            76.3341401,
            32.2532324
          ],
          [
            76.334354,
            32.2532734
          ],
          [
            76.3344791,
            32.2532563
          ],
          [
            76.3345921,
            32.2532154
          ],
          [
            76.3347212,
            32.2532563
          ],
          [
            76.3347535,
            32.2533485
          ],
          [
            76.33481,
            32.2534338
          ],
          [
            76.334814,
            32.2535157
          ],
          [
            76.3348463,
            32.2536283
          ],
          [
            76.334931,
            32.2537068
          ],
          [
            76.3350521,
            32.2537614
          ],
          [
            76.3352337,
            32.253932
          ],
          [
            76.3353345,
            32.253891
          ],
          [
            76.3353749,
            32.2537375
          ],
          [
            76.3355403,
            32.2536658
          ],
          [
            76.335621,
            32.2536044
          ],
          [
            76.3357623,
            32.2534952
          ],
          [
            76.335843,
            32.2534167
          ],
          [
            76.3359116,
            32.2533348
          ],
          [
            76.3359398,
            32.2532734
          ],
          [
            76.3360205,
            32.2531847
          ],
          [
            76.3362102,
            32.2531471
          ],
          [
            76.336194,
            32.2530038
          ],
          [
            76.3361738,
            32.2529594
          ],
          [
            76.3361738,
            32.2529151
          ],
          [
            76.3361779,
            32.2528673
          ],
          [
            76.33619,
            32.2528161
          ],
          [
            76.3362102,
            32.2527547
          ],
          [
            76.3363312,
            32.2526591
          ],
          [
            76.3363514,
            32.2525977
          ],
          [
            76.3364038,
            32.2525295
          ],
          [
            76.3364846,
            32.2524339
          ],
          [
            76.336541,
            32.2523861
          ],
          [
            76.336646,
            32.2523554
          ],
          [
            76.3367347,
            32.2522701
          ],
          [
            76.336767,
            32.2522155
          ],
          [
            76.3368396,
            32.2521336
          ],
          [
            76.3368921,
            32.252079
          ],
          [
            76.3370293,
            32.2521575
          ],
          [
            76.3370616,
            32.2521882
          ],
          [
            76.3371746,
            32.2522223
          ],
          [
            76.3372754,
            32.2522257
          ],
          [
            76.3373804,
            32.2522155
          ],
          [
            76.3374732,
            32.2520903
          ]
        ]
      },
      "id": "way/43100894"
    },
    {
      "type": "Feature",
      "properties": {
        "@id": "way/43752490",
        "highway": "track",
        "surface": "unhewn_cobblestone",
        "tracktype": "grade1"
      },
      "geometry": {
        "type": "LineString",
        "coordinates": [
          [
            76.3173008,
            32.2428357
          ],
          [
            76.3173437,
            32.2428014
          ],
          [
            76.3174556,
            32.2427216
          ],
          [
            76.3180461,
            32.2425363
          ]
        ]
      },
      "id": "way/43752490"
    },
    {
      "type": "Feature",
      "properties": {
        "@id": "way/49041331",
        "highway": "path"
      },
      "geometry": {
        "type": "LineString",
        "coordinates": [
          [
            76.3242521,
            32.2462921
          ],
          [
            76.3240322,
            32.2464296
          ],
          [
            76.323688,
            32.2466156
          ],
          [
            76.3232816,
            32.2466681
          ],
          [
            76.3228302,
            32.2466845
          ],
          [
            76.3224594,
            32.2469916
          ],
          [
            76.3220626,
            32.2472059
          ],
          [
            76.3219144,
            32.2473757
          ],
          [
            76.3217184,
            32.2474687
          ],
          [
            76.3214746,
            32.2475334
          ],
          [
            76.3212164,
            32.2474404
          ],
          [
            76.3212087,
            32.247435
          ],
          [
            76.32092,
            32.2472342
          ],
          [
            76.3206428,
            32.2470563
          ],
          [
            76.3202747,
            32.2469794
          ],
          [
            76.3200547,
            32.2469067
          ],
          [
            76.3199257,
            32.2469188
          ],
          [
            76.3196962,
            32.2470563
          ],
          [
            76.3195002,
            32.2471048
          ],
          [
            76.3192851,
            32.2471129
          ],
          [
            76.3191082,
            32.2469956
          ],
          [
            76.3190556,
            32.2468541
          ],
          [
            76.3190174,
            32.246559
          ],
          [
            76.3190221,
            32.2463244
          ],
          [
            76.3189982,
            32.2461061
          ],
          [
            76.3189696,
            32.2458595
          ],
          [
            76.3189552,
            32.2457058
          ],
          [
            76.3190174,
            32.2454956
          ],
          [
            76.3190604,
            32.2454309
          ],
          [
            76.3190795,
            32.2453258
          ],
          [
            76.319003,
            32.2452004
          ],
          [
            76.3189409,
            32.2450104
          ],
          [
            76.3188357,
            32.244885
          ],
          [
            76.3184724,
            32.244877
          ],
          [
            76.318066,
            32.2449133
          ],
          [
            76.3178605,
            32.2449255
          ],
          [
            76.317759,
            32.2448933
          ],
          [
            76.3176692,
            32.2448648
          ],
          [
            76.3175115,
            32.2448527
          ],
          [
            76.317196,
            32.2448648
          ],
          [
            76.3168709,
            32.2448406
          ],
          [
            76.3164837,
            32.2447071
          ],
          [
            76.3161012,
            32.2446991
          ],
          [
            76.3158909,
            32.2447193
          ],
          [
            76.3156279,
            32.2446707
          ],
          [
            76.3151881,
            32.2448689
          ],
          [
            76.3149932,
            32.244874
          ],
          [
            76.3147292,
            32.244881
          ],
          [
            76.3141775,
            32.24493
          ],
          [
            76.3140612,
            32.244968
          ],
          [
            76.3139704,
            32.2448394
          ]
        ]
      },
      "id": "way/49041331"
    },
    {
      "type": "Feature",
      "properties": {
        "@id": "way/55333496",
        "bicycle": "no",
        "foot": "designated",
        "highway": "path",
        "name": "Triund Hill Trail 2",
        "surface": "rock"
      },
      "geometry": {
        "type": "LineString",
        "coordinates": [
          [
            76.3346285,
            32.2509524
          ],
          [
            76.3346909,
            32.2508013
          ],
          [
            76.3348331,
            32.2505847
          ],
          [
            76.3349819,
            32.2504089
          ],
          [
            76.3351332,
            32.2502817
          ],
          [
            76.335222,
            32.250258
          ],
          [
            76.3352909,
            32.250309
          ],
          [
            76.3353159,
            32.2504304
          ],
          [
            76.335285,
            32.2505676
          ],
          [
            76.3352863,
            32.2506312
          ],
          [
            76.3353175,
            32.2506656
          ],
          [
            76.3354272,
            32.2507026
          ],
          [
            76.3355532,
            32.2507446
          ],
          [
            76.3356873,
            32.2507979
          ],
          [
            76.335745,
            32.2508648
          ],
          [
            76.3357916,
            32.2508943
          ],
          [
            76.3358335,
            32.250915
          ],
          [
            76.3358733,
            32.2509285
          ],
          [
            76.336064,
            32.2508908
          ],
          [
            76.3361567,
            32.2508796
          ],
          [
            76.3363904,
            32.2508953
          ],
          [
            76.3364623,
            32.2508752
          ],
          [
            76.3365376,
            32.2508761
          ],
          [
            76.3365953,
            32.2509385
          ],
          [
            76.3368094,
            32.2513155
          ],
          [
            76.3369023,
            32.251471
          ],
          [
            76.3370021,
            32.2516167
          ],
          [
            76.3370264,
            32.251644
          ],
          [
            76.3370348,
            32.2516647
          ],
          [
            76.3370268,
            32.2516933
          ],
          [
            76.3370284,
            32.2517155
          ],
          [
            76.3370519,
            32.2517293
          ],
          [
            76.3370531,
            32.2517453
          ],
          [
            76.3370449,
            32.2517563
          ],
          [
            76.3370408,
            32.2517787
          ],
          [
            76.3370439,
            32.2518153
          ],
          [
            76.3370623,
            32.2518402
          ],
          [
            76.3370871,
            32.2518541
          ],
          [
            76.3371394,
            32.2518569
          ],
          [
            76.337167,
            32.2518667
          ],
          [
            76.3371754,
            32.2518783
          ],
          [
            76.3371666,
            32.2518847
          ],
          [
            76.3371518,
            32.2518898
          ],
          [
            76.3370978,
            32.2518915
          ],
          [
            76.3370908,
            32.2519006
          ],
          [
            76.3371109,
            32.2519514
          ],
          [
            76.3371139,
            32.2519586
          ],
          [
            76.337125,
            32.2519604
          ],
          [
            76.3371676,
            32.2519616
          ],
          [
            76.3371801,
            32.2519681
          ],
          [
            76.337181,
            32.2519791
          ],
          [
            76.3371719,
            32.2520058
          ],
          [
            76.3371783,
            32.252016
          ],
          [
            76.3371904,
            32.2520197
          ],
          [
            76.3372856,
            32.2520327
          ],
          [
            76.3373082,
            32.2520411
          ],
          [
            76.3373225,
            32.2520638
          ],
          [
            76.3373539,
            32.2520682
          ],
          [
            76.3373835,
            32.2520569
          ],
          [
            76.3374152,
            32.2520528
          ],
          [
            76.3374529,
            32.2520536
          ],
          [
            76.3374723,
            32.2520722
          ],
          [
            76.3374732,
            32.2520903
          ]
        ]
      },
      "id": "way/55333496"
    },
    {
      "type": "Feature",
      "properties": {
        "@id": "way/57753678",
        "bicycle": "yes",
        "foot": "yes",
        "highway": "unclassified",
        "horse": "yes",
        "layer": "0",
        "name": "Talnu Gatadu Path",
        "oneway": "no",
        "ski": "no",
        "snowmobile": "no",
        "surface": "paved",
        "width": "2"
      },
      "geometry": {
        "type": "LineString",
        "coordinates": [
          [
            76.3033778,
            32.2528527
          ],
          [
            76.3034231,
            32.2528277
          ],
          [
            76.3037016,
            32.252757
          ],
          [
            76.3037573,
            32.2527609
          ],
          [
            76.3038548,
            32.2526942
          ],
          [
            76.3040172,
            32.2526942
          ],
          [
            76.3041751,
            32.2527374
          ],
          [
            76.3043189,
            32.2527256
          ],
          [
            76.3044443,
            32.2526746
          ],
          [
            76.3047452,
            32.252714
          ],
          [
            76.3050344,
            32.2527694
          ],
          [
            76.3051936,
            32.252824
          ],
          [
            76.3052798,
            32.2526864
          ],
          [
            76.3054471,
            32.2526065
          ],
          [
            76.3057062,
            32.2525487
          ],
          [
            76.3059883,
            32.252479
          ],
          [
            76.3060677,
            32.2523528
          ],
          [
            76.3060781,
            32.2521996
          ],
          [
            76.3061802,
            32.252019
          ],
          [
            76.306222,
            32.2519209
          ],
          [
            76.3063102,
            32.2518306
          ],
          [
            76.3064494,
            32.2517796
          ],
          [
            76.3066165,
            32.2517325
          ],
          [
            76.3066943,
            32.2516943
          ],
          [
            76.30696,
            32.2515637
          ],
          [
            76.307206,
            32.2513949
          ],
          [
            76.3074381,
            32.2513203
          ],
          [
            76.3076052,
            32.2513792
          ],
          [
            76.3078558,
            32.2515166
          ],
          [
            76.3079719,
            32.2515009
          ],
          [
            76.3081761,
            32.2516147
          ],
          [
            76.3082457,
            32.2516893
          ],
          [
            76.3083339,
            32.2516579
          ],
          [
            76.308436,
            32.2516922
          ],
          [
            76.3084855,
            32.2517459
          ],
          [
            76.3085159,
            32.2517883
          ]
        ]
      },
      "id": "way/57753678"
    },
    {
      "type": "Feature",
      "properties": {
        "@id": "way/93052200",
        "highway": "living_street"
      },
      "geometry": {
        "type": "LineString",
        "coordinates": [
          [
            76.3262061,
            32.2390499
          ],
          [
            76.3261796,
            32.2394013
          ],
          [
            76.3262158,
            32.2394647
          ],
          [
            76.326233,
            32.2395001
          ],
          [
            76.3262714,
            32.2395791
          ],
          [
            76.326269,
            32.2397262
          ],
          [
            76.3262472,
            32.2398193
          ],
          [
            76.3262231,
            32.2399224
          ],
          [
            76.326187,
            32.2400469
          ]
        ]
      },
      "id": "way/93052200"
    },
    {
      "type": "Feature",
      "properties": {
        "@id": "way/93052201",
        "cycleway:both": "no",
        "highway": "tertiary",
        "lanes": "2",
        "maxheight": "none",
        "name": "TIPA Road",
        "oneway": "no",
        "sidewalk": "no",
        "surface": "concrete"
      },
      "geometry": {
        "type": "LineString",
        "coordinates": [
          [
            76.3237909,
            32.2387577
          ],
          [
            76.3238652,
            32.2387919
          ],
          [
            76.3241309,
            32.2388007
          ],
          [
            76.3243074,
            32.2388909
          ],
          [
            76.3244521,
            32.2389323
          ],
          [
            76.3246174,
            32.2390287
          ],
          [
            76.3248675,
            32.2391911
          ],
          [
            76.3248876,
            32.2392096
          ],
          [
            76.3251149,
            32.2394191
          ],
          [
            76.3252457,
            32.2395241
          ],
          [
            76.3253764,
            32.239629
          ],
          [
            76.3257438,
            32.2400834
          ],
          [
            76.3258187,
            32.2403629
          ],
          [
            76.325947,
            32.2407521
          ],
          [
            76.3261084,
            32.2409225
          ],
          [
            76.3261713,
            32.2409339
          ],
          [
            76.3262369,
            32.2409226
          ],
          [
            76.3263488,
            32.240839
          ],
          [
            76.3264816,
            32.2407189
          ],
          [
            76.3266762,
            32.2406885
          ],
          [
            76.3268058,
            32.240683
          ],
          [
            76.3269424,
            32.2406341
          ],
          [
            76.3270304,
            32.2405775
          ],
          [
            76.3272003,
            32.2404834
          ],
          [
            76.3272757,
            32.2404156
          ],
          [
            76.3273576,
            32.240311
          ],
          [
            76.3274707,
            32.2402545
          ],
          [
            76.3276022,
            32.2402604
          ],
          [
            76.3279355,
            32.2404108
          ],
          [
            76.3282823,
            32.2405024
          ],
          [
            76.3285331,
            32.2405386
          ],
          [
            76.3287114,
            32.2405329
          ],
          [
            76.3289207,
            32.2404919
          ],
          [
            76.3291209,
            32.2404371
          ],
          [
            76.3293286,
            32.2403588
          ],
          [
            76.3295258,
            32.2403672
          ],
          [
            76.3297811,
            32.2404986
          ],
          [
            76.3299855,
            32.2405646
          ],
          [
            76.3301596,
            32.2405514
          ],
          [
            76.3302841,
            32.2405286
          ],
          [
            76.3305318,
            32.2405533
          ],
          [
            76.3306467,
            32.2406239
          ],
          [
            76.3307936,
            32.2406723
          ],
          [
            76.3309275,
            32.240671
          ],
          [
            76.3311125,
            32.2406901
          ],
          [
            76.3312173,
            32.2408114
          ],
          [
            76.3312511,
            32.2409288
          ],
          [
            76.331145,
            32.2411447
          ],
          [
            76.3311496,
            32.2413913
          ],
          [
            76.331122,
            32.2415814
          ],
          [
            76.3310541,
            32.2418128
          ],
          [
            76.3309144,
            32.2418701
          ],
          [
            76.330881,
            32.2418818
          ]
        ]
      },
      "id": "way/93052201"
    },
    {
      "type": "Feature",
      "properties": {
        "@id": "way/102812543",
        "highway": "service",
        "surface": "concrete"
      },
      "geometry": {
        "type": "LineString",
        "coordinates": [
          [
            76.3236638,
            32.2402307
          ],
          [
            76.3235714,
            32.2401851
          ],
          [
            76.3235482,
            32.2400894
          ],
          [
            76.3235168,
            32.2400386
          ],
          [
            76.3234798,
            32.2399777
          ],
          [
            76.3234226,
            32.2399163
          ]
        ]
      },
      "id": "way/102812543"
    },
    {
      "type": "Feature",
      "properties": {
        "@id": "way/104239050",
        "highway": "unclassified",
        "lane_markings": "no",
        "name": "Main Square - Tushita Road",
        "oneway": "no",
        "smoothness": "excellent",
        "surface": "asphalt",
        "tracktype": "grade1"
      },
      "geometry": {
        "type": "LineString",
        "coordinates": [
          [
            76.3238641,
            32.2391036
          ],
          [
            76.3241282,
            32.2392777
          ],
          [
            76.3243453,
            32.2395617
          ],
          [
            76.3246198,
            32.2399639
          ],
          [
            76.3245492,
            32.240168
          ],
          [
            76.3246113,
            32.2402113
          ],
          [
            76.324858,
            32.239964
          ],
          [
            76.3249102,
            32.2399765
          ],
          [
            76.3251447,
            32.2400648
          ],
          [
            76.3253415,
            32.2401959
          ],
          [
            76.3253595,
            32.2403036
          ],
          [
            76.3252776,
            32.2404679
          ],
          [
            76.3252198,
            32.2408077
          ],
          [
            76.3251854,
            32.2409276
          ],
          [
            76.3253835,
            32.2410515
          ],
          [
            76.3254266,
            32.2411168
          ],
          [
            76.3253255,
            32.2412955
          ],
          [
            76.3253129,
            32.2414298
          ],
          [
            76.3253055,
            32.2415635
          ],
          [
            76.325295,
            32.2416793
          ],
          [
            76.3252395,
            32.2418832
          ],
          [
            76.3253389,
            32.2419349
          ],
          [
            76.3255504,
            32.2420151
          ],
          [
            76.3256728,
            32.2421482
          ],
          [
            76.3257339,
            32.2424588
          ]
        ]
      },
      "id": "way/104239050"
    },
    {
      "type": "Feature",
      "properties": {
        "@id": "way/104240130",
        "highway": "unclassified",
        "lane_markings": "no",
        "smoothness": "good",
        "surface": "concrete"
      },
      "geometry": {
        "type": "LineString",
        "coordinates": [
          [
            76.323595,
            32.2386902
          ],
          [
            76.3235527,
            32.2387022
          ],
          [
            76.3235402,
            32.2387997
          ],
          [
            76.3235501,
            32.2388662
          ],
          [
            76.3235929,
            32.2389629
          ],
          [
            76.3236829,
            32.2390779
          ],
          [
            76.3237538,
            32.2391632
          ],
          [
            76.32387,
            32.2392783
          ],
          [
            76.3239449,
            32.2393474
          ],
          [
            76.3240194,
            32.2394094
          ],
          [
            76.3240796,
            32.2394955
          ],
          [
            76.3240978,
            32.2395899
          ],
          [
            76.3241084,
            32.2397156
          ],
          [
            76.3241013,
            32.2398189
          ],
          [
            76.3240674,
            32.2399272
          ]
        ]
      },
      "id": "way/104240130"
    },
    {
      "type": "Feature",
      "properties": {
        "@id": "way/104246443",
        "bicycle": "no",
        "highway": "path",
        "surface": "dirt"
      },
      "geometry": {
        "type": "LineString",
        "coordinates": [
          [
            76.3254952,
            32.2464274
          ],
          [
            76.3253835,
            32.2462557
          ],
          [
            76.3252821,
            32.2462912
          ],
          [
            76.3252859,
            32.2466136
          ],
          [
            76.3249048,
            32.2469416
          ],
          [
            76.3243496,
            32.2475246
          ],
          [
            76.3238148,
            32.248102
          ],
          [
            76.3235071,
            32.2485486
          ],
          [
            76.3233845,
            32.2491276
          ],
          [
            76.3233583,
            32.2494265
          ],
          [
            76.3234178,
            32.2497189
          ],
          [
            76.3234477,
            32.2499433
          ],
          [
            76.3234619,
            32.2500407
          ],
          [
            76.323424,
            32.2501263
          ],
          [
            76.3234414,
            32.2501536
          ],
          [
            76.3233946,
            32.2502741
          ],
          [
            76.3234423,
            32.250382
          ],
          [
            76.3235113,
            32.2504508
          ],
          [
            76.3234299,
            32.2504986
          ],
          [
            76.3234459,
            32.2505464
          ],
          [
            76.3233955,
            32.2505595
          ],
          [
            76.3233622,
            32.2506282
          ],
          [
            76.3233292,
            32.250634
          ],
          [
            76.3233174,
            32.2506757
          ],
          [
            76.3233788,
            32.2507329
          ],
          [
            76.3233575,
            32.2507831
          ],
          [
            76.3233797,
            32.250939
          ],
          [
            76.3233247,
            32.250966
          ],
          [
            76.323377,
            32.2514581
          ],
          [
            76.3232611,
            32.2513983
          ],
          [
            76.3231563,
            32.2514267
          ],
          [
            76.3231378,
            32.2514965
          ],
          [
            76.323115,
            32.251648
          ],
          [
            76.3230264,
            32.251809
          ],
          [
            76.323036,
            32.2520016
          ]
        ]
      },
      "id": "way/104246443"
    },
    {
      "type": "Feature",
      "properties": {
        "@id": "way/113684471",
        "bicycle": "no",
        "highway": "path",
        "surface": "dirt"
      },
      "geometry": {
        "type": "LineString",
        "coordinates": [
          [
            76.3090199,
            32.2492969
          ],
          [
            76.3090737,
            32.2493261
          ],
          [
            76.3092005,
            32.249324
          ],
          [
            76.309486,
            32.2494073
          ],
          [
            76.3096753,
            32.2494412
          ],
          [
            76.3099399,
            32.2494214
          ],
          [
            76.3104488,
            32.2495652
          ],
          [
            76.311194,
            32.2492884
          ],
          [
            76.3118069,
            32.2488244
          ],
          [
            76.3123272,
            32.2483056
          ],
          [
            76.3125844,
            32.2482736
          ],
          [
            76.3129178,
            32.2483968
          ],
          [
            76.3130814,
            32.2483395
          ],
          [
            76.3132825,
            32.2481923
          ],
          [
            76.3136669,
            32.2478707
          ],
          [
            76.3137356,
            32.2476455
          ],
          [
            76.3139865,
            32.2472396
          ],
          [
            76.3139933,
            32.2470129
          ],
          [
            76.3140662,
            32.2468627
          ],
          [
            76.3141033,
            32.2468385
          ],
          [
            76.3142433,
            32.246747
          ]
        ]
      },
      "id": "way/113684471"
    },
    {
      "type": "Feature",
      "properties": {
        "@id": "way/114507779",
        "highway": "living_street"
      },
      "geometry": {
        "type": "LineString",
        "coordinates": [
          [
            76.3110905,
            32.2465549
          ],
          [
            76.3109971,
            32.2463595
          ],
          [
            76.31092,
            32.2461661
          ],
          [
            76.3109289,
            32.2459911
          ],
          [
            76.3109814,
            32.2458005
          ],
          [
            76.3110619,
            32.2456236
          ],
          [
            76.3110619,
            32.2454784
          ],
          [
            76.3110833,
            32.2453014
          ],
          [
            76.3111316,
            32.2450882
          ],
          [
            76.3112604,
            32.2449748
          ],
          [
            76.3116573,
            32.2446073
          ],
          [
            76.311947,
            32.2445256
          ],
          [
            76.3122444,
            32.2445158
          ],
          [
            76.3122783,
            32.2445147
          ],
          [
            76.3125438,
            32.2445726
          ],
          [
            76.3127074,
            32.2445147
          ],
          [
            76.3128304,
            32.2444862
          ],
          [
            76.312981,
            32.2444512
          ],
          [
            76.3131205,
            32.2444104
          ],
          [
            76.3132329,
            32.244343
          ],
          [
            76.313378,
            32.2442425
          ],
          [
            76.3135335,
            32.2441472
          ],
          [
            76.3136487,
            32.2440964
          ],
          [
            76.3137906,
            32.2440905
          ],
          [
            76.3138197,
            32.2441117
          ],
          [
            76.313893,
            32.2442062
          ],
          [
            76.3139573,
            32.244306
          ],
          [
            76.314188,
            32.2445918
          ],
          [
            76.314129,
            32.2446508
          ],
          [
            76.3140542,
            32.2447509
          ],
          [
            76.3139823,
            32.2448286
          ],
          [
            76.3139704,
            32.2448394
          ]
        ]
      },
      "id": "way/114507779"
    },
    {
      "type": "Feature",
      "properties": {
        "@id": "way/114823866",
        "highway": "path"
      },
      "geometry": {
        "type": "LineString",
        "coordinates": [
          [
            76.3122444,
            32.2445158
          ],
          [
            76.3122461,
            32.2446826
          ],
          [
            76.3121495,
            32.2447552
          ],
          [
            76.3120918,
            32.2448233
          ],
          [
            76.3121509,
            32.2449843
          ],
          [
            76.3122139,
            32.2450183
          ],
          [
            76.3123292,
            32.2450637
          ],
          [
            76.3124151,
            32.2450841
          ],
          [
            76.312281,
            32.2451522
          ],
          [
            76.3122595,
            32.2451658
          ],
          [
            76.3122541,
            32.2452225
          ],
          [
            76.3123239,
            32.2453087
          ],
          [
            76.3124553,
            32.2452475
          ],
          [
            76.3124809,
            32.2453355
          ],
          [
            76.3125894,
            32.2452974
          ],
          [
            76.3125465,
            32.2453722
          ],
          [
            76.312576,
            32.2453994
          ],
          [
            76.3125453,
            32.2454852
          ],
          [
            76.3126974,
            32.2455886
          ]
        ]
      },
      "id": "way/114823866"
    },
    {
      "type": "Feature",
      "properties": {
        "@id": "way/114824574",
        "highway": "path"
      },
      "geometry": {
        "type": "LineString",
        "coordinates": [
          [
            76.3126974,
            32.2455886
          ],
          [
            76.312869,
            32.2455528
          ],
          [
            76.3130829,
            32.2455219
          ],
          [
            76.3132117,
            32.2456354
          ],
          [
            76.3131312,
            32.2456626
          ],
          [
            76.3130615,
            32.2457261
          ],
          [
            76.3130507,
            32.2458078
          ],
          [
            76.3129435,
            32.2459439
          ],
          [
            76.3129451,
            32.2460274
          ],
          [
            76.3130025,
            32.2460982
          ],
          [
            76.3133082,
            32.2463794
          ],
          [
            76.3133404,
            32.2463613
          ],
          [
            76.3135014,
            32.2464339
          ],
          [
            76.3135519,
            32.2464339
          ],
          [
            76.3135917,
            32.2465398
          ],
          [
            76.3136033,
            32.246697
          ],
          [
            76.3136623,
            32.2467742
          ],
          [
            76.3137106,
            32.246756
          ],
          [
            76.313834,
            32.2466562
          ],
          [
            76.3139627,
            32.2465882
          ],
          [
            76.3140432,
            32.24657
          ],
          [
            76.3141612,
            32.2465156
          ],
          [
            76.3142792,
            32.246511
          ],
          [
            76.3143023,
            32.2465943
          ],
          [
            76.3141987,
            32.246697
          ],
          [
            76.3142433,
            32.246747
          ]
        ]
      },
      "id": "way/114824574"
    },
    {
      "type": "Feature",
      "properties": {
        "@id": "way/130508132",
        "bicycle": "no",
        "foot": "designated",
        "highway": "footway",
        "name": "Triund Hill Trail 2",
        "surface": "dirt"
      },
      "geometry": {
        "type": "LineString",
        "coordinates": [
          [
            76.3305646,
            32.2519614
          ],
          [
            76.3305724,
            32.2520342
          ],
          [
            76.3305763,
            32.2521293
          ],
          [
            76.3305978,
            32.252236
          ],
          [
            76.3306528,
            32.2524333
          ],
          [
            76.3307091,
            32.2525467
          ],
          [
            76.3307601,
            32.2526193
          ],
          [
            76.3308448,
            32.2527082
          ],
          [
            76.3308965,
            32.252714
          ],
          [
            76.3309506,
            32.2526886
          ],
          [
            76.3310029,
            32.2526432
          ],
          [
            76.3310431,
            32.2525932
          ],
          [
            76.3310927,
            32.2524288
          ],
          [
            76.3311209,
            32.2522893
          ],
          [
            76.3311584,
            32.2522315
          ],
          [
            76.3313408,
            32.2520682
          ],
          [
            76.3314058,
            32.251945
          ],
          [
            76.3314374,
            32.251818
          ],
          [
            76.3314434,
            32.2517455
          ],
          [
            76.3314984,
            32.251682
          ],
          [
            76.3315433,
            32.2516451
          ],
          [
            76.3316238,
            32.2516212
          ],
          [
            76.3317237,
            32.2515639
          ],
          [
            76.3318223,
            32.2514812
          ],
          [
            76.3318759,
            32.2514624
          ],
          [
            76.3319322,
            32.2514166
          ],
          [
            76.3320114,
            32.2513887
          ],
          [
            76.3320764,
            32.2513814
          ],
          [
            76.3321596,
            32.2513848
          ],
          [
            76.3321965,
            32.2513836
          ],
          [
            76.3322655,
            32.2513293
          ],
          [
            76.3323124,
            32.2512737
          ],
          [
            76.3323399,
            32.2512391
          ],
          [
            76.3323748,
            32.2512306
          ],
          [
            76.3324492,
            32.2512424
          ],
          [
            76.3325297,
            32.2512669
          ],
          [
            76.3325686,
            32.2512929
          ],
          [
            76.3326283,
            32.2513667
          ],
          [
            76.3326678,
            32.251403
          ],
          [
            76.3326993,
            32.251408
          ],
          [
            76.3327582,
            32.2514352
          ],
          [
            76.3329635,
            32.2514874
          ],
          [
            76.3331949,
            32.2515872
          ],
          [
            76.3332834,
            32.2516423
          ],
          [
            76.3333323,
            32.2516569
          ],
          [
            76.3334698,
            32.2516587
          ],
          [
            76.333502,
            32.2516729
          ],
          [
            76.333561,
            32.2517029
          ],
          [
            76.3335891,
            32.2517159
          ],
          [
            76.3336267,
            32.2517155
          ],
          [
            76.3336864,
            32.2517024
          ],
          [
            76.3337468,
            32.2517155
          ],
          [
            76.3337877,
            32.2517444
          ],
          [
            76.3338272,
            32.251771
          ],
          [
            76.3338648,
            32.2517749
          ],
          [
            76.3339037,
            32.2517784
          ],
          [
            76.3339426,
            32.2517841
          ],
          [
            76.3339598,
            32.251784
          ],
          [
            76.3339956,
            32.2517839
          ],
          [
            76.3340203,
            32.2517568
          ],
          [
            76.3340317,
            32.2517206
          ],
          [
            76.3340237,
            32.2516842
          ],
          [
            76.3340109,
            32.2516286
          ],
          [
            76.3340257,
            32.2515674
          ],
          [
            76.3340425,
            32.2515515
          ],
          [
            76.3340552,
            32.2515561
          ],
          [
            76.3340921,
            32.2516043
          ],
          [
            76.3341256,
            32.251564
          ],
          [
            76.3341424,
            32.2514937
          ],
          [
            76.3341263,
            32.2514363
          ],
          [
            76.334137,
            32.2513956
          ],
          [
            76.3341934,
            32.2513144
          ],
          [
            76.3342437,
            32.2513377
          ],
          [
            76.3343368,
            32.251197
          ],
          [
            76.3343643,
            32.2511852
          ],
          [
            76.3343878,
            32.2511988
          ],
          [
            76.3344153,
            32.2512225
          ],
          [
            76.3344079,
            32.2512533
          ],
          [
            76.3344267,
            32.2512742
          ],
          [
            76.3344488,
            32.2512754
          ],
          [
            76.3344669,
            32.2512652
          ],
          [
            76.334546,
            32.2511244
          ],
          [
            76.3346285,
            32.2509524
          ]
        ]
      },
      "id": "way/130508132"
    },
    {
      "type": "Feature",
      "properties": {
        "@id": "way/130739377",
        "highway": "footway",
        "surface": "ground"
      },
      "geometry": {
        "type": "LineString",
        "coordinates": [
          [
            76.3309889,
            32.2474171
          ],
          [
            76.3309477,
            32.2474712
          ],
          [
            76.3307256,
            32.2476083
          ],
          [
            76.3305515,
            32.2478266
          ],
          [
            76.3303804,
            32.247934
          ],
          [
            76.3301192,
            32.2480783
          ],
          [
            76.3299658,
            32.2480837
          ],
          [
            76.3297172,
            32.2481919
          ],
          [
            76.3295154,
            32.24823
          ]
        ]
      },
      "id": "way/130739377"
    },
    {
      "type": "Feature",
      "properties": {
        "@id": "way/130739378",
        "handrail": "no",
        "highway": "steps",
        "incline": "up",
        "ramp": "no",
        "surface": "concrete"
      },
      "geometry": {
        "type": "LineString",
        "coordinates": [
          [
            76.3278961,
            32.2495828
          ],
          [
            76.3278659,
            32.2496252
          ],
          [
            76.3278558,
            32.249657
          ],
          [
            76.3278129,
            32.2497454
          ],
          [
            76.3277619,
            32.2497953
          ],
          [
            76.3277539,
            32.249843
          ],
          [
            76.3277157,
            32.2498362
          ],
          [
            76.3277137,
            32.2499201
          ],
          [
            76.3276493,
            32.2499405
          ],
          [
            76.3276198,
            32.2500358
          ],
          [
            76.3275822,
            32.2500267
          ],
          [
            76.3275474,
            32.2500653
          ],
          [
            76.3274535,
            32.2500834
          ],
          [
            76.3273355,
            32.2500744
          ],
          [
            76.3272885,
            32.2501152
          ],
          [
            76.3273194,
            32.2502672
          ],
          [
            76.3272792,
            32.250308
          ],
          [
            76.3272631,
            32.2503851
          ],
          [
            76.3272061,
            32.2504078
          ],
          [
            76.3271665,
            32.2504872
          ],
          [
            76.3270887,
            32.2504849
          ],
          [
            76.3269761,
            32.2505439
          ],
          [
            76.3269063,
            32.250612
          ],
          [
            76.3268124,
            32.2506709
          ],
          [
            76.3267454,
            32.2506936
          ],
          [
            76.3266938,
            32.2507345
          ],
          [
            76.3266562,
            32.2507435
          ],
          [
            76.3266052,
            32.2506914
          ],
          [
            76.3265603,
            32.2506959
          ],
          [
            76.3265228,
            32.2506914
          ],
          [
            76.3265006,
            32.2506732
          ],
          [
            76.3264477,
            32.25068
          ],
          [
            76.3264121,
            32.2507072
          ],
          [
            76.3263323,
            32.2507163
          ],
          [
            76.3264074,
            32.2507367
          ],
          [
            76.3263994,
            32.2507707
          ],
          [
            76.3263618,
            32.2508093
          ],
          [
            76.3263082,
            32.2508615
          ],
          [
            76.3262725,
            32.2509207
          ],
          [
            76.3261628,
            32.2509667
          ],
          [
            76.3261497,
            32.2510981
          ],
          [
            76.3260185,
            32.2511949
          ]
        ]
      },
      "id": "way/130739378"
    },
    {
      "type": "Feature",
      "properties": {
        "@id": "way/130739382",
        "bicycle": "no",
        "highway": "path",
        "surface": "ground"
      },
      "geometry": {
        "type": "LineString",
        "coordinates": [
          [
            76.3260185,
            32.2511949
          ],
          [
            76.3259783,
            32.2512131
          ],
          [
            76.3259407,
            32.2512766
          ],
          [
            76.3259407,
            32.2513152
          ],
          [
            76.3260078,
            32.2513628
          ],
          [
            76.3259863,
            32.2513855
          ],
          [
            76.3259327,
            32.2513968
          ],
          [
            76.325922,
            32.2514535
          ],
          [
            76.3259085,
            32.2515012
          ],
          [
            76.325822,
            32.2515352
          ],
          [
            76.3257422,
            32.2515874
          ],
          [
            76.3256671,
            32.2516373
          ],
          [
            76.325533,
            32.2516123
          ],
          [
            76.3254928,
            32.2516781
          ],
          [
            76.3254445,
            32.2517099
          ],
          [
            76.3253855,
            32.2517961
          ],
          [
            76.3253641,
            32.2519072
          ],
          [
            76.3253587,
            32.2519707
          ],
          [
            76.3253185,
            32.2521227
          ],
          [
            76.325238,
            32.2522316
          ],
          [
            76.3251709,
            32.2523291
          ],
          [
            76.32512,
            32.2524062
          ],
          [
            76.3249483,
            32.252463
          ],
          [
            76.3248625,
            32.2524493
          ],
          [
            76.3248759,
            32.2525287
          ],
          [
            76.324813,
            32.2526003
          ]
        ]
      },
      "id": "way/130739382"
    },
    {
      "type": "Feature",
      "properties": {
        "@id": "way/192888192",
        "highway": "primary",
        "lane_markings": "no",
        "maxspeed": "30",
        "name": "Dharamshala Cantt McLeoadganj Road",
        "ref": "NH503",
        "ref:old": "MDR44",
        "width": "4"
      },
      "geometry": {
        "type": "LineString",
        "coordinates": [
          [
            76.3145984,
            32.2405964
          ],
          [
            76.3149513,
            32.2404836
          ],
          [
            76.3152012,
            32.2404413
          ],
          [
            76.3155045,
            32.2404273
          ],
          [
            76.3157101,
            32.2404297
          ],
          [
            76.3161124,
            32.2405703
          ],
          [
            76.3162414,
            32.2406961
          ],
          [
            76.3162813,
            32.2409641
          ],
          [
            76.3162844,
            32.2413023
          ],
          [
            76.3162717,
            32.2417292
          ],
          [
            76.3163124,
            32.2421137
          ],
          [
            76.3164152,
            32.2423304
          ],
          [
            76.3165598,
            32.242474
          ],
          [
            76.3167987,
            32.2426897
          ],
          [
            76.3169664,
            32.2427808
          ],
          [
            76.3171248,
            32.2428061
          ],
          [
            76.317218,
            32.2428301
          ],
          [
            76.3173008,
            32.2428357
          ],
          [
            76.3173363,
            32.2428568
          ],
          [
            76.3176078,
            32.2428455
          ],
          [
            76.317821,
            32.2428512
          ],
          [
            76.3180459,
            32.2429625
          ],
          [
            76.3181042,
            32.2430612
          ],
          [
            76.3183258,
            32.2432655
          ],
          [
            76.3184295,
            32.2433183
          ],
          [
            76.3184934,
            32.2433508
          ],
          [
            76.3185844,
            32.2434071
          ],
          [
            76.3187569,
            32.2434513
          ],
          [
            76.3191791,
            32.243422
          ],
          [
            76.319619,
            32.2433947
          ],
          [
            76.3197799,
            32.2433878
          ],
          [
            76.3199986,
            32.2434231
          ],
          [
            76.3201374,
            32.2434913
          ],
          [
            76.3202813,
            32.2435781
          ],
          [
            76.3204424,
            32.2436165
          ],
          [
            76.3206722,
            32.2435963
          ],
          [
            76.3208265,
            32.2436609
          ],
          [
            76.3209294,
            32.2437841
          ],
          [
            76.3209848,
            32.2438882
          ],
          [
            76.3210065,
            32.2440025
          ],
          [
            76.3209975,
            32.2441133
          ],
          [
            76.3210722,
            32.244207
          ],
          [
            76.3211762,
            32.2442664
          ]
        ]
      },
      "id": "way/192888192"
    },
    {
      "type": "Feature",
      "properties": {
        "@id": "way/199210708",
        "highway": "unclassified",
        "name": "Gallu Devi Temple Road",
        "oneway": "no",
        "surface": "gravel"
      },
      "geometry": {
        "type": "LineString",
        "coordinates": [
          [
            76.3178213,
            32.2470727
          ],
          [
            76.3178408,
            32.2473822
          ],
          [
            76.3181915,
            32.2479623
          ],
          [
            76.3185398,
            32.2482307
          ],
          [
            76.3189101,
            32.2482158
          ],
          [
            76.3192275,
            32.2481226
          ],
          [
            76.3193856,
            32.2480229
          ],
          [
            76.3198375,
            32.2479442
          ],
          [
            76.3201955,
            32.2477848
          ],
          [
            76.3203254,
            32.2478234
          ],
          [
            76.320564,
            32.2482158
          ],
          [
            76.3208766,
            32.2483166
          ],
          [
            76.3212363,
            32.2484059
          ],
          [
            76.3217355,
            32.2483177
          ],
          [
            76.3221415,
            32.2484898
          ],
          [
            76.3223327,
            32.2484216
          ],
          [
            76.3226469,
            32.2482212
          ],
          [
            76.3229627,
            32.2478587
          ],
          [
            76.3232524,
            32.247349
          ],
          [
            76.3237726,
            32.2471886
          ],
          [
            76.3241939,
            32.246954
          ],
          [
            76.3246465,
            32.2466368
          ],
          [
            76.3249529,
            32.246475
          ],
          [
            76.3251617,
            32.2461822
          ],
          [
            76.3251919,
            32.2460939
          ],
          [
            76.3254086,
            32.2456445
          ],
          [
            76.3254674,
            32.2454538
          ],
          [
            76.3254951,
            32.245274
          ]
        ]
      },
      "id": "way/199210708"
    },
    {
      "type": "Feature",
      "properties": {
        "@id": "way/227325466",
        "highway": "unclassified",
        "layer": "-1",
        "oneway": "no"
      },
      "geometry": {
        "type": "LineString",
        "coordinates": [
          [
            76.3293806,
            32.2375093
          ],
          [
            76.3292161,
            32.2375371
          ],
          [
            76.3288559,
            32.2375007
          ],
          [
            76.3286583,
            32.237544
          ],
          [
            76.3284884,
            32.2376395
          ],
          [
            76.3284346,
            32.2377352
          ],
          [
            76.3283212,
            32.2380178
          ],
          [
            76.3281657,
            32.2382259
          ],
          [
            76.3280642,
            32.2386071
          ],
          [
            76.3280188,
            32.2386596
          ],
          [
            76.3279899,
            32.2387354
          ],
          [
            76.328097,
            32.2387781
          ],
          [
            76.3281364,
            32.2388285
          ],
          [
            76.3281169,
            32.2389004
          ],
          [
            76.3280872,
            32.2389339
          ],
          [
            76.3279479,
            32.2390565
          ],
          [
            76.3277873,
            32.2391349
          ],
          [
            76.327567,
            32.2391962
          ],
          [
            76.3275055,
            32.2392037
          ],
          [
            76.3273158,
            32.2392616
          ],
          [
            76.3272059,
            32.2393212
          ],
          [
            76.3270838,
            32.2393821
          ],
          [
            76.3267324,
            32.2394899
          ],
          [
            76.3266758,
            32.239568
          ],
          [
            76.3266259,
            32.2396281
          ]
        ]
      },
      "id": "way/227325466"
    },
    {
      "type": "Feature",
      "properties": {
        "@id": "way/227325468",
        "highway": "living_street"
      },
      "geometry": {
        "type": "LineString",
        "coordinates": [
          [
            76.3322624,
            32.2412368
          ],
          [
            76.3324474,
            32.2409077
          ],
          [
            76.3324852,
            32.2407575
          ],
          [
            76.3324939,
            32.2406147
          ],
          [
            76.3325172,
            32.240595
          ],
          [
            76.3326337,
            32.2406492
          ],
          [
            76.3326773,
            32.2406467
          ],
          [
            76.3326802,
            32.2405975
          ],
          [
            76.3326541,
            32.2405212
          ],
          [
            76.3325493,
            32.2403759
          ],
          [
            76.3325522,
            32.240334
          ],
          [
            76.33259,
            32.2403168
          ],
          [
            76.3328898,
            32.2404448
          ],
          [
            76.3329946,
            32.2404571
          ],
          [
            76.3331373,
            32.240563
          ],
          [
            76.333213,
            32.2405729
          ],
          [
            76.3333661,
            32.2405134
          ],
          [
            76.3333849,
            32.240592
          ],
          [
            76.3333751,
            32.2406923
          ],
          [
            76.3334135,
            32.2407289
          ],
          [
            76.3334595,
            32.2407085
          ],
          [
            76.333489,
            32.2406037
          ],
          [
            76.3335506,
            32.2405833
          ],
          [
            76.3335768,
            32.2406935
          ],
          [
            76.3336205,
            32.240691
          ],
          [
            76.3336807,
            32.2406565
          ],
          [
            76.3336758,
            32.2406147
          ],
          [
            76.3336423,
            32.2405254
          ],
          [
            76.3335084,
            32.2404267
          ],
          [
            76.3335047,
            32.2403625
          ],
          [
            76.333565,
            32.2403618
          ],
          [
            76.3337261,
            32.2404504
          ],
          [
            76.3339221,
            32.2404436
          ],
          [
            76.3342122,
            32.2402891
          ]
        ]
      },
      "id": "way/227325468"
    },
    {
      "type": "Feature",
      "properties": {
        "@id": "way/229101503",
        "highway": "path",
        "surface": "dirt"
      },
      "geometry": {
        "type": "LineString",
        "coordinates": [
          [
            76.3309425,
            32.2467005
          ],
          [
            76.3308897,
            32.24658
          ],
          [
            76.3307672,
            32.2464285
          ],
          [
            76.3307075,
            32.2463967
          ],
          [
            76.3305796,
            32.2463644
          ],
          [
            76.3305176,
            32.2463099
          ],
          [
            76.3303877,
            32.2463141
          ],
          [
            76.3303239,
            32.2463161
          ],
          [
            76.3302741,
            32.2463787
          ],
          [
            76.3300815,
            32.2463663
          ],
          [
            76.3299581,
            32.246425
          ],
          [
            76.3298735,
            32.2464503
          ],
          [
            76.3299641,
            32.2465364
          ],
          [
            76.3300388,
            32.2465586
          ],
          [
            76.3300664,
            32.2466012
          ],
          [
            76.330108,
            32.246691
          ],
          [
            76.3301373,
            32.2467412
          ],
          [
            76.3302105,
            32.2467692
          ],
          [
            76.3302461,
            32.2468155
          ],
          [
            76.3303691,
            32.2467957
          ]
        ]
      },
      "id": "way/229101503"
    },
    {
      "type": "Feature",
      "properties": {
        "@id": "way/229101506",
        "highway": "path",
        "surface": "concrete"
      },
      "geometry": {
        "type": "LineString",
        "coordinates": [
          [
            76.3299009,
            32.2446038
          ],
          [
            76.3299181,
            32.2446129
          ]
        ]
      },
      "id": "way/229101506"
    },
    {
      "type": "Feature",
      "properties": {
        "@id": "way/229101507",
        "highway": "footway",
        "surface": "dirt"
      },
      "geometry": {
        "type": "LineString",
        "coordinates": [
          [
            76.3306543,
            32.2510202
          ],
          [
            76.3307426,
            32.2509802
          ],
          [
            76.3308,
            32.2508305
          ],
          [
            76.3309973,
            32.2507511
          ],
          [
            76.3310444,
            32.2507763
          ],
          [
            76.3311423,
            32.2507627
          ],
          [
            76.3311913,
            32.2507389
          ],
          [
            76.3312368,
            32.250738
          ],
          [
            76.3314425,
            32.2507186
          ],
          [
            76.3317008,
            32.2505919
          ],
          [
            76.331897,
            32.2504651
          ],
          [
            76.3320484,
            32.2503087
          ],
          [
            76.3320866,
            32.2502716
          ],
          [
            76.3322676,
            32.2502252
          ],
          [
            76.3323379,
            32.2502852
          ],
          [
            76.3323738,
            32.250262
          ],
          [
            76.3323876,
            32.2502217
          ]
        ]
      },
      "id": "way/229101507"
    },
    {
      "type": "Feature",
      "properties": {
        "@id": "way/229101508",
        "highway": "path",
        "surface": "grass"
      },
      "geometry": {
        "type": "LineString",
        "coordinates": [
          [
            76.3282144,
            32.2484658
          ],
          [
            76.3280369,
            32.2484247
          ],
          [
            76.3279748,
            32.2483406
          ],
          [
            76.3279767,
            32.2481534
          ],
          [
            76.3280254,
            32.2480625
          ],
          [
            76.3279783,
            32.2480239
          ],
          [
            76.3280745,
            32.2477218
          ],
          [
            76.3279696,
            32.2474596
          ],
          [
            76.3279419,
            32.2472747
          ],
          [
            76.3280084,
            32.2470502
          ],
          [
            76.3280957,
            32.2468853
          ],
          [
            76.3281987,
            32.2468317
          ],
          [
            76.3280791,
            32.2466977
          ],
          [
            76.3280912,
            32.246618
          ],
          [
            76.3280566,
            32.2465095
          ],
          [
            76.3280552,
            32.2463365
          ],
          [
            76.3280236,
            32.2461934
          ],
          [
            76.3282854,
            32.2460973
          ],
          [
            76.3283531,
            32.2459333
          ],
          [
            76.3284636,
            32.2456968
          ],
          [
            76.3289465,
            32.2454907
          ],
          [
            76.3291987,
            32.2452239
          ],
          [
            76.3293453,
            32.2449798
          ],
          [
            76.3295392,
            32.2449168
          ],
          [
            76.3296903,
            32.2449302
          ],
          [
            76.3297545,
            32.244904
          ]
        ]
      },
      "id": "way/229101508"
    },
    {
      "type": "Feature",
      "properties": {
        "@id": "way/229101511",
        "highway": "steps"
      },
      "geometry": {
        "type": "LineString",
        "coordinates": [
          [
            76.3259053,
            32.2465683
          ],
          [
            76.3260414,
            32.246643
          ],
          [
            76.3261441,
            32.2466242
          ],
          [
            76.3262554,
            32.246703
          ],
          [
            76.3264048,
            32.2466508
          ],
          [
            76.326608,
            32.246697
          ],
          [
            76.3268332,
            32.2467873
          ]
        ]
      },
      "id": "way/229101511"
    },
    {
      "type": "Feature",
      "properties": {
        "@id": "way/229706364",
        "highway": "residential"
      },
      "geometry": {
        "type": "LineString",
        "coordinates": [
          [
            76.3098099,
            32.2413829
          ],
          [
            76.3096556,
            32.2413719
          ],
          [
            76.309561,
            32.2413214
          ],
          [
            76.3095561,
            32.2412288
          ],
          [
            76.3095461,
            32.2410016
          ],
          [
            76.3094317,
            32.2408922
          ],
          [
            76.3091133,
            32.240686
          ],
          [
            76.308979,
            32.2405724
          ],
          [
            76.3087849,
            32.2404924
          ],
          [
            76.3086307,
            32.2403872
          ],
          [
            76.3085638,
            32.2402517
          ],
          [
            76.3085215,
            32.2399327
          ],
          [
            76.3085707,
            32.2395429
          ],
          [
            76.3085356,
            32.239406
          ]
        ]
      },
      "id": "way/229706364"
    },
    {
      "type": "Feature",
      "properties": {
        "@id": "way/229706368",
        "highway": "unclassified",
        "lane_markings": "no",
        "oneway": "no",
        "surface": "concrete"
      },
      "geometry": {
        "type": "LineString",
        "coordinates": [
          [
            76.3114401,
            32.2407122
          ],
          [
            76.3115981,
            32.2406626
          ],
          [
            76.3118703,
            32.2407481
          ],
          [
            76.3120851,
            32.2408604
          ],
          [
            76.3123266,
            32.2409775
          ],
          [
            76.3126784,
            32.2411173
          ],
          [
            76.3128754,
            32.2413018
          ],
          [
            76.3130548,
            32.2413732
          ],
          [
            76.313474,
            32.2413227
          ],
          [
            76.3136635,
            32.241357
          ],
          [
            76.3138326,
            32.2416156
          ],
          [
            76.3140103,
            32.2416824
          ],
          [
            76.3146625,
            32.2415815
          ],
          [
            76.314934,
            32.2414026
          ],
          [
            76.315047,
            32.2415534
          ],
          [
            76.3147702,
            32.2418236
          ],
          [
            76.3147777,
            32.242052
          ],
          [
            76.3148348,
            32.2422559
          ],
          [
            76.3149616,
            32.2424676
          ],
          [
            76.3150916,
            32.2428603
          ],
          [
            76.3152576,
            32.2430219
          ],
          [
            76.3155967,
            32.2431624
          ],
          [
            76.3158727,
            32.2434054
          ]
        ]
      },
      "id": "way/229706368"
    },
    {
      "type": "Feature",
      "properties": {
        "@id": "way/229706371",
        "access": "no",
        "highway": "unclassified",
        "oneway": "no"
      },
      "geometry": {
        "type": "LineString",
        "coordinates": [
          [
            76.3101829,
            32.2422219
          ],
          [
            76.3106954,
            32.2421714
          ],
          [
            76.3107551,
            32.2421293
          ],
          [
            76.3105663,
            32.2417965
          ],
          [
            76.3101969,
            32.2415079
          ],
          [
            76.3098099,
            32.2413829
          ],
          [
            76.3096903,
            32.2413025
          ],
          [
            76.3097185,
            32.2410615
          ],
          [
            76.3097677,
            32.2408205
          ],
          [
            76.3094722,
            32.2403236
          ],
          [
            76.3094828,
            32.2401153
          ],
          [
            76.3097818,
            32.239788
          ],
          [
            76.3098979,
            32.2395291
          ],
          [
            76.3099788,
            32.2389727
          ],
          [
            76.3098064,
            32.2387257
          ],
          [
            76.3094828,
            32.238568
          ],
          [
            76.3093139,
            32.2384728
          ],
          [
            76.3091802,
            32.2382288
          ],
          [
            76.3092225,
            32.2372201
          ],
          [
            76.3092189,
            32.2370832
          ],
          [
            76.309452,
            32.2366218
          ],
          [
            76.3096491,
            32.236725
          ],
          [
            76.3100602,
            32.2369561
          ],
          [
            76.3104471,
            32.2373638
          ],
          [
            76.3104401,
            32.2374917
          ],
          [
            76.3101868,
            32.2377595
          ],
          [
            76.3100778,
            32.2381523
          ],
          [
            76.3101024,
            32.2385748
          ],
          [
            76.3101516,
            32.238792
          ],
          [
            76.3107979,
            32.239507
          ],
          [
            76.3111517,
            32.2399662
          ]
        ]
      },
      "id": "way/229706371"
    },
    {
      "type": "Feature",
      "properties": {
        "@id": "way/229706372",
        "access": "private",
        "highway": "path",
        "surface": "dirt"
      },
      "geometry": {
        "type": "LineString",
        "coordinates": [
          [
            76.3173363,
            32.2428568
          ],
          [
            76.3170524,
            32.2428728
          ],
          [
            76.3164921,
            32.2428639
          ],
          [
            76.3158131,
            32.2426527
          ],
          [
            76.3153875,
            32.242492
          ],
          [
            76.3149864,
            32.2424474
          ],
          [
            76.3149616,
            32.2424676
          ]
        ]
      },
      "id": "way/229706372"
    },
    {
      "type": "Feature",
      "properties": {
        "@id": "way/229706373",
        "access": "no",
        "highway": "residential"
      },
      "geometry": {
        "type": "LineString",
        "coordinates": [
          [
            76.3107979,
            32.239507
          ],
          [
            76.3108904,
            32.2393931
          ],
          [
            76.31082,
            32.2389616
          ],
          [
            76.3108552,
            32.2388754
          ],
          [
            76.3110628,
            32.2387593
          ],
          [
            76.3111155,
            32.2386433
          ],
          [
            76.3109819,
            32.2385272
          ],
          [
            76.310806,
            32.238426
          ],
          [
            76.3104964,
            32.2380422
          ]
        ]
      },
      "id": "way/229706373"
    },
    {
      "type": "Feature",
      "properties": {
        "@id": "way/230118250",
        "highway": "unclassified",
        "lane_markings": "no",
        "surface": "concrete"
      },
      "geometry": {
        "type": "LineString",
        "coordinates": [
          [
            76.3258974,
            32.2454029
          ],
          [
            76.3258899,
            32.2455097
          ],
          [
            76.3258481,
            32.2457367
          ],
          [
            76.325797,
            32.2460473
          ],
          [
            76.3257961,
            32.2461179
          ],
          [
            76.3259053,
            32.2465683
          ],
          [
            76.3259502,
            32.2466964
          ]
        ]
      },
      "id": "way/230118250"
    },
    {
      "type": "Feature",
      "properties": {
        "@id": "way/230118251",
        "cycleway:both": "no",
        "highway": "residential",
        "lane_markings": "no",
        "surface": "concrete"
      },
      "geometry": {
        "type": "LineString",
        "coordinates": [
          [
            76.33218,
            32.2458256
          ],
          [
            76.3321987,
            32.245736
          ],
          [
            76.3322324,
            32.2455755
          ],
          [
            76.3322368,
            32.2455478
          ],
          [
            76.3324846,
            32.2452132
          ],
          [
            76.3325339,
            32.2451492
          ],
          [
            76.3328822,
            32.2446972
          ],
          [
            76.33293,
            32.2445987
          ],
          [
            76.3330225,
            32.2444251
          ],
          [
            76.3330693,
            32.2443399
          ],
          [
            76.3331039,
            32.2442825
          ],
          [
            76.3332115,
            32.2440701
          ],
          [
            76.3331974,
            32.2439395
          ],
          [
            76.3331316,
            32.243765
          ],
          [
            76.3330506,
            32.2436597
          ],
          [
            76.3330124,
            32.2435844
          ]
        ]
      },
      "id": "way/230118251"
    },
    {
      "type": "Feature",
      "properties": {
        "@id": "way/230118254",
        "highway": "residential"
      },
      "geometry": {
        "type": "LineString",
        "coordinates": [
          [
            76.3257961,
            32.2461179
          ],
          [
            76.3257447,
            32.2463061
          ],
          [
            76.3257503,
            32.2464633
          ],
          [
            76.3257993,
            32.2467998
          ],
          [
            76.3258035,
            32.2470326
          ]
        ]
      },
      "id": "way/230118254"
    },
    {
      "type": "Feature",
      "properties": {
        "@id": "way/230118255",
        "highway": "footway",
        "surface": "concrete"
      },
      "geometry": {
        "type": "LineString",
        "coordinates": [
          [
            76.3266991,
            32.2476331
          ],
          [
            76.3267443,
            32.2477625
          ],
          [
            76.3267884,
            32.2477958
          ],
          [
            76.326846,
            32.2478145
          ],
          [
            76.3268777,
            32.2478535
          ],
          [
            76.3269641,
            32.2480448
          ],
          [
            76.3269962,
            32.2481476
          ],
          [
            76.3269644,
            32.2482149
          ]
        ]
      },
      "id": "way/230118255"
    },
    {
      "type": "Feature",
      "properties": {
        "@id": "way/230119103",
        "bicycle": "no",
        "foot": "yes",
        "highway": "unclassified",
        "horse": "yes",
        "layer": "0",
        "name": "Dharamkot Guna Temple Trail",
        "oneway": "no",
        "ski": "no",
        "snowmobile": "no",
        "surface": "ground",
        "width": "2"
      },
      "geometry": {
        "type": "LineString",
        "coordinates": [
          [
            76.3085159,
            32.2517883
          ],
          [
            76.3085827,
            32.2519419
          ],
          [
            76.308732,
            32.2520836
          ],
          [
            76.308978,
            32.2520405
          ],
          [
            76.3090954,
            32.2519427
          ],
          [
            76.3092114,
            32.2518932
          ],
          [
            76.3093581,
            32.2518569
          ],
          [
            76.3095004,
            32.2518522
          ],
          [
            76.3096576,
            32.2518547
          ],
          [
            76.3097935,
            32.2518362
          ],
          [
            76.3099328,
            32.2518466
          ],
          [
            76.3100289,
            32.2518548
          ],
          [
            76.3101355,
            32.2519076
          ],
          [
            76.3102313,
            32.2519624
          ],
          [
            76.3102937,
            32.2520226
          ],
          [
            76.3103893,
            32.2520808
          ],
          [
            76.3104467,
            32.2522134
          ],
          [
            76.3105231,
            32.2523677
          ],
          [
            76.3104866,
            32.2524933
          ],
          [
            76.3105057,
            32.2526267
          ],
          [
            76.3106435,
            32.2527747
          ],
          [
            76.3106782,
            32.2528901
          ],
          [
            76.3109209,
            32.2530156
          ],
          [
            76.3111389,
            32.2530641
          ],
          [
            76.3113492,
            32.2531805
          ],
          [
            76.3114522,
            32.2534368
          ],
          [
            76.3114315,
            32.2535682
          ],
          [
            76.3113899,
            32.2536602
          ],
          [
            76.3113574,
            32.2537319
          ],
          [
            76.3113598,
            32.2537856
          ],
          [
            76.3114181,
            32.2538274
          ],
          [
            76.3116169,
            32.2537983
          ],
          [
            76.3117407,
            32.253801
          ],
          [
            76.3118658,
            32.253802
          ],
          [
            76.3119688,
            32.2538533
          ],
          [
            76.312095,
            32.2541055
          ],
          [
            76.3122862,
            32.2541637
          ],
          [
            76.3123857,
            32.254222
          ],
          [
            76.3124277,
            32.2543546
          ],
          [
            76.3124048,
            32.2544936
          ],
          [
            76.3123665,
            32.2546068
          ],
          [
            76.3126075,
            32.2548688
          ],
          [
            76.3127337,
            32.25492
          ],
          [
            76.3128522,
            32.2549166
          ],
          [
            76.3129722,
            32.2549885
          ],
          [
            76.3130899,
            32.2549482
          ],
          [
            76.3132079,
            32.2549867
          ],
          [
            76.3132806,
            32.2550467
          ],
          [
            76.3134259,
            32.2551599
          ],
          [
            76.3135827,
            32.2551728
          ],
          [
            76.3137051,
            32.255134
          ],
          [
            76.313816,
            32.2551405
          ],
          [
            76.3139613,
            32.2551534
          ],
          [
            76.3140914,
            32.2551243
          ],
          [
            76.3142023,
            32.2550564
          ],
          [
            76.3143438,
            32.2550467
          ],
          [
            76.31447,
            32.2550661
          ],
          [
            76.3145503,
            32.2551276
          ],
          [
            76.3146268,
            32.2552699
          ],
          [
            76.3147453,
            32.2553928
          ],
          [
            76.3148945,
            32.2554251
          ],
          [
            76.3150895,
            32.2554995
          ],
          [
            76.3152349,
            32.2555286
          ],
          [
            76.3153381,
            32.2555868
          ],
          [
            76.3155485,
            32.2556062
          ],
          [
            76.3156862,
            32.2557679
          ],
          [
            76.3158621,
            32.2558714
          ],
          [
            76.3159577,
            32.255865
          ],
          [
            76.3161642,
            32.2557712
          ],
          [
            76.3162254,
            32.2557615
          ],
          [
            76.3163287,
            32.2558197
          ],
          [
            76.3164396,
            32.2558617
          ],
          [
            76.3166117,
            32.2558876
          ],
          [
            76.3167494,
            32.2559167
          ],
          [
            76.3168526,
            32.2559523
          ],
          [
            76.3170936,
            32.2560655
          ],
          [
            76.3172312,
            32.2561205
          ],
          [
            76.3173422,
            32.2561237
          ],
          [
            76.3175104,
            32.2562175
          ],
          [
            76.3176443,
            32.2562693
          ],
          [
            76.3177837,
            32.2563106
          ],
          [
            76.317937,
            32.2562421
          ],
          [
            76.3179691,
            32.2564127
          ],
          [
            76.3179387,
            32.2565651
          ],
          [
            76.3178976,
            32.2566698
          ],
          [
            76.3178941,
            32.2567591
          ],
          [
            76.3178621,
            32.2569408
          ],
          [
            76.3177841,
            32.2571122
          ],
          [
            76.3177935,
            32.2572233
          ],
          [
            76.3178202,
            32.2573754
          ],
          [
            76.3178486,
            32.257424
          ]
        ]
      },
      "id": "way/230119103"
    },
    {
      "type": "Feature",
      "properties": {
        "@id": "way/230119104",
        "highway": "tertiary",
        "oneway": "no",
        "surface": "concrete"
      },
      "geometry": {
        "type": "LineString",
        "coordinates": [
          [
            76.3114401,
            32.2407122
          ],
          [
            76.3114658,
            32.2408747
          ],
          [
            76.3115569,
            32.2409821
          ],
          [
            76.3117778,
            32.2411223
          ],
          [
            76.3118468,
            32.2412414
          ],
          [
            76.3118689,
            32.241566
          ],
          [
            76.3119628,
            32.2417061
          ],
          [
            76.3121423,
            32.2418065
          ],
          [
            76.3122362,
            32.2419233
          ],
          [
            76.3122003,
            32.2421335
          ],
          [
            76.3122193,
            32.2422849
          ],
          [
            76.3126365,
            32.2424605
          ],
          [
            76.3127415,
            32.2425422
          ],
          [
            76.312758,
            32.2426473
          ],
          [
            76.3127387,
            32.2427454
          ],
          [
            76.3128547,
            32.2429556
          ],
          [
            76.31307,
            32.2433035
          ],
          [
            76.3130618,
            32.2433829
          ],
          [
            76.3129292,
            32.243425
          ],
          [
            76.3125675,
            32.2433619
          ],
          [
            76.3123135,
            32.2433339
          ],
          [
            76.3114934,
            32.2433152
          ],
          [
            76.3113139,
            32.2433806
          ],
          [
            76.311198,
            32.2435557
          ],
          [
            76.311093,
            32.2437239
          ],
          [
            76.310955,
            32.2438337
          ],
          [
            76.3108915,
            32.2439247
          ],
          [
            76.3108915,
            32.2440275
          ],
          [
            76.3108777,
            32.2441583
          ],
          [
            76.3107976,
            32.2442984
          ],
          [
            76.3106706,
            32.2444362
          ],
          [
            76.3105132,
            32.2445506
          ],
          [
            76.3102412,
            32.2450026
          ],
          [
            76.3102458,
            32.2451162
          ],
          [
            76.3103135,
            32.2452572
          ],
          [
            76.3104868,
            32.2454104
          ],
          [
            76.3105376,
            32.245534
          ],
          [
            76.3105492,
            32.2457581
          ],
          [
            76.310532,
            32.2458985
          ],
          [
            76.3104806,
            32.246069
          ],
          [
            76.3105337,
            32.246214
          ],
          [
            76.3106076,
            32.2463456
          ],
          [
            76.3106761,
            32.2466244
          ],
          [
            76.3106273,
            32.2467314
          ],
          [
            76.3101073,
            32.2471054
          ],
          [
            76.3099188,
            32.2472185
          ],
          [
            76.3098402,
            32.2472657
          ],
          [
            76.3095716,
            32.2473156
          ],
          [
            76.3094586,
            32.2473097
          ],
          [
            76.3094138,
            32.2472319
          ],
          [
            76.3093939,
            32.2471795
          ],
          [
            76.3092573,
            32.2470959
          ],
          [
            76.3092064,
            32.2470979
          ],
          [
            76.3091993,
            32.2471395
          ],
          [
            76.3092531,
            32.2472477
          ],
          [
            76.3092397,
            32.2473505
          ],
          [
            76.309179,
            32.2474194
          ],
          [
            76.3089561,
            32.2475195
          ],
          [
            76.3086627,
            32.2476743
          ],
          [
            76.3083291,
            32.2479415
          ],
          [
            76.3082438,
            32.2480342
          ],
          [
            76.3082564,
            32.2481211
          ],
          [
            76.308257,
            32.2481247
          ],
          [
            76.3084742,
            32.2481881
          ],
          [
            76.3086985,
            32.2481748
          ],
          [
            76.3087626,
            32.2482193
          ],
          [
            76.3087819,
            32.2482987
          ],
          [
            76.3086881,
            32.2483641
          ],
          [
            76.3083422,
            32.2483937
          ],
          [
            76.3081079,
            32.2483187
          ],
          [
            76.3079456,
            32.2482768
          ],
          [
            76.307759,
            32.2482217
          ],
          [
            76.3077141,
            32.2481116
          ],
          [
            76.3077771,
            32.2479956
          ],
          [
            76.3079057,
            32.2477973
          ],
          [
            76.3079097,
            32.24774
          ],
          [
            76.3078812,
            32.2476826
          ],
          [
            76.3077133,
            32.2476422
          ],
          [
            76.3075117,
            32.2476937
          ],
          [
            76.3073965,
            32.2478364
          ],
          [
            76.3074176,
            32.2483094
          ],
          [
            76.3074219,
            32.248462
          ],
          [
            76.307362,
            32.248558
          ],
          [
            76.3067171,
            32.2488123
          ],
          [
            76.3063524,
            32.248969
          ],
          [
            76.306069,
            32.2491446
          ],
          [
            76.3054725,
            32.2494967
          ],
          [
            76.3047403,
            32.2499691
          ],
          [
            76.3043767,
            32.2502787
          ],
          [
            76.3043543,
            32.2502979
          ],
          [
            76.3038465,
            32.2508167
          ],
          [
            76.3036364,
            32.2511326
          ]
        ]
      },
      "id": "way/230119104"
    },
    {
      "type": "Feature",
      "properties": {
        "@id": "way/230119106",
        "highway": "footway",
        "surface": "concrete"
      },
      "geometry": {
        "type": "LineString",
        "coordinates": [
          [
            76.3059714,
            32.2511946
          ],
          [
            76.3057717,
            32.2510348
          ],
          [
            76.3056047,
            32.2509953
          ],
          [
            76.3052722,
            32.2512056
          ],
          [
            76.3051368,
            32.2512336
          ],
          [
            76.3048901,
            32.2512329
          ],
          [
            76.3045759,
            32.2511399
          ]
        ]
      },
      "id": "way/230119106"
    },
    {
      "type": "Feature",
      "properties": {
        "@id": "way/230119108",
        "highway": "footway",
        "surface": "paving_stones"
      },
      "geometry": {
        "type": "LineString",
        "coordinates": [
          [
            76.3083817,
            32.2492363
          ],
          [
            76.3082953,
            32.249178
          ],
          [
            76.3081854,
            32.2491485
          ],
          [
            76.3081418,
            32.2491574
          ],
          [
            76.3080566,
            32.2491846
          ],
          [
            76.3078004,
            32.2491383
          ],
          [
            76.3077413,
            32.2491569
          ],
          [
            76.3076864,
            32.2492736
          ],
          [
            76.3075496,
            32.2496178
          ],
          [
            76.3074475,
            32.2497572
          ],
          [
            76.3072248,
            32.2499674
          ],
          [
            76.3069856,
            32.2501682
          ],
          [
            76.3068883,
            32.2501819
          ],
          [
            76.3067598,
            32.2501801
          ],
          [
            76.3066787,
            32.2502413
          ],
          [
            76.3066276,
            32.2503367
          ],
          [
            76.3066063,
            32.2504222
          ]
        ]
      },
      "id": "way/230119108"
    },
    {
      "type": "Feature",
      "properties": {
        "@id": "way/230119110",
        "highway": "unclassified",
        "lane_markings": "no",
        "oneway": "no",
        "surface": "concrete"
      },
      "geometry": {
        "type": "LineString",
        "coordinates": [
          [
            76.307362,
            32.248558
          ],
          [
            76.3075879,
            32.2486153
          ],
          [
            76.3076494,
            32.248657
          ],
          [
            76.3078096,
            32.2487655
          ],
          [
            76.3080063,
            32.2488832
          ],
          [
            76.3081198,
            32.2489442
          ],
          [
            76.3083682,
            32.2489916
          ],
          [
            76.3084843,
            32.2491685
          ],
          [
            76.3087939,
            32.2492825
          ],
          [
            76.3089687,
            32.2492667
          ],
          [
            76.3090199,
            32.2492969
          ],
          [
            76.3089573,
            32.249327
          ],
          [
            76.3088248,
            32.2493469
          ],
          [
            76.3084747,
            32.2492977
          ]
        ]
      },
      "id": "way/230119110"
    },
    {
      "type": "Feature",
      "properties": {
        "@id": "way/230119113",
        "highway": "unclassified",
        "oneway": "no"
      },
      "geometry": {
        "type": "LineString",
        "coordinates": [
          [
            76.3099188,
            32.2472185
          ],
          [
            76.3097955,
            32.247131
          ],
          [
            76.3097751,
            32.2471165
          ],
          [
            76.308828,
            32.2467078
          ],
          [
            76.3086679,
            32.2465771
          ],
          [
            76.3085933,
            32.2463926
          ],
          [
            76.3084,
            32.2462898
          ],
          [
            76.3080245,
            32.246117
          ],
          [
            76.3076959,
            32.2460656
          ],
          [
            76.3070885,
            32.2459419
          ],
          [
            76.3069062,
            32.2458344
          ],
          [
            76.3061607,
            32.2453791
          ],
          [
            76.3055864,
            32.2451642
          ],
          [
            76.305059,
            32.2450218
          ],
          [
            76.3047222,
            32.2448723
          ],
          [
            76.3044267,
            32.2447415
          ],
          [
            76.3042334,
            32.2447228
          ],
          [
            76.3040429,
            32.2448022
          ],
          [
            76.3038993,
            32.2449797
          ],
          [
            76.3038662,
            32.2451502
          ],
          [
            76.3038358,
            32.2457901
          ],
          [
            76.3037668,
            32.2460259
          ],
          [
            76.3034879,
            32.2466331
          ],
          [
            76.3033112,
            32.2467055
          ],
          [
            76.3032146,
            32.2466798
          ],
          [
            76.3031593,
            32.2465584
          ],
          [
            76.3033719,
            32.2462361
          ],
          [
            76.3035487,
            32.2458321
          ],
          [
            76.3035459,
            32.2457013
          ],
          [
            76.3034548,
            32.2456873
          ],
          [
            76.3033664,
            32.2457317
          ],
          [
            76.3032118,
            32.2460563
          ],
          [
            76.3030544,
            32.2461684
          ],
          [
            76.3024414,
            32.2465467
          ],
          [
            76.302369,
            32.246721
          ],
          [
            76.3023337,
            32.2468059
          ],
          [
            76.3021487,
            32.2468246
          ],
          [
            76.3018174,
            32.2466892
          ],
          [
            76.3016214,
            32.2466681
          ],
          [
            76.3009145,
            32.2468269
          ],
          [
            76.300398,
            32.2468162
          ],
          [
            76.3002228,
            32.24677
          ],
          [
            76.2998852,
            32.2466376
          ],
          [
            76.2995809,
            32.2465339
          ],
          [
            76.2992924,
            32.2464969
          ],
          [
            76.2991045,
            32.2464433
          ],
          [
            76.2988138,
            32.2462891
          ],
          [
            76.2986062,
            32.2462053
          ],
          [
            76.2983912,
            32.2462065
          ],
          [
            76.2980511,
            32.2462826
          ],
          [
            76.2976677,
            32.2464203
          ],
          [
            76.2973305,
            32.2464977
          ],
          [
            76.2970662,
            32.2464901
          ],
          [
            76.2968329,
            32.2464288
          ],
          [
            76.2966837,
            32.2464071
          ],
          [
            76.2965153,
            32.2464282
          ],
          [
            76.2961175,
            32.246635
          ],
          [
            76.2958994,
            32.2466784
          ],
          [
            76.2953917,
            32.2466724
          ],
          [
            76.2948062,
            32.2467564
          ],
          [
            76.2946062,
            32.2467155
          ],
          [
            76.2942848,
            32.2462065
          ],
          [
            76.2940353,
            32.2459252
          ],
          [
            76.29392,
            32.2457045
          ],
          [
            76.2937403,
            32.2454171
          ],
          [
            76.2935012,
            32.2452116
          ],
          [
            76.2932601,
            32.2447389
          ],
          [
            76.2930563,
            32.2445074
          ],
          [
            76.2928325,
            32.2443821
          ],
          [
            76.2926567,
            32.244335
          ],
          [
            76.2924586,
            32.2443463
          ],
          [
            76.2923855,
            32.2443754
          ],
          [
            76.2923241,
            32.2444606
          ],
          [
            76.2922341,
            32.244748
          ],
          [
            76.2921254,
            32.24513
          ],
          [
            76.2920853,
            32.2454216
          ],
          [
            76.2919489,
            32.2457111
          ],
          [
            76.2918257,
            32.2457799
          ],
          [
            76.2916949,
            32.2457565
          ]
        ]
      },
      "id": "way/230119113"
    },
    {
      "type": "Feature",
      "properties": {
        "@id": "way/230121329",
        "highway": "path"
      },
      "geometry": {
        "type": "LineString",
        "coordinates": [
          [
            76.3296919,
            32.2390069
          ],
          [
            76.3295552,
            32.2390612
          ],
          [
            76.3295482,
            32.239141
          ],
          [
            76.329475,
            32.2391802
          ],
          [
            76.3293933,
            32.2392964
          ],
          [
            76.3293105,
            32.2393057
          ],
          [
            76.3291614,
            32.2394599
          ],
          [
            76.3288356,
            32.2396456
          ]
        ]
      },
      "id": "way/230121329"
    },
    {
      "type": "Feature",
      "properties": {
        "@id": "way/282452181",
        "highway": "unclassified"
      },
      "geometry": {
        "type": "LineString",
        "coordinates": [
          [
            76.3024414,
            32.2465467
          ],
          [
            76.3026262,
            32.2461807
          ],
          [
            76.3028032,
            32.2459403
          ],
          [
            76.3029266,
            32.2457542
          ],
          [
            76.3029051,
            32.2454049
          ],
          [
            76.3029695,
            32.2451463
          ],
          [
            76.3030607,
            32.2449466
          ],
          [
            76.303109,
            32.2447062
          ],
          [
            76.3033826,
            32.244434
          ],
          [
            76.3036079,
            32.2441753
          ],
          [
            76.303801,
            32.2440256
          ],
          [
            76.3038654,
            32.2439349
          ],
          [
            76.3038063,
            32.2437171
          ],
          [
            76.3038546,
            32.2434812
          ],
          [
            76.30386,
            32.2432997
          ],
          [
            76.3039565,
            32.2432044
          ],
          [
            76.3041068,
            32.2431862
          ],
          [
            76.3046915,
            32.2433178
          ],
          [
            76.3049724,
            32.2433439
          ],
          [
            76.3051559,
            32.2433929
          ],
          [
            76.305303,
            32.2434721
          ],
          [
            76.3057107,
            32.2434993
          ]
        ]
      },
      "id": "way/282452181"
    },
    {
      "type": "Feature",
      "properties": {
        "@id": "way/286221186",
        "highway": "unclassified",
        "route": "road"
      },
      "geometry": {
        "type": "LineString",
        "coordinates": [
          [
            76.327136,
            32.2427323
          ],
          [
            76.327303,
            32.2426503
          ],
          [
            76.3275023,
            32.2425228
          ],
          [
            76.3276801,
            32.2423952
          ],
          [
            76.3277878,
            32.2422904
          ],
          [
            76.3279279,
            32.2422631
          ],
          [
            76.3279933,
            32.2422576
          ]
        ]
      },
      "id": "way/286221186"
    },
    {
      "type": "Feature",
      "properties": {
        "@id": "way/286221187",
        "highway": "unclassified",
        "route": "road"
      },
      "geometry": {
        "type": "LineString",
        "coordinates": [
          [
            76.3261934,
            32.2426048
          ],
          [
            76.3263119,
            32.2428098
          ],
          [
            76.3265166,
            32.242828
          ],
          [
            76.3267751,
            32.2428462
          ],
          [
            76.327136,
            32.2427323
          ]
        ]
      },
      "id": "way/286221187"
    },
    {
      "type": "Feature",
      "properties": {
        "@id": "way/332016869",
        "highway": "residential",
        "lane_markings": "no",
        "surface": "paving_stones"
      },
      "geometry": {
        "type": "LineString",
        "coordinates": [
          [
            76.3303166,
            32.242386
          ],
          [
            76.3303256,
            32.2424484
          ],
          [
            76.3302775,
            32.2425874
          ],
          [
            76.3300516,
            32.2428546
          ],
          [
            76.329956,
            32.2430061
          ],
          [
            76.3298874,
            32.2432238
          ],
          [
            76.3299713,
            32.2434632
          ],
          [
            76.3297777,
            32.2435846
          ],
          [
            76.3296074,
            32.2437468
          ],
          [
            76.329574,
            32.2438625
          ],
          [
            76.3295224,
            32.2443664
          ],
          [
            76.3293915,
            32.2445562
          ],
          [
            76.3292663,
            32.244704
          ],
          [
            76.3291939,
            32.2448242
          ],
          [
            76.3290017,
            32.2452289
          ],
          [
            76.3289411,
            32.2453705
          ],
          [
            76.3289465,
            32.2454907
          ]
        ]
      },
      "id": "way/332016869"
    },
    {
      "type": "Feature",
      "properties": {
        "@id": "way/333516126",
        "highway": "footway"
      },
      "geometry": {
        "type": "LineString",
        "coordinates": [
          [
            76.3261934,
            32.2426048
          ],
          [
            76.3263337,
            32.2426589
          ],
          [
            76.3264571,
            32.242786
          ],
          [
            76.3267039,
            32.2427769
          ],
          [
            76.3269024,
            32.2426952
          ],
          [
            76.3271169,
            32.2425636
          ],
          [
            76.3272135,
            32.2423821
          ],
          [
            76.3273798,
            32.2422959
          ],
          [
            76.3274656,
            32.2420509
          ],
          [
            76.3277446,
            32.2419239
          ],
          [
            76.3279216,
            32.2416017
          ],
          [
            76.3281362,
            32.2414656
          ],
          [
            76.3286941,
            32.2416153
          ],
          [
            76.328973,
            32.2415518
          ],
          [
            76.3291286,
            32.2414475
          ],
          [
            76.3295417,
            32.2415019
          ],
          [
            76.3301167,
            32.2416095
          ]
        ]
      },
      "id": "way/333516126"
    },
    {
      "type": "Feature",
      "properties": {
        "@id": "way/344476455",
        "highway": "footway",
        "lit": "no",
        "surface": "dirt"
      },
      "geometry": {
        "type": "LineString",
        "coordinates": [
          [
            76.3312173,
            32.2408114
          ],
          [
            76.3310557,
            32.2408665
          ],
          [
            76.3309984,
            32.2408916
          ],
          [
            76.3309292,
            32.2409234
          ],
          [
            76.3308165,
            32.2409786
          ],
          [
            76.3306128,
            32.2410873
          ],
          [
            76.3304645,
            32.2411759
          ],
          [
            76.3303657,
            32.2412261
          ],
          [
            76.3302965,
            32.2412361
          ],
          [
            76.3301205,
            32.2412595
          ],
          [
            76.3300592,
            32.2413331
          ],
          [
            76.330077,
            32.2414401
          ],
          [
            76.3301146,
            32.2415237
          ],
          [
            76.3301167,
            32.2416095
          ]
        ]
      },
      "id": "way/344476455"
    },
    {
      "type": "Feature",
      "properties": {
        "@id": "way/344749332",
        "bicycle": "no",
        "foot": "yes",
        "highway": "living_street",
        "horse": "no",
        "motorcar": "no",
        "ski": "no",
        "snowmobile": "no",
        "surface": "paving_stones",
        "width": "1"
      },
      "geometry": {
        "type": "LineString",
        "coordinates": [
          [
            76.3337313,
            32.2437767
          ],
          [
            76.3337939,
            32.243861
          ],
          [
            76.3338129,
            32.2439659
          ],
          [
            76.3339864,
            32.2441664
          ],
          [
            76.3345025,
            32.2442255
          ],
          [
            76.3347216,
            32.2442429
          ]
        ]
      },
      "id": "way/344749332"
    },
    {
      "type": "Feature",
      "properties": {
        "@id": "way/344749333",
        "highway": "path",
        "surface": "rock"
      },
      "geometry": {
        "type": "LineString",
        "coordinates": [
          [
            76.3333919,
            32.2464022
          ],
          [
            76.3335118,
            32.2464163
          ],
          [
            76.333634,
            32.2464231
          ],
          [
            76.3337863,
            32.246377
          ],
          [
            76.3339894,
            32.2462822
          ],
          [
            76.3341433,
            32.2462427
          ],
          [
            76.3343148,
            32.2462078
          ],
          [
            76.3343912,
            32.2461383
          ],
          [
            76.3344852,
            32.2462041
          ],
          [
            76.3345432,
            32.2462964
          ],
          [
            76.3346928,
            32.2463096
          ],
          [
            76.3348744,
            32.2463732
          ],
          [
            76.3349479,
            32.2464632
          ],
          [
            76.3351446,
            32.2465436
          ],
          [
            76.3352641,
            32.2465913
          ],
          [
            76.335315,
            32.2465607
          ],
          [
            76.3353819,
            32.2464748
          ],
          [
            76.3355258,
            32.2464571
          ],
          [
            76.3357103,
            32.2464826
          ],
          [
            76.335886,
            32.2464627
          ],
          [
            76.3360426,
            32.2464471
          ],
          [
            76.3361793,
            32.246524
          ],
          [
            76.3362653,
            32.2465926
          ],
          [
            76.3363409,
            32.2466884
          ],
          [
            76.3364168,
            32.2468061
          ],
          [
            76.3365092,
            32.2468992
          ],
          [
            76.3367149,
            32.2470534
          ],
          [
            76.3369097,
            32.2471552
          ],
          [
            76.3370411,
            32.2474637
          ],
          [
            76.3371772,
            32.2475344
          ],
          [
            76.3372667,
            32.2476499
          ],
          [
            76.3373701,
            32.2476759
          ],
          [
            76.3375789,
            32.247664
          ],
          [
            76.3376964,
            32.2477151
          ],
          [
            76.337829,
            32.2478117
          ],
          [
            76.3379712,
            32.2477721
          ],
          [
            76.3381231,
            32.2477855
          ],
          [
            76.3382817,
            32.2478271
          ]
        ]
      },
      "id": "way/344749333"
    },
    {
      "type": "Feature",
      "properties": {
        "@id": "way/344749334",
        "highway": "residential",
        "oneway": "no",
        "surface": "concrete"
      },
      "geometry": {
        "type": "LineString",
        "coordinates": [
          [
            76.3326842,
            32.2434666
          ],
          [
            76.3326966,
            32.2433446
          ],
          [
            76.3327644,
            32.2432207
          ],
          [
            76.3329021,
            32.2430802
          ],
          [
            76.3329817,
            32.2429811
          ],
          [
            76.332984,
            32.2428969
          ],
          [
            76.3330692,
            32.2427663
          ]
        ]
      },
      "id": "way/344749334"
    },
    {
      "type": "Feature",
      "properties": {
        "@id": "way/344749335",
        "highway": "path"
      },
      "geometry": {
        "type": "LineString",
        "coordinates": [
          [
            76.3326135,
            32.2467101
          ],
          [
            76.3327784,
            32.2466615
          ],
          [
            76.3329036,
            32.246654
          ],
          [
            76.3329786,
            32.2466032
          ],
          [
            76.3330115,
            32.2464987
          ],
          [
            76.3331449,
            32.2463875
          ],
          [
            76.3332333,
            32.2463796
          ],
          [
            76.3332859,
            32.2463632
          ],
          [
            76.3333919,
            32.2464022
          ]
        ]
      },
      "id": "way/344749335"
    },
    {
      "type": "Feature",
      "properties": {
        "@id": "way/344749336",
        "handrail": "no",
        "highway": "steps",
        "incline": "up",
        "ramp": "no",
        "surface": "concrete"
      },
      "geometry": {
        "type": "LineString",
        "coordinates": [
          [
            76.33218,
            32.2458256
          ],
          [
            76.3322672,
            32.245814
          ],
          [
            76.3321995,
            32.2460973
          ],
          [
            76.3320263,
            32.2463254
          ]
        ]
      },
      "id": "way/344749336"
    },
    {
      "type": "Feature",
      "properties": {
        "@id": "way/345223498",
        "highway": "residential",
        "lane_markings": "no",
        "surface": "ground"
      },
      "geometry": {
        "type": "LineString",
        "coordinates": [
          [
            76.3303691,
            32.2467957
          ],
          [
            76.3303327,
            32.2468429
          ],
          [
            76.3301979,
            32.2470071
          ],
          [
            76.3300714,
            32.2470641
          ],
          [
            76.3300202,
            32.2471022
          ],
          [
            76.3300067,
            32.2471653
          ],
          [
            76.3299652,
            32.2472
          ]
        ]
      },
      "id": "way/345223498"
    },
    {
      "type": "Feature",
      "properties": {
        "@id": "way/349890996",
        "highway": "path",
        "surface": "gravel"
      },
      "geometry": {
        "type": "LineString",
        "coordinates": [
          [
            76.3174777,
            32.2460282
          ],
          [
            76.3173131,
            32.2459435
          ],
          [
            76.3173048,
            32.2458597
          ],
          [
            76.3172512,
            32.2458003
          ],
          [
            76.3170902,
            32.2457479
          ],
          [
            76.3170407,
            32.2457863
          ],
          [
            76.316987,
            32.2458108
          ],
          [
            76.316698,
            32.2457026
          ],
          [
            76.3163802,
            32.2457305
          ],
          [
            76.3163389,
            32.2457305
          ],
          [
            76.3162646,
            32.2457514
          ],
          [
            76.3161903,
            32.2456502
          ],
          [
            76.3160995,
            32.2456711
          ],
          [
            76.31605,
            32.2456397
          ],
          [
            76.315889,
            32.2455664
          ],
          [
            76.3156413,
            32.2455769
          ],
          [
            76.3155629,
            32.2456118
          ],
          [
            76.3153688,
            32.2456362
          ],
          [
            76.3151377,
            32.2456956
          ],
          [
            76.315117,
            32.2457235
          ],
          [
            76.3150551,
            32.2457165
          ],
          [
            76.3149478,
            32.2457619
          ],
          [
            76.3148611,
            32.2458247
          ],
          [
            76.314824,
            32.2458736
          ],
          [
            76.314729,
            32.2459016
          ],
          [
            76.3146919,
            32.2458876
          ],
          [
            76.3146299,
            32.2459539
          ],
          [
            76.3145928,
            32.245912
          ],
          [
            76.3145267,
            32.2459365
          ],
          [
            76.314469,
            32.2459085
          ],
          [
            76.3144442,
            32.2458632
          ],
          [
            76.3143864,
            32.2458282
          ],
          [
            76.3143905,
            32.2457549
          ],
          [
            76.3143245,
            32.2457619
          ],
          [
            76.3142915,
            32.2457095
          ],
          [
            76.3141717,
            32.2457305
          ],
          [
            76.3141098,
            32.245706
          ],
          [
            76.314083,
            32.2457129
          ],
          [
            76.3140149,
            32.2457305
          ],
          [
            76.3139571,
            32.245734
          ],
          [
            76.3138993,
            32.2456956
          ],
          [
            76.3138002,
            32.245713
          ],
          [
            76.3136516,
            32.2456991
          ],
          [
            76.3136103,
            32.2456537
          ],
          [
            76.3134948,
            32.2456537
          ],
          [
            76.3134535,
            32.2456397
          ],
          [
            76.3132117,
            32.2456354
          ]
        ]
      },
      "id": "way/349890996"
    },
    {
      "type": "Feature",
      "properties": {
        "@id": "way/458084981",
        "highway": "footway"
      },
      "geometry": {
        "type": "LineString",
        "coordinates": [
          [
            76.329302,
            32.2507186
          ],
          [
            76.3291491,
            32.2505833
          ],
          [
            76.3289721,
            32.2505471
          ],
          [
            76.3286395,
            32.2505425
          ],
          [
            76.3286342,
            32.2506832
          ],
          [
            76.3284234,
            32.250846
          ],
          [
            76.3281061,
            32.2509748
          ],
          [
            76.3281235,
            32.2510247
          ]
        ]
      },
      "id": "way/458084981"
    },
    {
      "type": "Feature",
      "properties": {
        "@id": "way/501656252",
        "handrail": "no",
        "highway": "steps",
        "incline": "down",
        "lit": "no",
        "ramp": "no",
        "step_count": "35",
        "surface": "sett"
      },
      "geometry": {
        "type": "LineString",
        "coordinates": [
          [
            76.3092397,
            32.2473505
          ],
          [
            76.3094586,
            32.2473097
          ]
        ]
      },
      "id": "way/501656252"
    },
    {
      "type": "Feature",
      "properties": {
        "@id": "way/501656253",
        "handrail": "no",
        "highway": "steps",
        "incline": "up",
        "ramp": "no",
        "surface": "concrete"
      },
      "geometry": {
        "type": "LineString",
        "coordinates": [
          [
            76.3079456,
            32.2482768
          ],
          [
            76.3079427,
            32.2483624
          ],
          [
            76.3079733,
            32.248661
          ],
          [
            76.3080573,
            32.2487478
          ],
          [
            76.3080386,
            32.248811
          ],
          [
            76.3080063,
            32.2488832
          ]
        ]
      },
      "id": "way/501656253"
    },
    {
      "type": "Feature",
      "properties": {
        "@id": "way/513823824",
        "highway": "path"
      },
      "geometry": {
        "type": "LineString",
        "coordinates": [
          [
            76.333677,
            32.2469166
          ],
          [
            76.3336703,
            32.247055
          ],
          [
            76.3337964,
            32.2472296
          ],
          [
            76.3337105,
            32.2473771
          ],
          [
            76.3336931,
            32.2474485
          ],
          [
            76.3336019,
            32.2475518
          ],
          [
            76.3334899,
            32.2476783
          ],
          [
            76.3333967,
            32.2478951
          ],
          [
            76.3333449,
            32.248024
          ],
          [
            76.3331512,
            32.2481558
          ],
          [
            76.3330138,
            32.2482886
          ],
          [
            76.3328188,
            32.2483292
          ],
          [
            76.3324915,
            32.2482924
          ],
          [
            76.3322471,
            32.2482668
          ]
        ]
      },
      "id": "way/513823824"
    },
    {
      "type": "Feature",
      "properties": {
        "@id": "way/513823825",
        "highway": "footway",
        "surface": "ground"
      },
      "geometry": {
        "type": "LineString",
        "coordinates": [
          [
            76.3352641,
            32.2465913
          ],
          [
            76.3351698,
            32.2466163
          ],
          [
            76.3349808,
            32.2465989
          ],
          [
            76.3346673,
            32.2464864
          ],
          [
            76.3343422,
            32.2466863
          ],
          [
            76.3342912,
            32.2467487
          ],
          [
            76.3341799,
            32.2468122
          ],
          [
            76.3340914,
            32.2469722
          ],
          [
            76.3340928,
            32.2470788
          ],
          [
            76.3339211,
            32.2471593
          ],
          [
            76.3338138,
            32.2473249
          ],
          [
            76.3337722,
            32.2474247
          ],
          [
            76.3336891,
            32.24752
          ],
          [
            76.3336019,
            32.2475518
          ]
        ]
      },
      "id": "way/513823825"
    },
    {
      "type": "Feature",
      "properties": {
        "@id": "way/519585651",
        "highway": "unclassified",
        "lane_markings": "no",
        "surface": "concrete"
      },
      "geometry": {
        "type": "LineString",
        "coordinates": [
          [
            76.3126974,
            32.2455886
          ],
          [
            76.312391,
            32.2456723
          ],
          [
            76.3120987,
            32.2458322
          ],
          [
            76.3117862,
            32.2460988
          ],
          [
            76.3113382,
            32.2464186
          ],
          [
            76.3111089,
            32.2465445
          ],
          [
            76.3110905,
            32.2465549
          ],
          [
            76.3106273,
            32.2467314
          ]
        ]
      },
      "id": "way/519585651"
    },
    {
      "type": "Feature",
      "properties": {
        "@id": "way/519585652",
        "highway": "footway",
        "lit": "yes",
        "surface": "sett"
      },
      "geometry": {
        "type": "LineString",
        "coordinates": [
          [
            76.3098749,
            32.2478305
          ],
          [
            76.309792,
            32.2478095
          ],
          [
            76.3096758,
            32.2478253
          ],
          [
            76.3095004,
            32.2478298
          ],
          [
            76.3094377,
            32.2478564
          ],
          [
            76.3093896,
            32.2478709
          ],
          [
            76.3093558,
            32.2478531
          ],
          [
            76.3093354,
            32.2478155
          ],
          [
            76.3093207,
            32.2477694
          ]
        ]
      },
      "id": "way/519585652"
    },
    {
      "type": "Feature",
      "properties": {
        "@id": "way/533541343",
        "highway": "path",
        "surface": "concrete"
      },
      "geometry": {
        "type": "LineString",
        "coordinates": [
          [
            76.3301035,
            32.2395911
          ],
          [
            76.3302099,
            32.2395075
          ],
          [
            76.3302861,
            32.2394264
          ],
          [
            76.3303428,
            32.239327
          ],
          [
            76.3304459,
            32.239226
          ]
        ]
      },
      "id": "way/533541343"
    },
    {
      "type": "Feature",
      "properties": {
        "@id": "way/533591545",
        "highway": "path"
      },
      "geometry": {
        "type": "LineString",
        "coordinates": [
          [
            76.3319842,
            32.2452476
          ],
          [
            76.3317329,
            32.2452124
          ],
          [
            76.3316124,
            32.2452224
          ],
          [
            76.3313479,
            32.2452173
          ],
          [
            76.3311027,
            32.2452598
          ],
          [
            76.3308945,
            32.2452821
          ],
          [
            76.330793,
            32.2452522
          ],
          [
            76.3307307,
            32.2451413
          ],
          [
            76.3305552,
            32.2450746
          ]
        ]
      },
      "id": "way/533591545"
    },
    {
      "type": "Feature",
      "properties": {
        "@id": "way/533591551",
        "bicycle": "permissive",
        "foot": "permissive",
        "highway": "path",
        "horse": "no",
        "motor_vehicle": "no",
        "surface": "ground",
        "trail_visibility": "intermediate",
        "width": ".3"
      },
      "geometry": {
        "type": "LineString",
        "coordinates": [
          [
            76.330881,
            32.2418818
          ],
          [
            76.3309135,
            32.2419015
          ],
          [
            76.3308946,
            32.241931
          ],
          [
            76.3308973,
            32.2419875
          ],
          [
            76.3308625,
            32.2420215
          ],
          [
            76.3308464,
            32.2421187
          ],
          [
            76.3307738,
            32.2421932
          ],
          [
            76.3307332,
            32.2422625
          ],
          [
            76.3307564,
            32.2423313
          ],
          [
            76.3307189,
            32.242396
          ],
          [
            76.3306987,
            32.2424905
          ],
          [
            76.3307056,
            32.2425644
          ],
          [
            76.3306451,
            32.242609
          ],
          [
            76.3306391,
            32.2426893
          ],
          [
            76.3305686,
            32.2427218
          ],
          [
            76.3305077,
            32.2428299
          ],
          [
            76.3305258,
            32.2429478
          ],
          [
            76.3304565,
            32.2430243
          ],
          [
            76.3305027,
            32.2431601
          ],
          [
            76.3305044,
            32.2432521
          ],
          [
            76.3304836,
            32.2433897
          ],
          [
            76.3306743,
            32.243528
          ]
        ]
      },
      "id": "way/533591551"
    },
    {
      "type": "Feature",
      "properties": {
        "@id": "way/533591553",
        "highway": "path"
      },
      "geometry": {
        "type": "LineString",
        "coordinates": [
          [
            76.3299971,
            32.2446572
          ],
          [
            76.3300132,
            32.2447663
          ],
          [
            76.3300701,
            32.2448676
          ],
          [
            76.3301187,
            32.2449229
          ],
          [
            76.3301281,
            32.244986
          ],
          [
            76.3303283,
            32.2450167
          ],
          [
            76.3305552,
            32.2450746
          ],
          [
            76.3308,
            32.2455156
          ],
          [
            76.3308778,
            32.2455785
          ],
          [
            76.3308902,
            32.245692
          ],
          [
            76.3310232,
            32.2455756
          ],
          [
            76.3310638,
            32.2456033
          ],
          [
            76.331198,
            32.2455403
          ],
          [
            76.3313536,
            32.2456271
          ],
          [
            76.3315316,
            32.245602
          ],
          [
            76.3316106,
            32.2455909
          ],
          [
            76.3317865,
            32.2457902
          ],
          [
            76.3317841,
            32.2459586
          ],
          [
            76.3318164,
            32.2459828
          ]
        ]
      },
      "id": "way/533591553"
    },
    {
      "type": "Feature",
      "properties": {
        "@id": "way/533591554",
        "bridge": "yes",
        "highway": "path",
        "surface": "concrete"
      },
      "geometry": {
        "type": "LineString",
        "coordinates": [
          [
            76.3299181,
            32.2446129
          ],
          [
            76.3299971,
            32.2446572
          ]
        ]
      },
      "id": "way/533591554"
    },
    {
      "type": "Feature",
      "properties": {
        "@id": "way/533591555",
        "highway": "footway",
        "surface": "concrete"
      },
      "geometry": {
        "type": "LineString",
        "coordinates": [
          [
            76.3321846,
            32.2454727
          ],
          [
            76.3321707,
            32.2453906
          ],
          [
            76.3321414,
            32.2453289
          ],
          [
            76.3319842,
            32.2452476
          ]
        ]
      },
      "id": "way/533591555"
    },
    {
      "type": "Feature",
      "properties": {
        "@id": "way/534553715",
        "handrail": "no",
        "highway": "steps",
        "incline": "up",
        "ramp": "no",
        "surface": "concrete"
      },
      "geometry": {
        "type": "LineString",
        "coordinates": [
          [
            76.3072248,
            32.2499674
          ],
          [
            76.3073377,
            32.2500338
          ],
          [
            76.3074011,
            32.2500535
          ],
          [
            76.3074519,
            32.2500308
          ],
          [
            76.3074887,
            32.2500027
          ],
          [
            76.3075298,
            32.2499687
          ]
        ]
      },
      "id": "way/534553715"
    },
    {
      "type": "Feature",
      "properties": {
        "@id": "way/534553731",
        "highway": "path"
      },
      "geometry": {
        "type": "LineString",
        "coordinates": [
          [
            76.3087412,
            32.2517309
          ],
          [
            76.3087663,
            32.2517277
          ],
          [
            76.3088085,
            32.2517325
          ],
          [
            76.3088634,
            32.2517575
          ],
          [
            76.3089241,
            32.2517839
          ],
          [
            76.308989,
            32.2517889
          ],
          [
            76.3090589,
            32.2517824
          ],
          [
            76.3091645,
            32.2517333
          ],
          [
            76.309291,
            32.2517079
          ],
          [
            76.3094386,
            32.2516972
          ],
          [
            76.3095385,
            32.2516822
          ],
          [
            76.3096864,
            32.2516644
          ],
          [
            76.3098441,
            32.2516352
          ],
          [
            76.3100128,
            32.2516273
          ],
          [
            76.3101115,
            32.2516082
          ],
          [
            76.3102524,
            32.2515897
          ],
          [
            76.3103833,
            32.2515954
          ],
          [
            76.3105261,
            32.2516145
          ],
          [
            76.3106741,
            32.2516467
          ],
          [
            76.310798,
            32.2517554
          ],
          [
            76.3108995,
            32.2518651
          ],
          [
            76.3109132,
            32.2519835
          ],
          [
            76.310894,
            32.2521513
          ],
          [
            76.3108448,
            32.2523273
          ],
          [
            76.3108905,
            32.2523994
          ],
          [
            76.3108626,
            32.2524992
          ],
          [
            76.3108567,
            32.2525556
          ],
          [
            76.3109031,
            32.2525791
          ],
          [
            76.3109284,
            32.2526269
          ],
          [
            76.3109299,
            32.2526968
          ],
          [
            76.3109653,
            32.2527253
          ],
          [
            76.3110345,
            32.2527474
          ],
          [
            76.3110859,
            32.2527938
          ],
          [
            76.3111348,
            32.2527945
          ],
          [
            76.3112336,
            32.2528294
          ],
          [
            76.3113247,
            32.2528209
          ],
          [
            76.3113576,
            32.2528444
          ],
          [
            76.3114243,
            32.2528608
          ],
          [
            76.3114774,
            32.2528865
          ],
          [
            76.3115111,
            32.2528679
          ],
          [
            76.3115481,
            32.2528877
          ],
          [
            76.3116281,
            32.2529172
          ],
          [
            76.3117107,
            32.2529558
          ],
          [
            76.3117666,
            32.2530107
          ],
          [
            76.3117961,
            32.2530799
          ],
          [
            76.311802,
            32.2531213
          ],
          [
            76.3117638,
            32.2532767
          ],
          [
            76.3117675,
            32.2533916
          ],
          [
            76.31172,
            32.2534713
          ],
          [
            76.3116953,
            32.253479
          ],
          [
            76.3116761,
            32.2535386
          ],
          [
            76.3116837,
            32.253555
          ],
          [
            76.3116938,
            32.2535949
          ],
          [
            76.3116652,
            32.2536113
          ],
          [
            76.3116677,
            32.2536377
          ],
          [
            76.3117073,
            32.2536406
          ],
          [
            76.3118094,
            32.2535899
          ],
          [
            76.3118852,
            32.2535953
          ],
          [
            76.3119265,
            32.2536174
          ],
          [
            76.3119687,
            32.2536288
          ],
          [
            76.3120573,
            32.2536281
          ],
          [
            76.3121249,
            32.2537073
          ],
          [
            76.3121848,
            32.2537251
          ],
          [
            76.3122911,
            32.2538007
          ],
          [
            76.3123594,
            32.2538143
          ],
          [
            76.3124183,
            32.2538442
          ],
          [
            76.3124933,
            32.2538399
          ],
          [
            76.3125271,
            32.2538221
          ],
          [
            76.3125802,
            32.2538243
          ],
          [
            76.3126306,
            32.253825
          ],
          [
            76.3126797,
            32.2538364
          ],
          [
            76.3127528,
            32.2538564
          ],
          [
            76.3127832,
            32.2538778
          ],
          [
            76.3128742,
            32.2540967
          ],
          [
            76.3129084,
            32.2543592
          ],
          [
            76.3128907,
            32.2545468
          ],
          [
            76.3129708,
            32.2546317
          ],
          [
            76.3130097,
            32.2547209
          ],
          [
            76.3130299,
            32.254753
          ],
          [
            76.3132643,
            32.2548749
          ],
          [
            76.3133242,
            32.2548721
          ],
          [
            76.3133587,
            32.2548778
          ],
          [
            76.3134616,
            32.2548521
          ],
          [
            76.3135591,
            32.254815
          ],
          [
            76.31364,
            32.2547045
          ],
          [
            76.3136949,
            32.2546567
          ],
          [
            76.3137353,
            32.2546374
          ],
          [
            76.3137843,
            32.2546239
          ],
          [
            76.3138234,
            32.2546223
          ],
          [
            76.3139044,
            32.2546665
          ],
          [
            76.3140199,
            32.2546629
          ],
          [
            76.3141557,
            32.2546822
          ],
          [
            76.3142207,
            32.2547115
          ],
          [
            76.3142899,
            32.2547013
          ],
          [
            76.3143447,
            32.2547405
          ],
          [
            76.3143886,
            32.2547393
          ],
          [
            76.3144113,
            32.254717
          ],
          [
            76.3145944,
            32.2546692
          ],
          [
            76.3146669,
            32.2546635
          ],
          [
            76.3147161,
            32.2546742
          ],
          [
            76.3148131,
            32.254672
          ],
          [
            76.3149914,
            32.2547391
          ],
          [
            76.3150243,
            32.2547355
          ],
          [
            76.3151019,
            32.2547719
          ],
          [
            76.3151264,
            32.2549567
          ],
          [
            76.3151576,
            32.2550563
          ],
          [
            76.3152234,
            32.2551619
          ],
          [
            76.3153676,
            32.2552426
          ],
          [
            76.315397,
            32.2552963
          ],
          [
            76.3154948,
            32.255369
          ],
          [
            76.3155227,
            32.2553519
          ],
          [
            76.315553,
            32.2553048
          ],
          [
            76.3156051,
            32.2553712
          ],
          [
            76.3157426,
            32.2554047
          ],
          [
            76.315848,
            32.2553876
          ],
          [
            76.3159088,
            32.2553947
          ],
          [
            76.3159408,
            32.2553797
          ],
          [
            76.316038,
            32.2553793
          ],
          [
            76.3160884,
            32.2553583
          ],
          [
            76.3161205,
            32.2553626
          ],
          [
            76.3161795,
            32.2553904
          ],
          [
            76.3162491,
            32.2553723
          ],
          [
            76.3163605,
            32.2553296
          ],
          [
            76.3164988,
            32.2553688
          ],
          [
            76.3166405,
            32.2553624
          ],
          [
            76.316706,
            32.2553502
          ],
          [
            76.3168106,
            32.2553645
          ],
          [
            76.3168899,
            32.2553602
          ],
          [
            76.3170486,
            32.2554125
          ],
          [
            76.3170992,
            32.2554475
          ],
          [
            76.317131,
            32.2554393
          ],
          [
            76.3172401,
            32.2554667
          ],
          [
            76.3173568,
            32.2554313
          ],
          [
            76.3174521,
            32.2554313
          ],
          [
            76.3176307,
            32.2555126
          ],
          [
            76.3176813,
            32.2555197
          ],
          [
            76.3177783,
            32.2554962
          ],
          [
            76.31785,
            32.2555098
          ],
          [
            76.317974,
            32.2555618
          ],
          [
            76.3180356,
            32.2556153
          ],
          [
            76.318179,
            32.2556902
          ],
          [
            76.318303,
            32.2557045
          ],
          [
            76.3183831,
            32.2556845
          ],
          [
            76.3184683,
            32.255686
          ],
          [
            76.3185054,
            32.2556334
          ],
          [
            76.3185636,
            32.2556698
          ],
          [
            76.3185805,
            32.255711
          ],
          [
            76.3185214,
            32.2558965
          ],
          [
            76.3185467,
            32.2559272
          ],
          [
            76.3185855,
            32.2559314
          ],
          [
            76.3186032,
            32.2560413
          ],
          [
            76.3185844,
            32.2561484
          ],
          [
            76.3185346,
            32.2562304
          ],
          [
            76.3185355,
            32.2563203
          ],
          [
            76.3184781,
            32.2564066
          ],
          [
            76.3184671,
            32.2564444
          ],
          [
            76.3184764,
            32.2565093
          ],
          [
            76.3184579,
            32.2565685
          ],
          [
            76.3184673,
            32.2566192
          ],
          [
            76.3184525,
            32.2567186
          ],
          [
            76.3184488,
            32.2567854
          ],
          [
            76.3184732,
            32.2568391
          ],
          [
            76.3184648,
            32.2569588
          ]
        ]
      },
      "id": "way/534553731"
    },
    {
      "type": "Feature",
      "properties": {
        "@id": "way/538909944",
        "highway": "unclassified",
        "lane_markings": "no",
        "smoothness": "good",
        "surface": "asphalt"
      },
      "geometry": {
        "type": "LineString",
        "coordinates": [
          [
            76.3240674,
            32.2399272
          ],
          [
            76.3238929,
            32.2402591
          ],
          [
            76.3238585,
            32.240547
          ],
          [
            76.3237771,
            32.2407026
          ],
          [
            76.3235635,
            32.2410824
          ],
          [
            76.3234246,
            32.2412737
          ],
          [
            76.3232659,
            32.2414836
          ],
          [
            76.3230722,
            32.2416233
          ],
          [
            76.3230542,
            32.2418035
          ],
          [
            76.3231475,
            32.2419712
          ],
          [
            76.3231668,
            32.2421983
          ],
          [
            76.323022,
            32.2426021
          ],
          [
            76.3230273,
            32.2428789
          ],
          [
            76.3229595,
            32.2431339
          ],
          [
            76.3228754,
            32.2434214
          ],
          [
            76.3228307,
            32.2435893
          ],
          [
            76.3229364,
            32.2438008
          ],
          [
            76.3231253,
            32.2439886
          ],
          [
            76.3231942,
            32.2442037
          ],
          [
            76.3232015,
            32.2443465
          ],
          [
            76.3229829,
            32.2446108
          ],
          [
            76.3227354,
            32.2449357
          ],
          [
            76.3226336,
            32.244963
          ],
          [
            76.3221709,
            32.2448689
          ],
          [
            76.3219617,
            32.244946
          ],
          [
            76.3215453,
            32.2454099
          ],
          [
            76.3213414,
            32.2455225
          ]
        ]
      },
      "id": "way/538909944"
    },
    {
      "type": "Feature",
      "properties": {
        "@id": "way/538909945",
        "foot": "designated",
        "highway": "service"
      },
      "geometry": {
        "type": "LineString",
        "coordinates": [
          [
            76.313999,
            32.2434848
          ],
          [
            76.3140917,
            32.2434991
          ],
          [
            76.3141663,
            32.2434365
          ],
          [
            76.3140295,
            32.2431486
          ],
          [
            76.3139715,
            32.2429834
          ],
          [
            76.3139939,
            32.2429235
          ],
          [
            76.3140321,
            32.2429041
          ],
          [
            76.3140989,
            32.2429504
          ],
          [
            76.3141509,
            32.2430221
          ],
          [
            76.3141941,
            32.2430978
          ],
          [
            76.3142543,
            32.2431827
          ],
          [
            76.3143072,
            32.2432594
          ],
          [
            76.3143816,
            32.2433668
          ]
        ]
      },
      "id": "way/538909945"
    },
    {
      "type": "Feature",
      "properties": {
        "@id": "way/538909946",
        "highway": "residential",
        "lane_markings": "no",
        "surface": "concrete"
      },
      "geometry": {
        "type": "LineString",
        "coordinates": [
          [
            76.315574,
            32.2437841
          ],
          [
            76.3158389,
            32.2437891
          ],
          [
            76.3160637,
            32.243647
          ],
          [
            76.3163074,
            32.2435809
          ],
          [
            76.3164311,
            32.2435765
          ]
        ]
      },
      "id": "way/538909946"
    },
    {
      "type": "Feature",
      "properties": {
        "@id": "way/538909947",
        "highway": "steps"
      },
      "geometry": {
        "type": "LineString",
        "coordinates": [
          [
            76.3128045,
            32.2438717
          ],
          [
            76.3130817,
            32.2438037
          ],
          [
            76.3133479,
            32.2437544
          ],
          [
            76.3135921,
            32.2436843
          ],
          [
            76.3137841,
            32.2436159
          ],
          [
            76.3138679,
            32.2436058
          ],
          [
            76.3139369,
            32.2435711
          ],
          [
            76.313999,
            32.2434848
          ]
        ]
      },
      "id": "way/538909947"
    },
    {
      "type": "Feature",
      "properties": {
        "@id": "way/538909948",
        "highway": "steps"
      },
      "geometry": {
        "type": "LineString",
        "coordinates": [
          [
            76.3138197,
            32.2441117
          ],
          [
            76.3138583,
            32.2441016
          ],
          [
            76.3139574,
            32.244132
          ],
          [
            76.3139967,
            32.2441629
          ],
          [
            76.3140586,
            32.244176
          ],
          [
            76.314126,
            32.2442057
          ],
          [
            76.3141352,
            32.2441664
          ],
          [
            76.3140916,
            32.2441243
          ],
          [
            76.3140515,
            32.2440595
          ],
          [
            76.3140758,
            32.243999
          ],
          [
            76.3139732,
            32.2439152
          ],
          [
            76.3139409,
            32.2438652
          ],
          [
            76.3139486,
            32.2438391
          ],
          [
            76.3140549,
            32.2438299
          ],
          [
            76.3139708,
            32.243792
          ],
          [
            76.3139849,
            32.2437408
          ],
          [
            76.3138679,
            32.2436058
          ]
        ]
      },
      "id": "way/538909948"
    },
    {
      "type": "Feature",
      "properties": {
        "@id": "way/538909949",
        "foot": "designated",
        "highway": "path",
        "sac_scale": "hiking",
        "surface": "ground",
        "trail_visibility": "excellent",
        "width": "1"
      },
      "geometry": {
        "type": "LineString",
        "coordinates": [
          [
            76.3140917,
            32.2434991
          ],
          [
            76.3142484,
            32.2435298
          ],
          [
            76.3144191,
            32.2435919
          ],
          [
            76.3144768,
            32.2435071
          ],
          [
            76.3145487,
            32.24346
          ],
          [
            76.3146522,
            32.2434818
          ],
          [
            76.3148393,
            32.2435693
          ],
          [
            76.3150147,
            32.2435908
          ],
          [
            76.315125,
            32.2435236
          ],
          [
            76.3151891,
            32.2434444
          ],
          [
            76.3153432,
            32.2435283
          ],
          [
            76.3154555,
            32.2436652
          ],
          [
            76.315574,
            32.2437841
          ]
        ]
      },
      "id": "way/538909949"
    },
    {
      "type": "Feature",
      "properties": {
        "@id": "way/589294592",
        "highway": "residential"
      },
      "geometry": {
        "type": "LineString",
        "coordinates": [
          [
            76.3305358,
            32.2441553
          ],
          [
            76.3306458,
            32.2441053
          ],
          [
            76.3308132,
            32.2440735
          ],
          [
            76.3309868,
            32.243985
          ],
          [
            76.3312439,
            32.2439311
          ],
          [
            76.3314875,
            32.243922
          ],
          [
            76.331751,
            32.2438637
          ],
          [
            76.3320705,
            32.2437242
          ],
          [
            76.3323653,
            32.2436562
          ],
          [
            76.3324957,
            32.2436127
          ],
          [
            76.332619,
            32.2435692
          ],
          [
            76.3327325,
            32.2434796
          ]
        ]
      },
      "id": "way/589294592"
    },
    {
      "type": "Feature",
      "properties": {
        "@id": "way/589294880",
        "bridge": "yes",
        "highway": "residential",
        "layer": "1",
        "maxweight:signed": "no"
      },
      "geometry": {
        "type": "LineString",
        "coordinates": [
          [
            76.3303153,
            32.2439887
          ],
          [
            76.3305358,
            32.2441553
          ]
        ]
      },
      "id": "way/589294880"
    },
    {
      "type": "Feature",
      "properties": {
        "@id": "way/589295099",
        "highway": "path"
      },
      "geometry": {
        "type": "LineString",
        "coordinates": [
          [
            76.3306743,
            32.243528
          ],
          [
            76.3306234,
            32.2436148
          ],
          [
            76.3304282,
            32.2438191
          ],
          [
            76.3303153,
            32.2439887
          ]
        ]
      },
      "id": "way/589295099"
    },
    {
      "type": "Feature",
      "properties": {
        "@id": "way/589295941",
        "highway": "living_street",
        "surface": "concrete"
      },
      "geometry": {
        "type": "LineString",
        "coordinates": [
          [
            76.3337313,
            32.2437767
          ],
          [
            76.3339556,
            32.2437276
          ],
          [
            76.3341073,
            32.2438205
          ],
          [
            76.3342373,
            32.24384
          ],
          [
            76.3343798,
            32.2438144
          ],
          [
            76.3345487,
            32.2438318
          ]
        ]
      },
      "id": "way/589295941"
    },
    {
      "type": "Feature",
      "properties": {
        "@id": "way/589296481",
        "highway": "footway",
        "surface": "concrete"
      },
      "geometry": {
        "type": "LineString",
        "coordinates": [
          [
            76.3322672,
            32.245814
          ],
          [
            76.3323889,
            32.245805
          ],
          [
            76.3325096,
            32.2459126
          ],
          [
            76.3328136,
            32.2458931
          ]
        ]
      },
      "id": "way/589296481"
    },
    {
      "type": "Feature",
      "properties": {
        "@id": "way/589296482",
        "highway": "footway"
      },
      "geometry": {
        "type": "LineString",
        "coordinates": [
          [
            76.3323782,
            32.2456312
          ],
          [
            76.3324528,
            32.2456618
          ],
          [
            76.3325558,
            32.2456762
          ],
          [
            76.3326602,
            32.2456865
          ],
          [
            76.3327819,
            32.2457176
          ],
          [
            76.3329138,
            32.2457095
          ],
          [
            76.3329818,
            32.2456739
          ],
          [
            76.3330225,
            32.2456613
          ],
          [
            76.3331569,
            32.2456739
          ]
        ]
      },
      "id": "way/589296482"
    },
    {
      "type": "Feature",
      "properties": {
        "@id": "way/589296649",
        "highway": "path"
      },
      "geometry": {
        "type": "LineString",
        "coordinates": [
          [
            76.3315316,
            32.245602
          ],
          [
            76.331449,
            32.2453908
          ]
        ]
      },
      "id": "way/589296649"
    },
    {
      "type": "Feature",
      "properties": {
        "@id": "way/589299931",
        "highway": "footway",
        "surface": "concrete"
      },
      "geometry": {
        "type": "LineString",
        "coordinates": [
          [
            76.3270001,
            32.2482576
          ],
          [
            76.3270615,
            32.2481987
          ],
          [
            76.327141,
            32.2482578
          ],
          [
            76.327201,
            32.2482988
          ],
          [
            76.3273199,
            32.248372
          ],
          [
            76.3274486,
            32.2484248
          ],
          [
            76.3276253,
            32.2484639
          ],
          [
            76.3279283,
            32.248542
          ],
          [
            76.3281723,
            32.2485771
          ],
          [
            76.3282133,
            32.2485849
          ],
          [
            76.328223,
            32.2485868
          ],
          [
            76.3282919,
            32.248616
          ],
          [
            76.3283187,
            32.2486305
          ],
          [
            76.3283696,
            32.2486005
          ],
          [
            76.3284652,
            32.2485341
          ]
        ]
      },
      "id": "way/589299931"
    },
    {
      "type": "Feature",
      "properties": {
        "@id": "way/589299932",
        "bridge": "yes",
        "highway": "footway",
        "layer": "1",
        "surface": "concrete"
      },
      "geometry": {
        "type": "LineString",
        "coordinates": [
          [
            76.3269644,
            32.2482149
          ],
          [
            76.3270001,
            32.2482576
          ]
        ]
      },
      "id": "way/589299932"
    },
    {
      "type": "Feature",
      "properties": {
        "@id": "way/590559145",
        "highway": "unclassified"
      },
      "geometry": {
        "type": "LineString",
        "coordinates": [
          [
            76.3094675,
            32.2493123
          ],
          [
            76.3093583,
            32.2492566
          ],
          [
            76.3092284,
            32.2492511
          ],
          [
            76.3090737,
            32.2492669
          ],
          [
            76.3090199,
            32.2492969
          ]
        ]
      },
      "id": "way/590559145"
    },
    {
      "type": "Feature",
      "properties": {
        "@id": "way/590559146",
        "bicycle": "no",
        "highway": "path"
      },
      "geometry": {
        "type": "LineString",
        "coordinates": [
          [
            76.3122401,
            32.2478755
          ],
          [
            76.3120637,
            32.2479364
          ],
          [
            76.3120615,
            32.2480275
          ],
          [
            76.3115358,
            32.2485977
          ],
          [
            76.3112192,
            32.2488011
          ],
          [
            76.3109209,
            32.2490081
          ],
          [
            76.310657,
            32.2491698
          ],
          [
            76.3104964,
            32.2493025
          ],
          [
            76.3103778,
            32.2493283
          ],
          [
            76.3102401,
            32.2492442
          ],
          [
            76.310156,
            32.2491828
          ],
          [
            76.3099726,
            32.249249
          ],
          [
            76.3097923,
            32.2492999
          ],
          [
            76.3094675,
            32.2493123
          ]
        ]
      },
      "id": "way/590559146"
    },
    {
      "type": "Feature",
      "properties": {
        "@id": "way/590559147",
        "highway": "unclassified",
        "surface": "unpaved"
      },
      "geometry": {
        "type": "LineString",
        "coordinates": [
          [
            76.3125445,
            32.2471796
          ],
          [
            76.3125875,
            32.2473676
          ],
          [
            76.3125463,
            32.2475655
          ],
          [
            76.3123245,
            32.2476529
          ],
          [
            76.3122401,
            32.2478755
          ]
        ]
      },
      "id": "way/590559147"
    },
    {
      "type": "Feature",
      "properties": {
        "@id": "way/590559148",
        "highway": "unclassified"
      },
      "geometry": {
        "type": "LineString",
        "coordinates": [
          [
            76.3126974,
            32.2455886
          ],
          [
            76.3126592,
            32.245811
          ],
          [
            76.3127096,
            32.2462038
          ],
          [
            76.3127896,
            32.2465628
          ],
          [
            76.312707,
            32.2467732
          ],
          [
            76.3125014,
            32.2469916
          ],
          [
            76.3125445,
            32.2471796
          ]
        ]
      },
      "id": "way/590559148"
    },
    {
      "type": "Feature",
      "properties": {
        "@id": "way/590559149",
        "highway": "path",
        "surface": "ground"
      },
      "geometry": {
        "type": "LineString",
        "coordinates": [
          [
            76.3242521,
            32.2462921
          ],
          [
            76.3244256,
            32.2460444
          ],
          [
            76.3246628,
            32.2458828
          ],
          [
            76.3247866,
            32.2454996
          ],
          [
            76.3252255,
            32.2450057
          ],
          [
            76.3253387,
            32.2448082
          ],
          [
            76.3253317,
            32.2445298
          ],
          [
            76.3252255,
            32.2442394
          ],
          [
            76.3250662,
            32.2440269
          ],
          [
            76.324999,
            32.2438892
          ],
          [
            76.3250096,
            32.2437515
          ],
          [
            76.3248857,
            32.243536
          ],
          [
            76.3248893,
            32.2434043
          ],
          [
            76.3250556,
            32.2429612
          ],
          [
            76.3252423,
            32.2427788
          ]
        ]
      },
      "id": "way/590559149"
    },
    {
      "type": "Feature",
      "properties": {
        "@id": "way/590565365",
        "highway": "service",
        "service": "driveway",
        "surface": "concrete"
      },
      "geometry": {
        "type": "LineString",
        "coordinates": [
          [
            76.3302245,
            32.2442837
          ],
          [
            76.3301752,
            32.2442228
          ],
          [
            76.3300544,
            32.2441483
          ],
          [
            76.3296567,
            32.2443905
          ],
          [
            76.3293778,
            32.2447385
          ],
          [
            76.3291939,
            32.2448242
          ]
        ]
      },
      "id": "way/590565365"
    },
    {
      "type": "Feature",
      "properties": {
        "@id": "way/590565367",
        "highway": "residential",
        "surface": "concrete"
      },
      "geometry": {
        "type": "LineString",
        "coordinates": [
          [
            76.3290017,
            32.2452289
          ],
          [
            76.3288854,
            32.2453326
          ],
          [
            76.3286552,
            32.2454902
          ],
          [
            76.3283742,
            32.2455537
          ]
        ]
      },
      "id": "way/590565367"
    },
    {
      "type": "Feature",
      "properties": {
        "@id": "way/590565369",
        "highway": "residential",
        "surface": "concrete"
      },
      "geometry": {
        "type": "LineString",
        "coordinates": [
          [
            76.3290017,
            32.2452289
          ],
          [
            76.3288973,
            32.2451151
          ],
          [
            76.3288437,
            32.2450033
          ],
          [
            76.3288032,
            32.2449505
          ],
          [
            76.3287561,
            32.2449658
          ],
          [
            76.3287222,
            32.2449769
          ],
          [
            76.3286323,
            32.2450453
          ],
          [
            76.3282879,
            32.2452942
          ],
          [
            76.3282212,
            32.2452955
          ],
          [
            76.3282107,
            32.24518
          ],
          [
            76.3282292,
            32.2450106
          ],
          [
            76.3282093,
            32.244952
          ],
          [
            76.3281584,
            32.2449305
          ],
          [
            76.3280949,
            32.244946
          ],
          [
            76.328031,
            32.2449951
          ],
          [
            76.3276992,
            32.2453244
          ],
          [
            76.3276233,
            32.2453853
          ],
          [
            76.3276052,
            32.2453897
          ],
          [
            76.3275576,
            32.2454012
          ],
          [
            76.32752,
            32.2453808
          ],
          [
            76.3275348,
            32.2451857
          ],
          [
            76.327567,
            32.2451018
          ],
          [
            76.3276448,
            32.2450118
          ],
          [
            76.327866,
            32.2447343
          ],
          [
            76.3281654,
            32.2442959
          ]
        ]
      },
      "id": "way/590565369"
    },
    {
      "type": "Feature",
      "properties": {
        "@id": "way/590565372",
        "highway": "service",
        "service": "driveway"
      },
      "geometry": {
        "type": "LineString",
        "coordinates": [
          [
            76.32752,
            32.2453808
          ],
          [
            76.3274705,
            32.2454655
          ],
          [
            76.3274347,
            32.2454704
          ],
          [
            76.3274236,
            32.2454467
          ],
          [
            76.3274435,
            32.245359
          ],
          [
            76.3274239,
            32.2452653
          ],
          [
            76.3273425,
            32.2454092
          ],
          [
            76.3272171,
            32.2454566
          ],
          [
            76.3269054,
            32.2455934
          ],
          [
            76.3267153,
            32.2457774
          ],
          [
            76.3266303,
            32.2459646
          ],
          [
            76.3265971,
            32.2461481
          ],
          [
            76.3266075,
            32.2463194
          ],
          [
            76.3266414,
            32.246494
          ]
        ]
      },
      "id": "way/590565372"
    },
    {
      "type": "Feature",
      "properties": {
        "@id": "way/590565373",
        "highway": "footway"
      },
      "geometry": {
        "type": "LineString",
        "coordinates": [
          [
            76.3266414,
            32.246494
          ],
          [
            76.326608,
            32.246697
          ]
        ]
      },
      "id": "way/590565373"
    },
    {
      "type": "Feature",
      "properties": {
        "@id": "way/590565375",
        "highway": "path",
        "surface": "concrete"
      },
      "geometry": {
        "type": "LineString",
        "coordinates": [
          [
            76.3283742,
            32.2455537
          ],
          [
            76.3281573,
            32.2457148
          ]
        ]
      },
      "id": "way/590565375"
    },
    {
      "type": "Feature",
      "properties": {
        "@id": "way/590565376",
        "highway": "steps"
      },
      "geometry": {
        "type": "LineString",
        "coordinates": [
          [
            76.3281573,
            32.2457148
          ],
          [
            76.3280607,
            32.2457305
          ],
          [
            76.3280388,
            32.245734
          ],
          [
            76.3278769,
            32.24572
          ],
          [
            76.3277859,
            32.2455775
          ],
          [
            76.3277023,
            32.2455693
          ]
        ]
      },
      "id": "way/590565376"
    },
    {
      "type": "Feature",
      "properties": {
        "@id": "way/590565378",
        "highway": "footway",
        "surface": "concrete"
      },
      "geometry": {
        "type": "LineString",
        "coordinates": [
          [
            76.3259502,
            32.2466964
          ],
          [
            76.3261407,
            32.2471697
          ],
          [
            76.3262401,
            32.2473556
          ],
          [
            76.3263294,
            32.2474103
          ],
          [
            76.3264535,
            32.2475359
          ],
          [
            76.3265349,
            32.2475726
          ],
          [
            76.3265903,
            32.247593
          ],
          [
            76.3266991,
            32.2476331
          ]
        ]
      },
      "id": "way/590565378"
    },
    {
      "type": "Feature",
      "properties": {
        "@id": "way/590565379",
        "cycleway:both": "no",
        "highway": "residential",
        "lane_markings": "no",
        "sidewalk": "no",
        "surface": "paving_stones"
      },
      "geometry": {
        "type": "LineString",
        "coordinates": [
          [
            76.3314339,
            32.2468173
          ],
          [
            76.3313892,
            32.2468121
          ],
          [
            76.3313417,
            32.2467952
          ],
          [
            76.3313262,
            32.2467497
          ],
          [
            76.3313267,
            32.246655
          ],
          [
            76.3313575,
            32.2465924
          ],
          [
            76.3312875,
            32.2465842
          ],
          [
            76.3311191,
            32.2466735
          ],
          [
            76.3309425,
            32.2467005
          ],
          [
            76.3307013,
            32.2468482
          ],
          [
            76.3306091,
            32.2468413
          ],
          [
            76.3304603,
            32.2467901
          ]
        ]
      },
      "id": "way/590565379"
    },
    {
      "type": "Feature",
      "properties": {
        "@id": "way/590565381",
        "bridge": "yes",
        "highway": "residential",
        "lane_markings": "no",
        "layer": "1",
        "maxweight:signed": "no",
        "surface": "concrete"
      },
      "geometry": {
        "type": "LineString",
        "coordinates": [
          [
            76.3314339,
            32.2468173
          ],
          [
            76.3314992,
            32.2468058
          ]
        ]
      },
      "id": "way/590565381"
    },
    {
      "type": "Feature",
      "properties": {
        "@id": "way/590565383",
        "cycleway:both": "no",
        "highway": "residential",
        "lane_markings": "no",
        "surface": "concrete"
      },
      "geometry": {
        "type": "LineString",
        "coordinates": [
          [
            76.3314992,
            32.2468058
          ],
          [
            76.3315674,
            32.2467476
          ],
          [
            76.3316862,
            32.2465189
          ],
          [
            76.3318506,
            32.2463626
          ]
        ]
      },
      "id": "way/590565383"
    },
    {
      "type": "Feature",
      "properties": {
        "@id": "way/593399257",
        "highway": "residential",
        "lane_markings": "no",
        "surface": "concrete"
      },
      "geometry": {
        "type": "LineString",
        "coordinates": [
          [
            76.3275335,
            32.2494893
          ],
          [
            76.3276488,
            32.2494221
          ],
          [
            76.3277932,
            32.2493989
          ],
          [
            76.3279428,
            32.2492767
          ],
          [
            76.3280168,
            32.2492881
          ],
          [
            76.3280551,
            32.2493633
          ],
          [
            76.3281064,
            32.2494781
          ],
          [
            76.3282053,
            32.2495889
          ],
          [
            76.3282794,
            32.249587
          ],
          [
            76.328377,
            32.2493822
          ],
          [
            76.3284294,
            32.2493722
          ],
          [
            76.3285364,
            32.2494444
          ],
          [
            76.3286846,
            32.2493305
          ],
          [
            76.3287822,
            32.2491819
          ],
          [
            76.3289031,
            32.2489763
          ]
        ]
      },
      "id": "way/593399257"
    },
    {
      "type": "Feature",
      "properties": {
        "@id": "way/593399259",
        "highway": "path"
      },
      "geometry": {
        "type": "LineString",
        "coordinates": [
          [
            76.3290554,
            32.2525157
          ],
          [
            76.329108,
            32.2525316
          ],
          [
            76.3292219,
            32.2525659
          ],
          [
            76.3291698,
            32.2527392
          ],
          [
            76.3290523,
            32.2528591
          ],
          [
            76.3293469,
            32.2529157
          ],
          [
            76.329363,
            32.25298
          ],
          [
            76.3292901,
            32.2530094
          ],
          [
            76.3290478,
            32.2531568
          ],
          [
            76.328834,
            32.2533336
          ],
          [
            76.3287095,
            32.2533798
          ]
        ]
      },
      "id": "way/593399259"
    },
    {
      "type": "Feature",
      "properties": {
        "@id": "way/593399260",
        "highway": "path"
      },
      "geometry": {
        "type": "LineString",
        "coordinates": [
          [
            76.3293469,
            32.2529157
          ],
          [
            76.3294533,
            32.2528876
          ],
          [
            76.329515,
            32.2529626
          ],
          [
            76.3297003,
            32.2529934
          ],
          [
            76.3297859,
            32.2529773
          ],
          [
            76.3299807,
            32.2530001
          ],
          [
            76.3301375,
            32.2528862
          ],
          [
            76.330197,
            32.2528776
          ]
        ]
      },
      "id": "way/593399260"
    },
    {
      "type": "Feature",
      "properties": {
        "@id": "way/593399262",
        "highway": "unclassified",
        "lane_markings": "no",
        "surface": "concrete"
      },
      "geometry": {
        "type": "LineString",
        "coordinates": [
          [
            76.3295924,
            32.2510378
          ],
          [
            76.3297502,
            32.250996
          ],
          [
            76.3298711,
            32.2509603
          ],
          [
            76.330154,
            32.2509069
          ],
          [
            76.3302455,
            32.2508542
          ],
          [
            76.3303519,
            32.2508052
          ],
          [
            76.3303969,
            32.2508061
          ],
          [
            76.3304404,
            32.2508363
          ],
          [
            76.3304888,
            32.2509394
          ],
          [
            76.3305856,
            32.2510156
          ],
          [
            76.3306284,
            32.2510221
          ]
        ]
      },
      "id": "way/593399262"
    },
    {
      "type": "Feature",
      "properties": {
        "@id": "way/593399263",
        "highway": "residential",
        "lane_markings": "no",
        "surface": "concrete"
      },
      "geometry": {
        "type": "LineString",
        "coordinates": [
          [
            76.3287822,
            32.2491819
          ],
          [
            76.3288523,
            32.2492253
          ],
          [
            76.3292485,
            32.2493445
          ],
          [
            76.3292886,
            32.2494376
          ],
          [
            76.3294539,
            32.2494565
          ],
          [
            76.3296312,
            32.2494211
          ],
          [
            76.3298409,
            32.2493661
          ],
          [
            76.3299853,
            32.2492723
          ],
          [
            76.3300454,
            32.2492478
          ]
        ]
      },
      "id": "way/593399263"
    },
    {
      "type": "Feature",
      "properties": {
        "@id": "way/593401013",
        "cycleway:both": "no",
        "highway": "residential",
        "lane_markings": "no",
        "sidewalk": "no",
        "surface": "concrete"
      },
      "geometry": {
        "type": "LineString",
        "coordinates": [
          [
            76.332122,
            32.2479955
          ],
          [
            76.3319431,
            32.2479359
          ],
          [
            76.3319187,
            32.2479277
          ],
          [
            76.3318158,
            32.2479072
          ],
          [
            76.3316678,
            32.2479449
          ],
          [
            76.3315747,
            32.2479827
          ],
          [
            76.3314211,
            32.2480325
          ]
        ]
      },
      "id": "way/593401013"
    },
    {
      "type": "Feature",
      "properties": {
        "@id": "way/596429266",
        "bicycle": "no",
        "foot": "yes",
        "highway": "living_street",
        "horse": "yes",
        "layer": "0",
        "name": "Dharamkot Guna Temple Trail",
        "oneway": "no",
        "ski": "no",
        "snowmobile": "no",
        "surface": "paving_stones",
        "width": "2"
      },
      "geometry": {
        "type": "LineString",
        "coordinates": [
          [
            76.3075353,
            32.2500092
          ],
          [
            76.3075519,
            32.2501322
          ],
          [
            76.3076265,
            32.250375
          ],
          [
            76.3076609,
            32.2504789
          ],
          [
            76.3076916,
            32.2505876
          ],
          [
            76.3078838,
            32.2506038
          ],
          [
            76.3081301,
            32.250639
          ],
          [
            76.3082353,
            32.2506834
          ]
        ]
      },
      "id": "way/596429266"
    },
    {
      "type": "Feature",
      "properties": {
        "@id": "way/596429267",
        "bicycle": "no",
        "foot": "yes",
        "highway": "footway",
        "horse": "yes",
        "layer": "0",
        "name": "Dharamkot Guna Temple Trail",
        "ski": "no",
        "snowmobile": "no",
        "surface": "concrete",
        "width": "2"
      },
      "geometry": {
        "type": "LineString",
        "coordinates": [
          [
            76.3085005,
            32.2508546
          ],
          [
            76.3085981,
            32.2509398
          ],
          [
            76.3087256,
            32.2511928
          ],
          [
            76.3087301,
            32.2514323
          ],
          [
            76.3087383,
            32.2516186
          ],
          [
            76.3087412,
            32.2517309
          ]
        ]
      },
      "id": "way/596429267"
    },
    {
      "type": "Feature",
      "properties": {
        "@id": "way/601754825",
        "handrail": "no",
        "highway": "steps",
        "incline": "down",
        "ramp": "no",
        "surface": "concrete"
      },
      "geometry": {
        "type": "LineString",
        "coordinates": [
          [
            76.3249102,
            32.2399765
          ],
          [
            76.3250107,
            32.2399043
          ],
          [
            76.3249986,
            32.2398359
          ],
          [
            76.3250511,
            32.239863
          ],
          [
            76.3252457,
            32.2395241
          ]
        ]
      },
      "id": "way/601754825"
    },
    {
      "type": "Feature",
      "properties": {
        "@id": "way/601754826",
        "highway": "residential",
        "lane_markings": "no",
        "surface": "concrete"
      },
      "geometry": {
        "type": "LineString",
        "coordinates": [
          [
            76.3253752,
            32.2469489
          ],
          [
            76.3253934,
            32.247042
          ],
          [
            76.3253723,
            32.2474245
          ],
          [
            76.3254777,
            32.2476514
          ],
          [
            76.3254938,
            32.2476633
          ],
          [
            76.3256574,
            32.2478184
          ]
        ]
      },
      "id": "way/601754826"
    },
    {
      "type": "Feature",
      "properties": {
        "@id": "way/601754827",
        "highway": "steps",
        "surface": "paving_stones"
      },
      "geometry": {
        "type": "LineString",
        "coordinates": [
          [
            76.3256574,
            32.2478184
          ],
          [
            76.3257964,
            32.247778
          ],
          [
            76.3259386,
            32.2477144
          ],
          [
            76.3262795,
            32.2475459
          ],
          [
            76.3263817,
            32.2475807
          ],
          [
            76.3264535,
            32.2475359
          ]
        ]
      },
      "id": "way/601754827"
    },
    {
      "type": "Feature",
      "properties": {
        "@id": "way/625725453",
        "highway": "primary",
        "lane_markings": "no",
        "maxspeed": "30",
        "name": "Dharamshala Cantt McLeoadganj Road",
        "oneway": "no",
        "ref": "NH503",
        "ref:old": "MDR44",
        "width": "4"
      },
      "geometry": {
        "type": "LineString",
        "coordinates": [
          [
            76.3182863,
            32.2344195
          ],
          [
            76.3177499,
            32.2345003
          ],
          [
            76.317652,
            32.2344781
          ],
          [
            76.3175882,
            32.2344252
          ],
          [
            76.3175526,
            32.2343435
          ],
          [
            76.3174865,
            32.2341027
          ],
          [
            76.3172883,
            32.2337931
          ],
          [
            76.3171052,
            32.233535
          ],
          [
            76.3168815,
            32.2333587
          ],
          [
            76.3166477,
            32.2333028
          ],
          [
            76.3164291,
            32.2333544
          ],
          [
            76.3161901,
            32.2334705
          ],
          [
            76.3160986,
            32.2334619
          ],
          [
            76.3160376,
            32.2334103
          ],
          [
            76.3160427,
            32.2333157
          ],
          [
            76.3160275,
            32.233234
          ],
          [
            76.3159156,
            32.233105
          ],
          [
            76.3153818,
            32.2326578
          ],
          [
            76.3152242,
            32.2325804
          ],
          [
            76.3149802,
            32.2325417
          ],
          [
            76.3148277,
            32.2325245
          ],
          [
            76.3146396,
            32.2324427
          ],
          [
            76.3143193,
            32.2322191
          ],
          [
            76.3141261,
            32.2321374
          ],
          [
            76.3138871,
            32.2319955
          ],
          [
            76.3136431,
            32.2317633
          ],
          [
            76.3134143,
            32.2315053
          ],
          [
            76.3131856,
            32.2313504
          ],
          [
            76.3128351,
            32.2312004
          ],
          [
            76.3126428,
            32.2310196
          ],
          [
            76.3121942,
            32.2307699
          ],
          [
            76.3117621,
            32.230486
          ],
          [
            76.3112995,
            32.2301506
          ],
          [
            76.3108576,
            32.2299687
          ],
          [
            76.310192,
            32.2297406
          ],
          [
            76.3099522,
            32.229613
          ],
          [
            76.3097285,
            32.2296474
          ],
          [
            76.3095541,
            32.2296726
          ],
          [
            76.3093685,
            32.2296276
          ],
          [
            76.3091568,
            32.2294659
          ],
          [
            76.3089325,
            32.2293238
          ],
          [
            76.3087859,
            32.2292783
          ],
          [
            76.3085216,
            32.2292826
          ],
          [
            76.3081766,
            32.2293314
          ],
          [
            76.3079514,
            32.229351
          ],
          [
            76.3076186,
            32.2294518
          ],
          [
            76.3073775,
            32.2295366
          ],
          [
            76.3072171,
            32.2294195
          ],
          [
            76.3070748,
            32.2293077
          ],
          [
            76.3070493,
            32.2291959
          ],
          [
            76.3070849,
            32.2290583
          ],
          [
            76.3070646,
            32.2289594
          ],
          [
            76.3069985,
            32.2289207
          ],
          [
            76.3069183,
            32.2289496
          ],
          [
            76.3068351,
            32.2290783
          ],
          [
            76.3068066,
            32.2292216
          ],
          [
            76.306546,
            32.2292862
          ],
          [
            76.3063681,
            32.229312
          ],
          [
            76.3059404,
            32.2293359
          ],
          [
            76.3056697,
            32.2293447
          ],
          [
            76.3055083,
            32.2293293
          ],
          [
            76.3053885,
            32.2292853
          ],
          [
            76.3052922,
            32.229228
          ],
          [
            76.3052194,
            32.2292038
          ],
          [
            76.3051725,
            32.229217
          ],
          [
            76.3051543,
            32.229261
          ],
          [
            76.3051855,
            32.2293051
          ],
          [
            76.3052818,
            32.2293601
          ],
          [
            76.3053547,
            32.2293844
          ],
          [
            76.3054406,
            32.2294394
          ],
          [
            76.3057998,
            32.2295913
          ],
          [
            76.3062475,
            32.2297146
          ],
          [
            76.3064531,
            32.2297367
          ],
          [
            76.3065729,
            32.2297543
          ],
          [
            76.3066458,
            32.2297939
          ],
          [
            76.30669,
            32.2298489
          ],
          [
            76.30669,
            32.2299062
          ],
          [
            76.3065664,
            32.2301418
          ],
          [
            76.3064648,
            32.2303268
          ],
          [
            76.306349,
            32.230428
          ],
          [
            76.3063018,
            32.2305605
          ],
          [
            76.306349,
            32.2306273
          ],
          [
            76.3064662,
            32.230679
          ],
          [
            76.3066003,
            32.2305668
          ],
          [
            76.3070037,
            32.2304676
          ],
          [
            76.3071117,
            32.2304973
          ],
          [
            76.3071351,
            32.2307143
          ],
          [
            76.3071491,
            32.2307506
          ],
          [
            76.307169,
            32.2308024
          ],
          [
            76.3072158,
            32.230842
          ],
          [
            76.3073147,
            32.2308552
          ],
          [
            76.3074943,
            32.2308376
          ],
          [
            76.3076401,
            32.2307935
          ],
          [
            76.3077546,
            32.2307913
          ],
          [
            76.3080201,
            32.2308288
          ],
          [
            76.3081997,
            32.2308706
          ],
          [
            76.3083715,
            32.2309411
          ],
          [
            76.3084626,
            32.2310335
          ],
          [
            76.3085589,
            32.2311128
          ],
          [
            76.3086995,
            32.2311613
          ],
          [
            76.3088791,
            32.2311767
          ],
          [
            76.3092513,
            32.2310908
          ],
          [
            76.3094361,
            32.2310864
          ],
          [
            76.3096363,
            32.2310547
          ],
          [
            76.3098088,
            32.2310227
          ],
          [
            76.309933,
            32.2309946
          ],
          [
            76.3100681,
            32.2310089
          ],
          [
            76.3102229,
            32.2310051
          ],
          [
            76.3104061,
            32.2310936
          ],
          [
            76.3104808,
            32.2312074
          ],
          [
            76.3105241,
            32.2313022
          ],
          [
            76.3106309,
            32.2314519
          ],
          [
            76.3106517,
            32.2315466
          ],
          [
            76.3106257,
            32.2315708
          ],
          [
            76.3105866,
            32.2315664
          ],
          [
            76.3105814,
            32.2315113
          ],
          [
            76.3105286,
            32.2314842
          ],
          [
            76.3104709,
            32.2314413
          ],
          [
            76.310376,
            32.2313692
          ],
          [
            76.3102193,
            32.2312438
          ],
          [
            76.3100869,
            32.2311767
          ],
          [
            76.3099541,
            32.2311855
          ],
          [
            76.3097693,
            32.2312317
          ],
          [
            76.3096834,
            32.2312912
          ],
          [
            76.3095715,
            32.2314079
          ],
          [
            76.3094257,
            32.2315268
          ],
          [
            76.3093372,
            32.2315906
          ],
          [
            76.3092357,
            32.2316104
          ],
          [
            76.3091003,
            32.2316302
          ],
          [
            76.3088333,
            32.2317894
          ],
          [
            76.3085675,
            32.2319008
          ],
          [
            76.3082349,
            32.2319098
          ],
          [
            76.3078153,
            32.2317449
          ],
          [
            76.3076917,
            32.2316554
          ],
          [
            76.30752,
            32.2317018
          ],
          [
            76.3073008,
            32.2318721
          ],
          [
            76.3070042,
            32.2321837
          ],
          [
            76.3067441,
            32.2324461
          ],
          [
            76.3062739,
            32.2327296
          ],
          [
            76.3057136,
            32.2328861
          ],
          [
            76.3049683,
            32.2329665
          ],
          [
            76.304709,
            32.2330775
          ],
          [
            76.3046206,
            32.2332271
          ],
          [
            76.304656,
            32.2334635
          ],
          [
            76.3048965,
            32.2341187
          ],
          [
            76.3051123,
            32.234756
          ],
          [
            76.3052113,
            32.2348518
          ],
          [
            76.305519,
            32.2350702
          ],
          [
            76.3056004,
            32.2350702
          ],
          [
            76.3056075,
            32.2350134
          ],
          [
            76.3053846,
            32.2346872
          ],
          [
            76.3053033,
            32.2344688
          ],
          [
            76.3053705,
            32.2341547
          ],
          [
            76.305535,
            32.2336532
          ],
          [
            76.3058251,
            32.2334839
          ],
          [
            76.3062008,
            32.2333604
          ],
          [
            76.3073135,
            32.2333056
          ],
          [
            76.3079684,
            32.2332213
          ],
          [
            76.3086777,
            32.2329893
          ],
          [
            76.3088806,
            32.2329637
          ],
          [
            76.3089994,
            32.2331037
          ],
          [
            76.3090075,
            32.2332485
          ],
          [
            76.3089886,
            32.2335056
          ],
          [
            76.3085676,
            32.2338596
          ],
          [
            76.308498,
            32.2341259
          ],
          [
            76.308449,
            32.2343666
          ],
          [
            76.3085503,
            32.2346608
          ],
          [
            76.3087641,
            32.2348028
          ],
          [
            76.3092333,
            32.2351091
          ],
          [
            76.3094875,
            32.2351355
          ],
          [
            76.3096906,
            32.2351312
          ],
          [
            76.3101841,
            32.2348984
          ],
          [
            76.3104172,
            32.2347185
          ],
          [
            76.3106168,
            32.2346743
          ],
          [
            76.3106973,
            32.2347053
          ],
          [
            76.3108264,
            32.2348704
          ],
          [
            76.3107315,
            32.2353871
          ],
          [
            76.3104989,
            32.2355576
          ],
          [
            76.3103923,
            32.235732
          ],
          [
            76.3102893,
            32.2360083
          ],
          [
            76.3103734,
            32.2361663
          ],
          [
            76.3106235,
            32.2364082
          ],
          [
            76.3109111,
            32.2366757
          ],
          [
            76.3110961,
            32.2367499
          ],
          [
            76.3113319,
            32.2367862
          ],
          [
            76.312047,
            32.2369406
          ],
          [
            76.3123383,
            32.2371472
          ],
          [
            76.3127254,
            32.2375966
          ],
          [
            76.3130914,
            32.237943
          ],
          [
            76.3131833,
            32.2380575
          ],
          [
            76.3132335,
            32.2381864
          ],
          [
            76.313249,
            32.2382501
          ],
          [
            76.3132522,
            32.2383126
          ],
          [
            76.3132524,
            32.2383893
          ],
          [
            76.3132411,
            32.2384379
          ],
          [
            76.313222,
            32.2384995
          ],
          [
            76.3132023,
            32.2385648
          ],
          [
            76.3131734,
            32.2386301
          ],
          [
            76.313108,
            32.2387138
          ],
          [
            76.3130386,
            32.2387899
          ],
          [
            76.3130057,
            32.2388321
          ],
          [
            76.3129305,
            32.2390742
          ],
          [
            76.3129093,
            32.2392417
          ],
          [
            76.3129341,
            32.2394272
          ],
          [
            76.3130149,
            32.2396497
          ],
          [
            76.3137478,
            32.2403344
          ],
          [
            76.3139709,
            32.2405826
          ],
          [
            76.3140553,
            32.240615
          ],
          [
            76.3143074,
            32.2406599
          ],
          [
            76.3145984,
            32.2405964
          ]
        ]
      },
      "id": "way/625725453"
    },
    {
      "type": "Feature",
      "properties": {
        "@id": "way/634537022",
        "highway": "service"
      },
      "geometry": {
        "type": "LineString",
        "coordinates": [
          [
            76.3140321,
            32.2429041
          ],
          [
            76.3142753,
            32.2425428
          ],
          [
            76.3139534,
            32.2422751
          ],
          [
            76.3136235,
            32.2421549
          ],
          [
            76.3134062,
            32.2423205
          ],
          [
            76.3131782,
            32.2423817
          ],
          [
            76.3128591,
            32.2422434
          ],
          [
            76.3128188,
            32.2423046
          ],
          [
            76.312843,
            32.2423335
          ],
          [
            76.3129503,
            32.2424634
          ],
          [
            76.3129288,
            32.2425315
          ],
          [
            76.3127415,
            32.2425422
          ]
        ]
      },
      "id": "way/634537022"
    },
    {
      "type": "Feature",
      "properties": {
        "@id": "way/636906535",
        "bicycle": "yes",
        "foot": "yes",
        "highway": "path",
        "sac_scale": "hiking",
        "smoothness": "bad",
        "surface": "dirt",
        "trail_visibility": "excellent"
      },
      "geometry": {
        "type": "LineString",
        "coordinates": [
          [
            76.3257475,
            32.2544687
          ],
          [
            76.3256636,
            32.2544349
          ],
          [
            76.325726,
            32.2543274
          ],
          [
            76.3257743,
            32.2542548
          ],
          [
            76.3257474,
            32.2541187
          ],
          [
            76.3256455,
            32.2540348
          ],
          [
            76.3253666,
            32.2539327
          ],
          [
            76.3251261,
            32.253783
          ],
          [
            76.3249598,
            32.2536152
          ],
          [
            76.3248418,
            32.253411
          ],
          [
            76.3246916,
            32.2532749
          ],
          [
            76.3243751,
            32.2532114
          ],
          [
            76.3242485,
            32.2531251
          ],
          [
            76.3241819,
            32.2530798
          ],
          [
            76.3239459,
            32.2530163
          ],
          [
            76.3236723,
            32.2530572
          ],
          [
            76.3234328,
            32.2531949
          ],
          [
            76.3233826,
            32.2532159
          ],
          [
            76.3232324,
            32.2532613
          ],
          [
            76.3229535,
            32.2531479
          ],
          [
            76.3228569,
            32.252971
          ],
          [
            76.3226155,
            32.2529437
          ],
          [
            76.3224439,
            32.2528802
          ],
          [
            76.322299,
            32.2527759
          ],
          [
            76.3220469,
            32.2527577
          ],
          [
            76.3217036,
            32.252726
          ],
          [
            76.3215158,
            32.2527487
          ],
          [
            76.3212905,
            32.2527849
          ],
          [
            76.3211242,
            32.2527623
          ],
          [
            76.3209915,
            32.2527506
          ]
        ]
      },
      "id": "way/636906535"
    },
    {
      "type": "Feature",
      "properties": {
        "@id": "way/636906538",
        "highway": "path",
        "sac_scale": "hiking",
        "surface": "dirt",
        "trail_visibility": "excellent"
      },
      "geometry": {
        "type": "LineString",
        "coordinates": [
          [
            76.3191769,
            32.2520273
          ],
          [
            76.3187961,
            32.251991
          ],
          [
            76.3184313,
            32.2520908
          ],
          [
            76.3181148,
            32.2521362
          ],
          [
            76.317927,
            32.2520681
          ],
          [
            76.3177232,
            32.2518549
          ],
          [
            76.3176964,
            32.2516825
          ],
          [
            76.3175354,
            32.2514421
          ],
          [
            76.3172726,
            32.2511744
          ],
          [
            76.3170491,
            32.2509113
          ],
          [
            76.3168774,
            32.2506391
          ],
          [
            76.316577,
            32.2503124
          ],
          [
            76.3162444,
            32.2500584
          ],
          [
            76.3159333,
            32.2500584
          ],
          [
            76.3157616,
            32.250258
          ],
          [
            76.3155958,
            32.2504536
          ],
          [
            76.3155256,
            32.2504485
          ],
          [
            76.3155256,
            32.2502126
          ],
          [
            76.3154907,
            32.2499818
          ],
          [
            76.3154509,
            32.2498653
          ],
          [
            76.3152236,
            32.2498516
          ],
          [
            76.3150073,
            32.2499696
          ],
          [
            76.3148074,
            32.250104
          ],
          [
            76.314566,
            32.2501993
          ],
          [
            76.3143407,
            32.2502492
          ],
          [
            76.3141905,
            32.2502265
          ],
          [
            76.3140617,
            32.2501403
          ],
          [
            76.3138042,
            32.2498998
          ],
          [
            76.3136218,
            32.2496276
          ],
          [
            76.3137077,
            32.2494371
          ],
          [
            76.3139598,
            32.2491739
          ],
          [
            76.3141637,
            32.2489471
          ],
          [
            76.3142441,
            32.248811
          ],
          [
            76.3143693,
            32.2484979
          ],
          [
            76.314541,
            32.2478809
          ],
          [
            76.3145195,
            32.2475996
          ],
          [
            76.3144739,
            32.24728
          ],
          [
            76.3144498,
            32.2471393
          ],
          [
            76.3143827,
            32.2470304
          ],
          [
            76.3142969,
            32.246858
          ],
          [
            76.3142433,
            32.246747
          ]
        ]
      },
      "id": "way/636906538"
    },
    {
      "type": "Feature",
      "properties": {
        "@id": "way/637456300",
        "highway": "footway",
        "smoothness": "excellent",
        "surface": "paving_stones"
      },
      "geometry": {
        "type": "LineString",
        "coordinates": [
          [
            76.3180461,
            32.2425363
          ],
          [
            76.3181136,
            32.2426051
          ],
          [
            76.3181994,
            32.242655
          ],
          [
            76.3182745,
            32.2427004
          ],
          [
            76.3183443,
            32.2427412
          ],
          [
            76.3184086,
            32.2428047
          ],
          [
            76.3184515,
            32.2428773
          ],
          [
            76.318473,
            32.242959
          ],
          [
            76.3184676,
            32.2431178
          ],
          [
            76.3184676,
            32.2431813
          ],
          [
            76.3184407,
            32.243279
          ],
          [
            76.3184295,
            32.2433183
          ]
        ]
      },
      "id": "way/637456300"
    },
    {
      "type": "Feature",
      "properties": {
        "@id": "way/637456301",
        "highway": "unclassified",
        "lane_markings": "no",
        "surface": "concrete"
      },
      "geometry": {
        "type": "LineString",
        "coordinates": [
          [
            76.3184934,
            32.2433508
          ],
          [
            76.3186178,
            32.2434717
          ],
          [
            76.318768,
            32.2435443
          ],
          [
            76.3189612,
            32.2435579
          ],
          [
            76.3191865,
            32.243576
          ],
          [
            76.3193581,
            32.2435851
          ],
          [
            76.3195673,
            32.2436033
          ],
          [
            76.319739,
            32.2436033
          ],
          [
            76.3198785,
            32.2436214
          ],
          [
            76.3199911,
            32.2437122
          ],
          [
            76.3200984,
            32.2438347
          ],
          [
            76.3202057,
            32.2439254
          ],
          [
            76.320313,
            32.2439481
          ],
          [
            76.3204525,
            32.2439798
          ],
          [
            76.3206134,
            32.2440071
          ],
          [
            76.3206295,
            32.2441296
          ],
          [
            76.3205437,
            32.2442611
          ],
          [
            76.3205383,
            32.2442748
          ],
          [
            76.3204739,
            32.2443882
          ],
          [
            76.3204257,
            32.2445334
          ],
          [
            76.3203827,
            32.2446423
          ],
          [
            76.3203774,
            32.2447784
          ],
          [
            76.3203666,
            32.24486
          ],
          [
            76.3203666,
            32.2449417
          ],
          [
            76.320431,
            32.2450098
          ],
          [
            76.3205544,
            32.245155
          ],
          [
            76.3206831,
            32.2452094
          ],
          [
            76.3207529,
            32.2452865
          ],
          [
            76.3208381,
            32.2454723
          ]
        ]
      },
      "id": "way/637456301"
    },
    {
      "type": "Feature",
      "properties": {
        "@id": "way/688431735",
        "highway": "track",
        "surface": "ground",
        "tracktype": "grade3"
      },
      "geometry": {
        "type": "LineString",
        "coordinates": [
          [
            76.3300454,
            32.2492478
          ],
          [
            76.3302174,
            32.2491192
          ],
          [
            76.3302783,
            32.2490248
          ],
          [
            76.3303702,
            32.249003
          ],
          [
            76.3305451,
            32.2490267
          ],
          [
            76.3306149,
            32.2489478
          ],
          [
            76.3306788,
            32.248804
          ],
          [
            76.3309274,
            32.248756
          ],
          [
            76.3308985,
            32.2486307
          ],
          [
            76.3308302,
            32.2485898
          ],
          [
            76.3307648,
            32.2484739
          ],
          [
            76.3308251,
            32.2484109
          ],
          [
            76.3309458,
            32.2483967
          ],
          [
            76.3310094,
            32.2484293
          ]
        ]
      },
      "id": "way/688431735"
    },
    {
      "type": "Feature",
      "properties": {
        "@id": "way/689305875",
        "highway": "steps"
      },
      "geometry": {
        "type": "LineString",
        "coordinates": [
          [
            76.314083,
            32.2457129
          ],
          [
            76.3140681,
            32.2457416
          ],
          [
            76.3140053,
            32.2457954
          ],
          [
            76.3139968,
            32.2458118
          ],
          [
            76.3139968,
            32.2458413
          ]
        ]
      },
      "id": "way/689305875"
    },
    {
      "type": "Feature",
      "properties": {
        "@id": "way/689307011",
        "highway": "steps"
      },
      "geometry": {
        "type": "LineString",
        "coordinates": [
          [
            76.3275055,
            32.2392037
          ],
          [
            76.3277632,
            32.239295
          ],
          [
            76.3277989,
            32.2393687
          ],
          [
            76.3279016,
            32.2394061
          ],
          [
            76.3278788,
            32.2395389
          ],
          [
            76.3280529,
            32.2396765
          ],
          [
            76.3280572,
            32.2397405
          ],
          [
            76.3279387,
            32.2397696
          ]
        ]
      },
      "id": "way/689307011"
    },
    {
      "type": "Feature",
      "properties": {
        "@id": "way/689307012",
        "highway": "steps"
      },
      "geometry": {
        "type": "LineString",
        "coordinates": [
          [
            76.326233,
            32.2395001
          ],
          [
            76.3262547,
            32.2394906
          ],
          [
            76.3262846,
            32.2395473
          ],
          [
            76.3263219,
            32.2395461
          ]
        ]
      },
      "id": "way/689307012"
    },
    {
      "type": "Feature",
      "properties": {
        "@id": "way/689307013",
        "highway": "steps"
      },
      "geometry": {
        "type": "LineString",
        "coordinates": [
          [
            76.3262472,
            32.2398193
          ],
          [
            76.3260892,
            32.2398665
          ]
        ]
      },
      "id": "way/689307013"
    },
    {
      "type": "Feature",
      "properties": {
        "@id": "way/692691280",
        "highway": "footway"
      },
      "geometry": {
        "type": "LineString",
        "coordinates": [
          [
            76.309889,
            32.2467662
          ],
          [
            76.3098787,
            32.2466915
          ]
        ]
      },
      "id": "way/692691280"
    },
    {
      "type": "Feature",
      "properties": {
        "@id": "way/692691281",
        "handrail:right": "yes",
        "highway": "footway"
      },
      "geometry": {
        "type": "LineString",
        "coordinates": [
          [
            76.3098569,
            32.2469089
          ],
          [
            76.3098901,
            32.2468379
          ]
        ]
      },
      "id": "way/692691281"
    },
    {
      "type": "Feature",
      "properties": {
        "@id": "way/692691282",
        "highway": "service",
        "smoothness": "bad",
        "surface": "concrete"
      },
      "geometry": {
        "type": "LineString",
        "coordinates": [
          [
            76.3094586,
            32.2473097
          ],
          [
            76.3093696,
            32.2474247
          ],
          [
            76.3092573,
            32.2475168
          ],
          [
            76.3092194,
            32.2475521
          ],
          [
            76.3091999,
            32.2475954
          ],
          [
            76.309196,
            32.247616
          ],
          [
            76.3091985,
            32.2476366
          ],
          [
            76.3092255,
            32.247679
          ],
          [
            76.309271,
            32.2477271
          ]
        ]
      },
      "id": "way/692691282"
    },
    {
      "type": "Feature",
      "properties": {
        "@id": "way/692691283",
        "handrail:right": "yes",
        "highway": "steps",
        "incline": "down"
      },
      "geometry": {
        "type": "LineString",
        "coordinates": [
          [
            76.3098901,
            32.2468379
          ],
          [
            76.309889,
            32.2467662
          ]
        ]
      },
      "id": "way/692691283"
    },
    {
      "type": "Feature",
      "properties": {
        "@id": "way/692691284",
        "highway": "footway",
        "lit": "no",
        "surface": "sett"
      },
      "geometry": {
        "type": "LineString",
        "coordinates": [
          [
            76.3102392,
            32.2478251
          ],
          [
            76.3103063,
            32.2477911
          ],
          [
            76.3104107,
            32.2477134
          ],
          [
            76.3105241,
            32.2476737
          ],
          [
            76.3107103,
            32.2476207
          ],
          [
            76.3108756,
            32.2475393
          ],
          [
            76.3111673,
            32.2473799
          ],
          [
            76.3113755,
            32.2472354
          ],
          [
            76.3114634,
            32.2470212
          ],
          [
            76.3118237,
            32.2466648
          ],
          [
            76.3118137,
            32.2466047
          ],
          [
            76.311703,
            32.2465565
          ],
          [
            76.3116635,
            32.246468
          ],
          [
            76.3115421,
            32.2464408
          ],
          [
            76.3113382,
            32.2464186
          ]
        ]
      },
      "id": "way/692691284"
    },
    {
      "type": "Feature",
      "properties": {
        "@id": "way/692691285",
        "highway": "footway",
        "lit": "no",
        "surface": "concrete"
      },
      "geometry": {
        "type": "LineString",
        "coordinates": [
          [
            76.3100622,
            32.2479147
          ],
          [
            76.3102392,
            32.2478251
          ]
        ]
      },
      "id": "way/692691285"
    },
    {
      "type": "Feature",
      "properties": {
        "@id": "way/692691286",
        "handrail:right": "yes",
        "highway": "footway"
      },
      "geometry": {
        "type": "LineString",
        "coordinates": [
          [
            76.3097955,
            32.247131
          ],
          [
            76.3098751,
            32.2469927
          ]
        ]
      },
      "id": "way/692691286"
    },
    {
      "type": "Feature",
      "properties": {
        "@id": "way/692691287",
        "highway": "footway",
        "lit": "no",
        "surface": "concrete"
      },
      "geometry": {
        "type": "LineString",
        "coordinates": [
          [
            76.309271,
            32.2477271
          ],
          [
            76.3093207,
            32.2477694
          ]
        ]
      },
      "id": "way/692691287"
    },
    {
      "type": "Feature",
      "properties": {
        "@id": "way/692691288",
        "handrail:right": "yes",
        "highway": "steps",
        "incline": "down",
        "step_count": "19"
      },
      "geometry": {
        "type": "LineString",
        "coordinates": [
          [
            76.3098751,
            32.2469927
          ],
          [
            76.3098569,
            32.2469089
          ]
        ]
      },
      "id": "way/692691288"
    },
    {
      "type": "Feature",
      "properties": {
        "@id": "way/698914021",
        "foot": "designated",
        "highway": "service"
      },
      "geometry": {
        "type": "LineString",
        "coordinates": [
          [
            76.313999,
            32.2434848
          ],
          [
            76.3137884,
            32.2434729
          ],
          [
            76.3136423,
            32.2434468
          ],
          [
            76.3135216,
            32.2433981
          ],
          [
            76.3134263,
            32.2433187
          ],
          [
            76.3133901,
            32.2432427
          ],
          [
            76.3133982,
            32.2431689
          ],
          [
            76.3134183,
            32.2431043
          ],
          [
            76.3133834,
            32.2430113
          ],
          [
            76.3132587,
            32.2428332
          ],
          [
            76.3132279,
            32.2427572
          ],
          [
            76.3132453,
            32.2426733
          ],
          [
            76.3132949,
            32.2425712
          ],
          [
            76.3132855,
            32.2424906
          ],
          [
            76.3132279,
            32.2424419
          ],
          [
            76.313079,
            32.2423806
          ],
          [
            76.3129355,
            32.2423466
          ],
          [
            76.312843,
            32.2423335
          ]
        ]
      },
      "id": "way/698914021"
    },
    {
      "type": "Feature",
      "properties": {
        "@id": "way/702087679",
        "highway": "unclassified",
        "lane_markings": "no",
        "name": "Dharamkot - Haini Road",
        "surface": "asphalt"
      },
      "geometry": {
        "type": "LineString",
        "coordinates": [
          [
            76.3254952,
            32.2464274
          ],
          [
            76.3255338,
            32.2464779
          ],
          [
            76.3255595,
            32.246602
          ],
          [
            76.3254685,
            32.2467368
          ],
          [
            76.3253752,
            32.2469489
          ],
          [
            76.3253434,
            32.247047
          ],
          [
            76.3252897,
            32.2474001
          ],
          [
            76.3252803,
            32.2477267
          ],
          [
            76.325231,
            32.2481701
          ],
          [
            76.3253127,
            32.2486203
          ],
          [
            76.3253621,
            32.2487968
          ],
          [
            76.325415,
            32.2489346
          ],
          [
            76.3254176,
            32.2491442
          ],
          [
            76.3254879,
            32.2493093
          ],
          [
            76.325639,
            32.2493937
          ],
          [
            76.3257819,
            32.2494977
          ],
          [
            76.3258112,
            32.2495952
          ],
          [
            76.3258525,
            32.2496457
          ],
          [
            76.325944,
            32.249642
          ],
          [
            76.326025,
            32.2495778
          ],
          [
            76.326118,
            32.2494699
          ],
          [
            76.3262916,
            32.2494016
          ],
          [
            76.3264592,
            32.2493892
          ],
          [
            76.326633,
            32.2493875
          ],
          [
            76.3268093,
            32.249506
          ],
          [
            76.3268602,
            32.2495412
          ],
          [
            76.3270227,
            32.2495938
          ],
          [
            76.3272955,
            32.2495294
          ],
          [
            76.3274328,
            32.2494822
          ],
          [
            76.3274829,
            32.2494865
          ],
          [
            76.3275335,
            32.2494893
          ],
          [
            76.3277896,
            32.2495219
          ],
          [
            76.3278595,
            32.2495473
          ],
          [
            76.3278961,
            32.2495828
          ],
          [
            76.3278964,
            32.2496389
          ],
          [
            76.3278943,
            32.2496807
          ],
          [
            76.327882,
            32.2497796
          ],
          [
            76.3278901,
            32.2499631
          ],
          [
            76.3278821,
            32.250063
          ],
          [
            76.3278691,
            32.2501583
          ],
          [
            76.3278519,
            32.250316
          ],
          [
            76.3277963,
            32.2505291
          ],
          [
            76.3278372,
            32.2507383
          ],
          [
            76.3278452,
            32.2508303
          ],
          [
            76.3278861,
            32.2509158
          ],
          [
            76.3279036,
            32.2509668
          ],
          [
            76.3279531,
            32.2510253
          ],
          [
            76.3279975,
            32.2510491
          ],
          [
            76.3280605,
            32.251061
          ],
          [
            76.3281235,
            32.2510247
          ],
          [
            76.3282201,
            32.2510151
          ],
          [
            76.3283234,
            32.2511007
          ],
          [
            76.328385,
            32.2511511
          ],
          [
            76.3284346,
            32.2511818
          ],
          [
            76.3284944,
            32.2511982
          ],
          [
            76.3286365,
            32.2512492
          ],
          [
            76.3286774,
            32.2512731
          ],
          [
            76.3287297,
            32.2512816
          ],
          [
            76.3288015,
            32.2512883
          ],
          [
            76.3288551,
            32.2512726
          ],
          [
            76.3289322,
            32.2511983
          ],
          [
            76.3289859,
            32.2512104
          ],
          [
            76.3290549,
            32.2512624
          ],
          [
            76.3291273,
            32.251269
          ]
        ]
      },
      "id": "way/702087679"
    },
    {
      "type": "Feature",
      "properties": {
        "@id": "way/702087680",
        "highway": "track"
      },
      "geometry": {
        "type": "LineString",
        "coordinates": [
          [
            76.3299725,
            32.2515128
          ],
          [
            76.3298,
            32.2514271
          ],
          [
            76.3296121,
            32.2514262
          ],
          [
            76.3295344,
            32.2514614
          ],
          [
            76.3294606,
            32.2514523
          ],
          [
            76.329411,
            32.2514183
          ],
          [
            76.3293895,
            32.2513809
          ],
          [
            76.3293613,
            32.2513559
          ],
          [
            76.3293379,
            32.2513497
          ],
          [
            76.3293023,
            32.251348
          ],
          [
            76.3291273,
            32.251269
          ]
        ]
      },
      "id": "way/702087680"
    },
    {
      "type": "Feature",
      "properties": {
        "@id": "way/834253754",
        "highway": "footway",
        "surface": "dirt"
      },
      "geometry": {
        "type": "LineString",
        "coordinates": [
          [
            76.3324207,
            32.2502163
          ],
          [
            76.3325351,
            32.2501701
          ]
        ]
      },
      "id": "way/834253754"
    },
    {
      "type": "Feature",
      "properties": {
        "@id": "way/834253755",
        "bridge": "yes",
        "highway": "footway",
        "layer": "1",
        "surface": "concrete"
      },
      "geometry": {
        "type": "LineString",
        "coordinates": [
          [
            76.3323876,
            32.2502217
          ],
          [
            76.3324207,
            32.2502163
          ]
        ]
      },
      "id": "way/834253755"
    },
    {
      "type": "Feature",
      "properties": {
        "@id": "way/834253758",
        "bridge": "yes",
        "highway": "footway",
        "layer": "1",
        "surface": "concrete"
      },
      "geometry": {
        "type": "LineString",
        "coordinates": [
          [
            76.3306284,
            32.2510221
          ],
          [
            76.3306543,
            32.2510202
          ]
        ]
      },
      "id": "way/834253758"
    },
    {
      "type": "Feature",
      "properties": {
        "@id": "way/834253759",
        "highway": "footway",
        "surface": "concrete"
      },
      "geometry": {
        "type": "LineString",
        "coordinates": [
          [
            76.329302,
            32.2507186
          ],
          [
            76.3293846,
            32.2507151
          ],
          [
            76.3294166,
            32.2507833
          ],
          [
            76.3295122,
            32.2508033
          ],
          [
            76.3295934,
            32.2508743
          ],
          [
            76.3296578,
            32.2508912
          ],
          [
            76.3297451,
            32.2509237
          ],
          [
            76.3299429,
            32.2509244
          ],
          [
            76.3302455,
            32.2508542
          ]
        ]
      },
      "id": "way/834253759"
    },
    {
      "type": "Feature",
      "properties": {
        "@id": "way/834253761",
        "highway": "path",
        "name": "Dharamkot Chorten path",
        "surface": "ground"
      },
      "geometry": {
        "type": "LineString",
        "coordinates": [
          [
            76.3358744,
            32.2485709
          ],
          [
            76.3358577,
            32.2485981
          ],
          [
            76.335806,
            32.2486202
          ],
          [
            76.3358,
            32.2486746
          ],
          [
            76.3357577,
            32.2487121
          ],
          [
            76.3356243,
            32.2487563
          ],
          [
            76.3356049,
            32.2487002
          ],
          [
            76.335578,
            32.2486945
          ],
          [
            76.3355894,
            32.2487149
          ],
          [
            76.3354862,
            32.2487274
          ],
          [
            76.335448,
            32.2487404
          ],
          [
            76.3353353,
            32.248678
          ],
          [
            76.3352367,
            32.2486968
          ],
          [
            76.3351683,
            32.2487376
          ],
          [
            76.3351207,
            32.2488102
          ],
          [
            76.3350322,
            32.2488125
          ],
          [
            76.3349088,
            32.2488743
          ],
          [
            76.334772,
            32.2488935
          ],
          [
            76.3347097,
            32.2488624
          ],
          [
            76.3346044,
            32.248897
          ],
          [
            76.3345199,
            32.2488703
          ],
          [
            76.3344803,
            32.2489004
          ],
          [
            76.3344622,
            32.2489576
          ],
          [
            76.3343764,
            32.2490115
          ],
          [
            76.3343523,
            32.2490478
          ],
          [
            76.3342671,
            32.2490756
          ],
          [
            76.3342007,
            32.2491669
          ],
          [
            76.334188,
            32.2492338
          ],
          [
            76.3341457,
            32.2492559
          ],
          [
            76.3341115,
            32.2492463
          ],
          [
            76.3340968,
            32.2492208
          ],
          [
            76.3340612,
            32.2492293
          ],
          [
            76.3340036,
            32.2492151
          ],
          [
            76.3339298,
            32.2491992
          ],
          [
            76.333852,
            32.2491748
          ],
          [
            76.3336603,
            32.249214
          ],
          [
            76.3335342,
            32.2493421
          ],
          [
            76.3334531,
            32.2494958
          ],
          [
            76.3333485,
            32.2495729
          ],
          [
            76.3333337,
            32.2496387
          ],
          [
            76.3332304,
            32.2496308
          ],
          [
            76.3331674,
            32.249607
          ],
          [
            76.3330159,
            32.2497249
          ],
          [
            76.3327771,
            32.2498905
          ],
          [
            76.3326766,
            32.250097
          ],
          [
            76.3325351,
            32.2501701
          ]
        ]
      },
      "id": "way/834253761"
    },
    {
      "type": "Feature",
      "properties": {
        "@id": "way/946834578",
        "highway": "track",
        "name": "Gallu Devi Temple Road",
        "surface": "compacted"
      },
      "geometry": {
        "type": "LineString",
        "coordinates": [
          [
            76.323036,
            32.2520016
          ],
          [
            76.3232701,
            32.2523637
          ],
          [
            76.3234691,
            32.252412
          ],
          [
            76.3237039,
            32.2524173
          ],
          [
            76.323965,
            32.2524227
          ],
          [
            76.324364,
            32.2526085
          ],
          [
            76.324813,
            32.2526003
          ],
          [
            76.3248392,
            32.2527326
          ],
          [
            76.3249452,
            32.2532676
          ],
          [
            76.3253938,
            32.2536559
          ],
          [
            76.3257781,
            32.2538675
          ],
          [
            76.325832,
            32.254134
          ],
          [
            76.3258924,
            32.2542595
          ],
          [
            76.3258377,
            32.2543675
          ],
          [
            76.3257475,
            32.2544687
          ],
          [
            76.3257559,
            32.2545117
          ]
        ]
      },
      "id": "way/946834578"
    },
    {
      "type": "Feature",
      "properties": {
        "@id": "way/946834579",
        "highway": "unclassified",
        "lane_markings": "no",
        "name": "Dharamkot - Haini Road",
        "surface": "asphalt"
      },
      "geometry": {
        "type": "LineString",
        "coordinates": [
          [
            76.3258974,
            32.2454029
          ],
          [
            76.3258266,
            32.2456561
          ],
          [
            76.3256922,
            32.2458355
          ],
          [
            76.325655,
            32.2458676
          ],
          [
            76.3255673,
            32.2459431
          ],
          [
            76.3254896,
            32.2463863
          ],
          [
            76.3254952,
            32.2464274
          ]
        ]
      },
      "id": "way/946834579"
    },
    {
      "type": "Feature",
      "properties": {
        "@id": "way/946834580",
        "highway": "unclassified",
        "lane_markings": "no",
        "name": "Dharamkot - Haini Road",
        "surface": "concrete"
      },
      "geometry": {
        "type": "LineString",
        "coordinates": [
          [
            76.3258982,
            32.2452702
          ],
          [
            76.3258974,
            32.2454029
          ]
        ]
      },
      "id": "way/946834580"
    },
    {
      "type": "Feature",
      "properties": {
        "@id": "way/999763171",
        "highway": "footway",
        "lit": "no",
        "surface": "compacted"
      },
      "geometry": {
        "type": "LineString",
        "coordinates": [
          [
            76.3098402,
            32.2472657
          ],
          [
            76.3097464,
            32.2473606
          ],
          [
            76.3097048,
            32.2474196
          ],
          [
            76.3097135,
            32.2474956
          ],
          [
            76.3097698,
            32.2476005
          ],
          [
            76.3099871,
            32.2478523
          ],
          [
            76.3100622,
            32.2479147
          ]
        ]
      },
      "id": "way/999763171"
    },
    {
      "type": "Feature",
      "properties": {
        "@id": "way/999763172",
        "highway": "footway",
        "lit": "no",
        "surface": "concrete"
      },
      "geometry": {
        "type": "LineString",
        "coordinates": [
          [
            76.3100622,
            32.2479147
          ],
          [
            76.3099662,
            32.2479063
          ],
          [
            76.3098749,
            32.2478305
          ]
        ]
      },
      "id": "way/999763172"
    },
    {
      "type": "Feature",
      "properties": {
        "@id": "way/1067552321",
        "handrail": "no",
        "highway": "steps",
        "incline": "up",
        "ramp": "no",
        "surface": "concrete"
      },
      "geometry": {
        "type": "LineString",
        "coordinates": [
          [
            76.3292886,
            32.2494376
          ],
          [
            76.3293145,
            32.2495073
          ],
          [
            76.3293172,
            32.2495144
          ],
          [
            76.3293242,
            32.2496428
          ],
          [
            76.3293579,
            32.2498224
          ],
          [
            76.3293543,
            32.2500048
          ],
          [
            76.3293549,
            32.2501602
          ],
          [
            76.3293485,
            32.2502761
          ],
          [
            76.3293868,
            32.2504434
          ],
          [
            76.3294082,
            32.2505837
          ],
          [
            76.3293967,
            32.2506475
          ],
          [
            76.3293846,
            32.2507151
          ]
        ]
      },
      "id": "way/1067552321"
    },
    {
      "type": "Feature",
      "properties": {
        "@id": "way/1067552322",
        "highway": "footway",
        "surface": "concrete"
      },
      "geometry": {
        "type": "LineString",
        "coordinates": [
          [
            76.329302,
            32.2507186
          ],
          [
            76.3292295,
            32.2508392
          ],
          [
            76.3291729,
            32.2509506
          ]
        ]
      },
      "id": "way/1067552322"
    },
    {
      "type": "Feature",
      "properties": {
        "@id": "way/1067552323",
        "handrail": "no",
        "highway": "steps",
        "incline": "up",
        "ramp": "no",
        "surface": "concrete"
      },
      "geometry": {
        "type": "LineString",
        "coordinates": [
          [
            76.3291729,
            32.2509506
          ],
          [
            76.3291741,
            32.2511675
          ],
          [
            76.3291273,
            32.251269
          ]
        ]
      },
      "id": "way/1067552323"
    },
    {
      "type": "Feature",
      "properties": {
        "@id": "way/1067552324",
        "highway": "unclassified",
        "lane_markings": "no",
        "name": "Dharamkot - Haini Road",
        "surface": "concrete"
      },
      "geometry": {
        "type": "LineString",
        "coordinates": [
          [
            76.3291273,
            32.251269
          ],
          [
            76.3292085,
            32.2512085
          ],
          [
            76.329309,
            32.2511926
          ],
          [
            76.3294606,
            32.2511018
          ],
          [
            76.3295924,
            32.2510378
          ]
        ]
      },
      "id": "way/1067552324"
    },
    {
      "type": "Feature",
      "properties": {
        "@id": "way/1067696241",
        "highway": "residential",
        "lane_markings": "no",
        "surface": "concrete"
      },
      "geometry": {
        "type": "LineString",
        "coordinates": [
          [
            76.3289031,
            32.2489763
          ],
          [
            76.328995,
            32.2490265
          ],
          [
            76.3291197,
            32.249022
          ],
          [
            76.3291288,
            32.2491551
          ],
          [
            76.329015,
            32.2491891
          ],
          [
            76.3287822,
            32.2491819
          ]
        ]
      },
      "id": "way/1067696241"
    },
    {
      "type": "Feature",
      "properties": {
        "@id": "way/1067696242",
        "handrail": "no",
        "highway": "steps",
        "incline": "up",
        "ramp": "no",
        "surface": "concrete"
      },
      "geometry": {
        "type": "LineString",
        "coordinates": [
          [
            76.3284652,
            32.2485341
          ],
          [
            76.3285168,
            32.2485065
          ],
          [
            76.3287306,
            32.2487056
          ],
          [
            76.3287984,
            32.2487866
          ],
          [
            76.3288623,
            32.2488564
          ],
          [
            76.3288832,
            32.2489097
          ],
          [
            76.3289031,
            32.2489763
          ]
        ]
      },
      "id": "way/1067696242"
    },
    {
      "type": "Feature",
      "properties": {
        "@id": "way/1067696243",
        "handrail": "no",
        "highway": "steps",
        "incline": "up",
        "ramp": "no",
        "surface": "concrete"
      },
      "geometry": {
        "type": "LineString",
        "coordinates": [
          [
            76.3291288,
            32.2491551
          ],
          [
            76.3292485,
            32.2493445
          ]
        ]
      },
      "id": "way/1067696243"
    },
    {
      "type": "Feature",
      "properties": {
        "@id": "way/1068297011",
        "cycleway:both": "no",
        "highway": "residential",
        "lane_markings": "no",
        "sidewalk": "no",
        "surface": "paving_stones"
      },
      "geometry": {
        "type": "LineString",
        "coordinates": [
          [
            76.331345,
            32.2480315
          ],
          [
            76.3312907,
            32.2480136
          ],
          [
            76.3312448,
            32.2479598
          ],
          [
            76.3312231,
            32.2478878
          ],
          [
            76.3312213,
            32.2477668
          ],
          [
            76.3311581,
            32.2475025
          ],
          [
            76.3310597,
            32.2474429
          ],
          [
            76.3309889,
            32.2474171
          ]
        ]
      },
      "id": "way/1068297011"
    },
    {
      "type": "Feature",
      "properties": {
        "@id": "way/1068297012",
        "bridge": "yes",
        "cycleway:both": "no",
        "highway": "residential",
        "lane_markings": "no",
        "layer": "1",
        "maxweight:signed": "no",
        "sidewalk": "no",
        "surface": "concrete"
      },
      "geometry": {
        "type": "LineString",
        "coordinates": [
          [
            76.3314211,
            32.2480325
          ],
          [
            76.331345,
            32.2480315
          ]
        ]
      },
      "id": "way/1068297012"
    },
    {
      "type": "Feature",
      "properties": {
        "@id": "way/1068297013",
        "highway": "track",
        "surface": "concrete",
        "tracktype": "grade1"
      },
      "geometry": {
        "type": "LineString",
        "coordinates": [
          [
            76.3325071,
            32.2489736
          ],
          [
            76.3326092,
            32.2489665
          ],
          [
            76.3327723,
            32.2489157
          ],
          [
            76.3328538,
            32.2489774
          ],
          [
            76.3327465,
            32.2491008
          ],
          [
            76.3325392,
            32.2492327
          ],
          [
            76.3324675,
            32.2492805
          ],
          [
            76.332481,
            32.2493094
          ],
          [
            76.3326004,
            32.2493184
          ],
          [
            76.332768,
            32.2493113
          ],
          [
            76.332695,
            32.2494166
          ],
          [
            76.3324967,
            32.2494963
          ]
        ]
      },
      "id": "way/1068297013"
    },
    {
      "type": "Feature",
      "properties": {
        "@id": "way/1068297014",
        "cycleway:both": "no",
        "highway": "residential",
        "lane_markings": "no",
        "oneway": "no",
        "surface": "concrete"
      },
      "geometry": {
        "type": "LineString",
        "coordinates": [
          [
            76.332122,
            32.2479955
          ],
          [
            76.3322722,
            32.2480758
          ],
          [
            76.3322834,
            32.2481317
          ],
          [
            76.3321982,
            32.2481599
          ],
          [
            76.3320077,
            32.2482537
          ],
          [
            76.3319372,
            32.2483326
          ],
          [
            76.3319645,
            32.2483901
          ],
          [
            76.3320427,
            32.2484082
          ],
          [
            76.3322589,
            32.2484695
          ],
          [
            76.3323748,
            32.2484968
          ],
          [
            76.3328188,
            32.2483292
          ],
          [
            76.332901,
            32.2483411
          ]
        ]
      },
      "id": "way/1068297014"
    },
    {
      "type": "Feature",
      "properties": {
        "@id": "way/1068297016",
        "highway": "track",
        "surface": "concrete",
        "tracktype": "grade1"
      },
      "geometry": {
        "type": "LineString",
        "coordinates": [
          [
            76.332901,
            32.2483411
          ],
          [
            76.3329927,
            32.2483361
          ],
          [
            76.3330457,
            32.2483822
          ],
          [
            76.3330169,
            32.248462
          ],
          [
            76.3325191,
            32.2488141
          ],
          [
            76.3324496,
            32.2488567
          ]
        ]
      },
      "id": "way/1068297016"
    },
    {
      "type": "Feature",
      "properties": {
        "@id": "way/1074699105",
        "handrail": "no",
        "highway": "steps",
        "incline": "up",
        "ramp": "no",
        "surface": "concrete"
      },
      "geometry": {
        "type": "LineString",
        "coordinates": [
          [
            76.3290685,
            32.2486756
          ],
          [
            76.3291579,
            32.2487993
          ],
          [
            76.3291471,
            32.2488985
          ],
          [
            76.3291197,
            32.249022
          ]
        ]
      },
      "id": "way/1074699105"
    },
    {
      "type": "Feature",
      "properties": {
        "@id": "way/1134235697",
        "bicycle": "no",
        "foot": "yes",
        "highway": "path",
        "smoothness": "horrible",
        "surface": "dirt"
      },
      "geometry": {
        "type": "LineString",
        "coordinates": [
          [
            76.3209915,
            32.2527506
          ],
          [
            76.3209056,
            32.2527836
          ],
          [
            76.3206486,
            32.2528824
          ],
          [
            76.3205677,
            32.2529076
          ],
          [
            76.3204759,
            32.2528898
          ],
          [
            76.3203358,
            32.2527314
          ],
          [
            76.3200104,
            32.2528783
          ],
          [
            76.319527,
            32.2530145
          ],
          [
            76.3190076,
            32.2530985
          ],
          [
            76.3185246,
            32.2532195
          ],
          [
            76.3181838,
            32.2530027
          ],
          [
            76.3176885,
            32.2529544
          ],
          [
            76.3173597,
            32.2529145
          ],
          [
            76.3169756,
            32.2529524
          ],
          [
            76.316496,
            32.2528594
          ],
          [
            76.3161469,
            32.2526969
          ],
          [
            76.3156779,
            32.2526204
          ],
          [
            76.3149897,
            32.2524376
          ],
          [
            76.3149344,
            32.2522764
          ],
          [
            76.3142413,
            32.2520701
          ],
          [
            76.3139583,
            32.2515918
          ],
          [
            76.313125,
            32.2516473
          ],
          [
            76.3128555,
            32.2515061
          ],
          [
            76.3129134,
            32.2511598
          ],
          [
            76.3126123,
            32.2509022
          ],
          [
            76.3124241,
            32.250935
          ],
          [
            76.3122063,
            32.2506906
          ],
          [
            76.3118114,
            32.2505576
          ],
          [
            76.3113163,
            32.2504278
          ],
          [
            76.310952,
            32.2505855
          ],
          [
            76.3102987,
            32.250859
          ],
          [
            76.3101483,
            32.2508801
          ],
          [
            76.3100502,
            32.2508536
          ],
          [
            76.310013,
            32.2507278
          ],
          [
            76.3101439,
            32.2503177
          ],
          [
            76.3100307,
            32.2498468
          ],
          [
            76.3097387,
            32.2498953
          ],
          [
            76.3096408,
            32.2498483
          ],
          [
            76.3094725,
            32.2498776
          ],
          [
            76.3093265,
            32.249936
          ],
          [
            76.3092224,
            32.2501131
          ],
          [
            76.308953,
            32.2503829
          ],
          [
            76.3088065,
            32.2505125
          ],
          [
            76.3082863,
            32.2505852
          ],
          [
            76.3082353,
            32.2506834
          ]
        ]
      },
      "id": "way/1134235697"
    },
    {
      "type": "Feature",
      "properties": {
        "@id": "way/1134236901",
        "handrail": "no",
        "highway": "steps",
        "incline": "up",
        "ramp": "no",
        "surface": "concrete"
      },
      "geometry": {
        "type": "LineString",
        "coordinates": [
          [
            76.3234328,
            32.2531949
          ],
          [
            76.3234427,
            32.2532623
          ],
          [
            76.3235487,
            32.2532394
          ],
          [
            76.3236564,
            32.2532864
          ],
          [
            76.3237028,
            32.25327
          ],
          [
            76.3237309,
            32.253298
          ],
          [
            76.3237828,
            32.2532979
          ],
          [
            76.3238677,
            32.2533206
          ],
          [
            76.3239216,
            32.2533397
          ],
          [
            76.3239044,
            32.2533726
          ],
          [
            76.3239486,
            32.2533696
          ],
          [
            76.3239236,
            32.2534091
          ],
          [
            76.3238914,
            32.253433
          ],
          [
            76.3238715,
            32.2534408
          ],
          [
            76.3238573,
            32.2534519
          ],
          [
            76.3238573,
            32.2534629
          ],
          [
            76.3238573,
            32.253486
          ]
        ]
      },
      "id": "way/1134236901"
    },
    {
      "type": "Feature",
      "properties": {
        "@id": "way/1148767079",
        "highway": "unclassified",
        "lane_markings": "no",
        "name": "Gallu Devi Temple Road",
        "surface": "asphalt"
      },
      "geometry": {
        "type": "LineString",
        "coordinates": [
          [
            76.3254951,
            32.245274
          ],
          [
            76.3255914,
            32.245153
          ],
          [
            76.3256448,
            32.2451418
          ],
          [
            76.3257602,
            32.2451611
          ],
          [
            76.3258021,
            32.245171
          ]
        ]
      },
      "id": "way/1148767079"
    },
    {
      "type": "Feature",
      "properties": {
        "@id": "way/1148767080",
        "bicycle": "no",
        "foot": "yes",
        "highway": "living_street",
        "horse": "yes",
        "layer": "0",
        "name": "Dharamkot Guna Temple Trail",
        "oneway": "no",
        "ski": "no",
        "snowmobile": "no",
        "surface": "paving_stones",
        "width": "2"
      },
      "geometry": {
        "type": "LineString",
        "coordinates": [
          [
            76.3084747,
            32.2492977
          ],
          [
            76.3083817,
            32.2492363
          ],
          [
            76.3080976,
            32.2492444
          ],
          [
            76.3078878,
            32.2493133
          ],
          [
            76.3077119,
            32.2496365
          ]
        ]
      },
      "id": "way/1148767080"
    },
    {
      "type": "Feature",
      "properties": {
        "@id": "way/1148767081",
        "highway": "residential",
        "lane_markings": "no",
        "surface": "concrete"
      },
      "geometry": {
        "type": "LineString",
        "coordinates": [
          [
            76.3289031,
            32.2489763
          ],
          [
            76.328993,
            32.2487738
          ],
          [
            76.3290244,
            32.248733
          ]
        ]
      },
      "id": "way/1148767081"
    },
    {
      "type": "Feature",
      "properties": {
        "@id": "way/1148767083",
        "bicycle": "no",
        "foot": "yes",
        "highway": "living_street",
        "horse": "yes",
        "layer": "0",
        "name": "Dharamkot Guna Temple Trail",
        "ski": "no",
        "snowmobile": "no",
        "surface": "paving_stones",
        "width": "2"
      },
      "geometry": {
        "type": "LineString",
        "coordinates": [
          [
            76.3082353,
            32.2506834
          ],
          [
            76.3083678,
            32.2507393
          ],
          [
            76.3085005,
            32.2508546
          ]
        ]
      },
      "id": "way/1148767083"
    },
    {
      "type": "Feature",
      "properties": {
        "@id": "way/1148769874",
        "bicycle": "no",
        "foot": "yes",
        "highway": "footway",
        "horse": "yes",
        "layer": "0",
        "name": "Dharamkot Guna Temple Trail",
        "ski": "no",
        "snowmobile": "no",
        "surface": "ground",
        "width": "2"
      },
      "geometry": {
        "type": "LineString",
        "coordinates": [
          [
            76.3087412,
            32.2517309
          ],
          [
            76.3086815,
            32.2518652
          ],
          [
            76.3085159,
            32.2517883
          ]
        ]
      },
      "id": "way/1148769874"
    },
    {
      "type": "Feature",
      "properties": {
        "@id": "way/1148774223",
        "bicycle": "no",
        "foot": "yes",
        "highway": "living_street",
        "horse": "no",
        "motorcar": "no",
        "oneway": "no",
        "ski": "no",
        "snowmobile": "no",
        "surface": "paving_stones",
        "width": "1"
      },
      "geometry": {
        "type": "LineString",
        "coordinates": [
          [
            76.3330124,
            32.2435844
          ],
          [
            76.3331755,
            32.2436749
          ],
          [
            76.3333577,
            32.2437006
          ],
          [
            76.3335805,
            32.2437321
          ],
          [
            76.3337313,
            32.2437767
          ]
        ]
      },
      "id": "way/1148774223"
    },
    {
      "type": "Feature",
      "properties": {
        "@id": "way/1148797581",
        "highway": "tertiary",
        "lanes": "2",
        "maxheight": "none",
        "name": "TIPA Road",
        "surface": "asphalt"
      },
      "geometry": {
        "type": "LineString",
        "coordinates": [
          [
            76.3258982,
            32.2452702
          ],
          [
            76.3258454,
            32.2452157
          ],
          [
            76.3258021,
            32.245171
          ]
        ]
      },
      "id": "way/1148797581"
    },
    {
      "type": "Feature",
      "properties": {
        "@id": "way/1148797582",
        "highway": "track",
        "name": "Gallu Devi Temple Road",
        "oneway": "no",
        "surface": "dirt"
      },
      "geometry": {
        "type": "LineString",
        "coordinates": [
          [
            76.3178213,
            32.2470727
          ],
          [
            76.3176936,
            32.2471487
          ],
          [
            76.3177024,
            32.2474153
          ],
          [
            76.3178331,
            32.2476251
          ],
          [
            76.3179296,
            32.2477617
          ],
          [
            76.3179591,
            32.2480207
          ],
          [
            76.3181158,
            32.2483499
          ],
          [
            76.3185222,
            32.2486576
          ],
          [
            76.3193642,
            32.24846
          ],
          [
            76.3197082,
            32.248609
          ],
          [
            76.3200695,
            32.2486837
          ],
          [
            76.3202031,
            32.2489331
          ],
          [
            76.3202838,
            32.2489545
          ],
          [
            76.320528,
            32.2490193
          ],
          [
            76.3206779,
            32.2492728
          ],
          [
            76.3209997,
            32.2492591
          ],
          [
            76.3212816,
            32.2490708
          ],
          [
            76.3213733,
            32.2492189
          ],
          [
            76.3213788,
            32.2494518
          ],
          [
            76.3217051,
            32.2496479
          ],
          [
            76.3224633,
            32.2494275
          ],
          [
            76.3226837,
            32.2497258
          ],
          [
            76.3226833,
            32.2500022
          ],
          [
            76.3227909,
            32.2504453
          ],
          [
            76.3228398,
            32.2510692
          ],
          [
            76.3229072,
            32.2511631
          ],
          [
            76.3230006,
            32.2512992
          ],
          [
            76.3230287,
            32.251455
          ],
          [
            76.3228902,
            32.2518065
          ],
          [
            76.3229549,
            32.2519459
          ],
          [
            76.323036,
            32.2520016
          ]
        ]
      },
      "id": "way/1148797582"
    },
    {
      "type": "Feature",
      "properties": {
        "@id": "way/1148797583",
        "highway": "path",
        "surface": "ground"
      },
      "geometry": {
        "type": "LineString",
        "coordinates": [
          [
            76.3142433,
            32.246747
          ],
          [
            76.314484,
            32.2467597
          ],
          [
            76.3147412,
            32.2466856
          ],
          [
            76.3149899,
            32.2462778
          ],
          [
            76.3152081,
            32.2461374
          ],
          [
            76.3154584,
            32.2460519
          ],
          [
            76.3159961,
            32.2459925
          ],
          [
            76.3162462,
            32.2460364
          ],
          [
            76.3163969,
            32.2461538
          ],
          [
            76.3164786,
            32.2463237
          ],
          [
            76.3166827,
            32.2463625
          ],
          [
            76.3169493,
            32.2463471
          ],
          [
            76.3172637,
            32.2460608
          ],
          [
            76.3174777,
            32.2460282
          ],
          [
            76.3177013,
            32.2460807
          ],
          [
            76.3177455,
            32.2463332
          ],
          [
            76.3180124,
            32.2465822
          ],
          [
            76.3178692,
            32.2470056
          ],
          [
            76.3178213,
            32.2470727
          ]
        ]
      },
      "id": "way/1148797583"
    },
    {
      "type": "Feature",
      "properties": {
        "@id": "way/1148797584",
        "highway": "tertiary",
        "lanes": "1",
        "name": "Bhagsu Road",
        "surface": "paving_stones"
      },
      "geometry": {
        "type": "LineString",
        "coordinates": [
          [
            76.3327325,
            32.2434796
          ],
          [
            76.3328477,
            32.2435001
          ],
          [
            76.3330124,
            32.2435844
          ]
        ]
      },
      "id": "way/1148797584"
    },
    {
      "type": "Feature",
      "properties": {
        "@id": "way/1148797585",
        "highway": "residential",
        "lane_markings": "no",
        "surface": "concrete"
      },
      "geometry": {
        "type": "LineString",
        "coordinates": [
          [
            76.3297545,
            32.244904
          ],
          [
            76.3297978,
            32.2448056
          ],
          [
            76.3298473,
            32.2447148
          ],
          [
            76.3299009,
            32.2446038
          ],
          [
            76.3299573,
            32.2445353
          ],
          [
            76.3302245,
            32.2442837
          ],
          [
            76.3303505,
            32.2442396
          ],
          [
            76.3305358,
            32.2441553
          ]
        ]
      },
      "id": "way/1148797585"
    },
    {
      "type": "Feature",
      "properties": {
        "@id": "way/1148797586",
        "highway": "path"
      },
      "geometry": {
        "type": "LineString",
        "coordinates": [
          [
            76.3307508,
            32.2434069
          ],
          [
            76.3307029,
            32.2434792
          ],
          [
            76.3306743,
            32.243528
          ]
        ]
      },
      "id": "way/1148797586"
    },
    {
      "type": "Feature",
      "properties": {
        "@id": "way/1148797587",
        "cycleway:both": "no",
        "highway": "tertiary",
        "lanes": "2",
        "maxheight": "none",
        "name": "TIPA Road",
        "sidewalk": "no",
        "surface": "concrete"
      },
      "geometry": {
        "type": "LineString",
        "coordinates": [
          [
            76.3302758,
            32.2424508
          ],
          [
            76.3303145,
            32.2423906
          ],
          [
            76.3303166,
            32.242386
          ],
          [
            76.3304707,
            32.2421415
          ],
          [
            76.3306424,
            32.2419655
          ],
          [
            76.330881,
            32.2418818
          ]
        ]
      },
      "id": "way/1148797587"
    },
    {
      "type": "Feature",
      "properties": {
        "@id": "way/1148797588",
        "cycleway:both": "no",
        "highway": "tertiary",
        "lanes": "2",
        "maxheight": "none",
        "name": "TIPA Road",
        "sidewalk": "no",
        "surface": "concrete"
      },
      "geometry": {
        "type": "LineString",
        "coordinates": [
          [
            76.3302758,
            32.2424508
          ],
          [
            76.3302455,
            32.2424978
          ],
          [
            76.3301111,
            32.2425993
          ],
          [
            76.3299307,
            32.2426391
          ],
          [
            76.3297691,
            32.2427638
          ],
          [
            76.3296106,
            32.2429592
          ],
          [
            76.329434,
            32.2431095
          ],
          [
            76.3293105,
            32.243269
          ],
          [
            76.3291424,
            32.2434167
          ],
          [
            76.3289826,
            32.24363
          ],
          [
            76.3287105,
            32.2438221
          ],
          [
            76.3285553,
            32.2439803
          ],
          [
            76.32839,
            32.2441749
          ],
          [
            76.3281654,
            32.2442959
          ],
          [
            76.3279187,
            32.2444497
          ],
          [
            76.3277103,
            32.2445405
          ],
          [
            76.3273709,
            32.2446857
          ],
          [
            76.3271495,
            32.2448366
          ],
          [
            76.3268936,
            32.2450941
          ],
          [
            76.3264251,
            32.2452035
          ],
          [
            76.3258982,
            32.2452702
          ]
        ]
      },
      "id": "way/1148797588"
    },
    {
      "type": "Feature",
      "properties": {
        "@id": "way/1148797589",
        "highway": "footway",
        "lit": "no",
        "surface": "dirt"
      },
      "geometry": {
        "type": "LineString",
        "coordinates": [
          [
            76.3301167,
            32.2416095
          ],
          [
            76.3301225,
            32.2416408
          ],
          [
            76.3301521,
            32.2417177
          ],
          [
            76.3302431,
            32.2417813
          ],
          [
            76.3302589,
            32.2418064
          ],
          [
            76.3302985,
            32.24189
          ],
          [
            76.3303064,
            32.2419903
          ],
          [
            76.3302945,
            32.2421174
          ],
          [
            76.3302807,
            32.2422813
          ],
          [
            76.3302708,
            32.2423482
          ],
          [
            76.3302758,
            32.2424508
          ]
        ]
      },
      "id": "way/1148797589"
    },
    {
      "type": "Feature",
      "properties": {
        "@id": "way/1148797590",
        "highway": "unclassified",
        "lane_markings": "no",
        "name": "Main Square - Tushita Road",
        "oneway": "no",
        "surface": "paving_stones",
        "tracktype": "grade1"
      },
      "geometry": {
        "type": "LineString",
        "coordinates": [
          [
            76.3257339,
            32.2424588
          ],
          [
            76.3254888,
            32.2425825
          ],
          [
            76.3252423,
            32.2427788
          ]
        ]
      },
      "id": "way/1148797590"
    },
    {
      "type": "Feature",
      "properties": {
        "@id": "way/1148797591",
        "highway": "unclassified",
        "lane_markings": "no",
        "name": "Main Square - Tushita Road",
        "oneway": "no",
        "surface": "paving_stones",
        "tracktype": "grade1"
      },
      "geometry": {
        "type": "LineString",
        "coordinates": [
          [
            76.3252423,
            32.2427788
          ],
          [
            76.3251047,
            32.2430403
          ],
          [
            76.3250204,
            32.2432493
          ],
          [
            76.3250263,
            32.2434
          ],
          [
            76.3250982,
            32.2436267
          ],
          [
            76.3251521,
            32.2438449
          ],
          [
            76.3253818,
            32.244081
          ],
          [
            76.3256908,
            32.2444813
          ],
          [
            76.3258194,
            32.2446061
          ],
          [
            76.3258064,
            32.2447877
          ],
          [
            76.3256448,
            32.2451418
          ]
        ]
      },
      "id": "way/1148797591"
    },
    {
      "type": "Feature",
      "properties": {
        "@id": "way/1148797592",
        "highway": "unclassified",
        "route": "road"
      },
      "geometry": {
        "type": "LineString",
        "coordinates": [
          [
            76.3257339,
            32.2424588
          ],
          [
            76.3258648,
            32.2425455
          ],
          [
            76.3261934,
            32.2426048
          ]
        ]
      },
      "id": "way/1148797592"
    },
    {
      "type": "Feature",
      "properties": {
        "@id": "way/1148797593",
        "highway": "path"
      },
      "geometry": {
        "type": "LineString",
        "coordinates": [
          [
            76.3254951,
            32.245274
          ],
          [
            76.3250457,
            32.245718
          ],
          [
            76.3247493,
            32.2459363
          ],
          [
            76.324472,
            32.2461546
          ],
          [
            76.3242521,
            32.2462921
          ]
        ]
      },
      "id": "way/1148797593"
    },
    {
      "type": "Feature",
      "properties": {
        "@id": "way/1148801961",
        "handrail": "no",
        "highway": "steps",
        "incline": "up",
        "ramp": "no",
        "surface": "sett"
      },
      "geometry": {
        "type": "LineString",
        "coordinates": [
          [
            76.3320537,
            32.2458803
          ],
          [
            76.3318164,
            32.2459828
          ],
          [
            76.3317857,
            32.2460294
          ],
          [
            76.3315828,
            32.2463377
          ],
          [
            76.3313942,
            32.2464999
          ],
          [
            76.3313575,
            32.2465924
          ]
        ]
      },
      "id": "way/1148801961"
    },
    {
      "type": "Feature",
      "properties": {
        "@id": "way/1148801962",
        "bicycle": "yes",
        "foot": "yes",
        "highway": "track",
        "horse": "yes",
        "motor_vehicle": "yes",
        "name": "Utopia Road",
        "surface": "gravel",
        "tracktype": "grade3"
      },
      "geometry": {
        "type": "LineString",
        "coordinates": [
          [
            76.3300454,
            32.2492478
          ],
          [
            76.3301684,
            32.2493698
          ],
          [
            76.3302616,
            32.2494891
          ]
        ]
      },
      "id": "way/1148801962"
    },
    {
      "type": "Feature",
      "properties": {
        "@id": "way/1148801963",
        "foot": "designated",
        "highway": "path",
        "surface": "concrete"
      },
      "geometry": {
        "type": "LineString",
        "coordinates": [
          [
            76.3321982,
            32.2481599
          ],
          [
            76.3322117,
            32.2481471
          ],
          [
            76.3321122,
            32.2480685
          ],
          [
            76.332122,
            32.2479955
          ],
          [
            76.3321763,
            32.2479226
          ],
          [
            76.3321808,
            32.2478515
          ],
          [
            76.3321387,
            32.2477748
          ],
          [
            76.3320436,
            32.2477224
          ],
          [
            76.3319773,
            32.2476476
          ],
          [
            76.3319324,
            32.247609
          ],
          [
            76.331986,
            32.2475299
          ],
          [
            76.3320082,
            32.2474299
          ],
          [
            76.3318612,
            32.2473532
          ],
          [
            76.3318242,
            32.2473053
          ],
          [
            76.3317262,
            32.2471499
          ]
        ]
      },
      "id": "way/1148801963"
    },
    {
      "type": "Feature",
      "properties": {
        "@id": "way/1194853872",
        "highway": "footway"
      },
      "geometry": {
        "type": "LineString",
        "coordinates": [
          [
            76.3325339,
            32.2451492
          ],
          [
            76.3327353,
            32.245231
          ],
          [
            76.3327371,
            32.2452616
          ],
          [
            76.3327392,
            32.2452988
          ],
          [
            76.3327919,
            32.245344
          ],
          [
            76.3328206,
            32.2453623
          ],
          [
            76.3328625,
            32.2453891
          ],
          [
            76.3329269,
            32.2454071
          ],
          [
            76.3330212,
            32.2454011
          ],
          [
            76.3331508,
            32.2454203
          ],
          [
            76.3333495,
            32.245526
          ],
          [
            76.3335647,
            32.2456163
          ],
          [
            76.3336205,
            32.2456391
          ]
        ]
      },
      "id": "way/1194853872"
    },
    {
      "type": "Feature",
      "properties": {
        "@id": "way/1194853873",
        "highway": "footway"
      },
      "geometry": {
        "type": "LineString",
        "coordinates": [
          [
            76.3327371,
            32.2452616
          ],
          [
            76.3328123,
            32.2452476
          ],
          [
            76.3329175,
            32.2452941
          ]
        ]
      },
      "id": "way/1194853873"
    },
    {
      "type": "Feature",
      "properties": {
        "@id": "way/1194853874",
        "highway": "footway",
        "surface": "concrete"
      },
      "geometry": {
        "type": "LineString",
        "coordinates": [
          [
            76.3323889,
            32.245805
          ],
          [
            76.3324997,
            32.2457964
          ],
          [
            76.3326854,
            32.2457983
          ]
        ]
      },
      "id": "way/1194853874"
    },
    {
      "type": "Feature",
      "properties": {
        "@id": "way/1194853875",
        "handrail": "no",
        "highway": "steps",
        "incline": "up",
        "ramp": "no",
        "surface": "concrete"
      },
      "geometry": {
        "type": "LineString",
        "coordinates": [
          [
            76.3322324,
            32.2455755
          ],
          [
            76.3323782,
            32.2456312
          ]
        ]
      },
      "id": "way/1194853875"
    },
    {
      "type": "Feature",
      "properties": {
        "@id": "way/1194853876",
        "highway": "steps"
      },
      "geometry": {
        "type": "LineString",
        "coordinates": [
          [
            76.3328206,
            32.2453623
          ],
          [
            76.3326952,
            32.2455178
          ]
        ]
      },
      "id": "way/1194853876"
    },
    {
      "type": "Feature",
      "properties": {
        "@id": "way/1194857869",
        "highway": "path",
        "surface": "dirt"
      },
      "geometry": {
        "type": "LineString",
        "coordinates": [
          [
            76.3173363,
            32.2428568
          ],
          [
            76.3168137,
            32.2429946
          ],
          [
            76.3164999,
            32.2431441
          ],
          [
            76.316405,
            32.2432935
          ],
          [
            76.3163655,
            32.2433649
          ],
          [
            76.3163074,
            32.2433716
          ],
          [
            76.3162626,
            32.243434
          ],
          [
            76.3163061,
            32.2434842
          ]
        ]
      },
      "id": "way/1194857869"
    },
    {
      "type": "Feature",
      "properties": {
        "@id": "way/1194857872",
        "highway": "footway",
        "surface": "concrete"
      },
      "geometry": {
        "type": "LineString",
        "coordinates": [
          [
            76.3080566,
            32.2491846
          ],
          [
            76.3079778,
            32.2492407
          ],
          [
            76.3079063,
            32.2492931
          ],
          [
            76.3078878,
            32.2493133
          ]
        ]
      },
      "id": "way/1194857872"
    },
    {
      "type": "Feature",
      "properties": {
        "@id": "way/1194857873",
        "highway": "path"
      },
      "geometry": {
        "type": "LineString",
        "coordinates": [
          [
            76.3125844,
            32.2482736
          ],
          [
            76.3131396,
            32.2480731
          ],
          [
            76.3133711,
            32.2475928
          ],
          [
            76.313447,
            32.2471278
          ],
          [
            76.3134579,
            32.2467637
          ],
          [
            76.3135519,
            32.2464339
          ],
          [
            76.3139354,
            32.2463232
          ],
          [
            76.314326,
            32.246158
          ],
          [
            76.3146299,
            32.2459539
          ]
        ]
      },
      "id": "way/1194857873"
    },
    {
      "type": "Feature",
      "properties": {
        "@id": "way/1194857874",
        "highway": "path",
        "surface": "rock"
      },
      "geometry": {
        "type": "LineString",
        "coordinates": [
          [
            76.3287306,
            32.2487056
          ],
          [
            76.328849,
            32.2487027
          ],
          [
            76.3289746,
            32.248725
          ],
          [
            76.328993,
            32.2487738
          ]
        ]
      },
      "id": "way/1194857874"
    },
    {
      "type": "Feature",
      "properties": {
        "@id": "way/1194857875",
        "bridge": "yes",
        "handrail": "no",
        "highway": "steps",
        "incline": "up",
        "layer": "1",
        "ramp": "no",
        "surface": "concrete"
      },
      "geometry": {
        "type": "LineString",
        "coordinates": [
          [
            76.3321222,
            32.2458507
          ],
          [
            76.3320537,
            32.2458803
          ]
        ]
      },
      "id": "way/1194857875"
    },
    {
      "type": "Feature",
      "properties": {
        "@id": "way/1194857876",
        "handrail": "no",
        "highway": "steps",
        "incline": "up",
        "ramp": "no",
        "surface": "concrete"
      },
      "geometry": {
        "type": "LineString",
        "coordinates": [
          [
            76.33218,
            32.2458256
          ],
          [
            76.3321222,
            32.2458507
          ]
        ]
      },
      "id": "way/1194857876"
    },
    {
      "type": "Feature",
      "properties": {
        "@id": "way/1194954349",
        "highway": "tertiary",
        "lanes": "1",
        "name": "Bhagsu Road",
        "oneway": "no",
        "surface": "asphalt"
      },
      "geometry": {
        "type": "LineString",
        "coordinates": [
          [
            76.3266241,
            32.2401431
          ],
          [
            76.3268381,
            32.2399981
          ],
          [
            76.3269341,
            32.239907
          ],
          [
            76.3270674,
            32.2398393
          ],
          [
            76.3272796,
            32.239761
          ],
          [
            76.3273807,
            32.2397454
          ],
          [
            76.3276633,
            32.2397385
          ],
          [
            76.3279387,
            32.2397696
          ],
          [
            76.3280651,
            32.2397758
          ],
          [
            76.328535,
            32.2397195
          ],
          [
            76.3287364,
            32.2396512
          ],
          [
            76.3288356,
            32.2396456
          ],
          [
            76.3292023,
            32.2395855
          ],
          [
            76.329482,
            32.239551
          ],
          [
            76.3296269,
            32.239561
          ],
          [
            76.3299195,
            32.2396158
          ],
          [
            76.3301035,
            32.2395911
          ],
          [
            76.3302505,
            32.2395219
          ],
          [
            76.3305185,
            32.2394489
          ],
          [
            76.3308342,
            32.2392787
          ],
          [
            76.3311727,
            32.2391977
          ],
          [
            76.3311891,
            32.2391961
          ],
          [
            76.3313875,
            32.2391766
          ],
          [
            76.3315562,
            32.2391975
          ],
          [
            76.3316992,
            32.2393116
          ],
          [
            76.3317906,
            32.2395821
          ],
          [
            76.3318328,
            32.239742
          ],
          [
            76.3319234,
            32.2399273
          ],
          [
            76.3322139,
            32.2405034
          ],
          [
            76.3323105,
            32.2406299
          ],
          [
            76.3323502,
            32.2407622
          ],
          [
            76.3322624,
            32.2412368
          ],
          [
            76.3322492,
            32.241308
          ],
          [
            76.3322336,
            32.2416237
          ],
          [
            76.332253,
            32.2420478
          ],
          [
            76.3321908,
            32.2423733
          ],
          [
            76.3320781,
            32.2426396
          ],
          [
            76.3321209,
            32.2429388
          ],
          [
            76.3320779,
            32.2432193
          ],
          [
            76.3320824,
            32.2433577
          ],
          [
            76.3321951,
            32.2434563
          ],
          [
            76.3323848,
            32.2434985
          ],
          [
            76.332566,
            32.2434917
          ],
          [
            76.3326842,
            32.2434666
          ],
          [
            76.3327325,
            32.2434796
          ]
        ]
      },
      "id": "way/1194954349"
    },
    {
      "type": "Feature",
      "properties": {
        "@id": "way/1194994477",
        "highway": "path"
      },
      "geometry": {
        "type": "LineString",
        "coordinates": [
          [
            76.333788,
            32.2456511
          ],
          [
            76.3338045,
            32.2456447
          ],
          [
            76.3337905,
            32.2455666
          ],
          [
            76.3337946,
            32.2455386
          ],
          [
            76.3338154,
            32.245582
          ],
          [
            76.3338403,
            32.2455162
          ],
          [
            76.3338548,
            32.2455662
          ],
          [
            76.3339372,
            32.2455333
          ],
          [
            76.3339113,
            32.2455789
          ],
          [
            76.333874,
            32.2456236
          ],
          [
            76.3338703,
            32.2456767
          ],
          [
            76.333931,
            32.2457311
          ],
          [
            76.3339982,
            32.2457257
          ],
          [
            76.334056,
            32.245721
          ],
          [
            76.3340827,
            32.2457168
          ],
          [
            76.3341623,
            32.2457044
          ],
          [
            76.3342718,
            32.2457465
          ],
          [
            76.3344475,
            32.2457848
          ],
          [
            76.3344575,
            32.2459177
          ],
          [
            76.3344637,
            32.2460005
          ],
          [
            76.3344653,
            32.2460218
          ],
          [
            76.3345158,
            32.2461163
          ],
          [
            76.3344852,
            32.2462041
          ]
        ]
      },
      "id": "way/1194994477"
    },
    {
      "type": "Feature",
      "properties": {
        "@id": "way/1194994478",
        "access": "permissive",
        "highway": "steps"
      },
      "geometry": {
        "type": "LineString",
        "coordinates": [
          [
            76.3336764,
            32.2456618
          ],
          [
            76.3337002,
            32.2456855
          ]
        ]
      },
      "id": "way/1194994478"
    },
    {
      "type": "Feature",
      "properties": {
        "@id": "way/1194994479",
        "access": "permissive",
        "highway": "footway",
        "motor_vehicle": "no"
      },
      "geometry": {
        "type": "LineString",
        "coordinates": [
          [
            76.3336205,
            32.2456391
          ],
          [
            76.3336764,
            32.2456618
          ]
        ]
      },
      "id": "way/1194994479"
    },
    {
      "type": "Feature",
      "properties": {
        "@id": "way/1194994480",
        "access": "permissive",
        "highway": "path",
        "motor_vehicle": "no"
      },
      "geometry": {
        "type": "LineString",
        "coordinates": [
          [
            76.3337002,
            32.2456855
          ],
          [
            76.333788,
            32.2456511
          ]
        ]
      },
      "id": "way/1194994480"
    },
    {
      "type": "Feature",
      "properties": {
        "@id": "way/1194994482",
        "highway": "path"
      },
      "geometry": {
        "type": "LineString",
        "coordinates": [
          [
            76.334056,
            32.245721
          ],
          [
            76.3340193,
            32.2456789
          ],
          [
            76.3340285,
            32.2455904
          ],
          [
            76.3340591,
            32.2455092
          ],
          [
            76.3341039,
            32.2454905
          ]
        ]
      },
      "id": "way/1194994482"
    },
    {
      "type": "Feature",
      "properties": {
        "@id": "way/1194994483",
        "highway": "path"
      },
      "geometry": {
        "type": "LineString",
        "coordinates": [
          [
            76.3343912,
            32.2461383
          ],
          [
            76.3344185,
            32.2460493
          ],
          [
            76.3344637,
            32.2460005
          ]
        ]
      },
      "id": "way/1194994483"
    },
    {
      "type": "Feature",
      "properties": {
        "@id": "way/1195000783",
        "highway": "footway",
        "surface": "concrete"
      },
      "geometry": {
        "type": "LineString",
        "coordinates": [
          [
            76.3320263,
            32.2463254
          ],
          [
            76.3321945,
            32.246362
          ],
          [
            76.3323224,
            32.2463078
          ],
          [
            76.3325084,
            32.2463496
          ],
          [
            76.3325762,
            32.2463152
          ],
          [
            76.3327123,
            32.2463288
          ],
          [
            76.3328622,
            32.2462795
          ],
          [
            76.3329776,
            32.246218
          ]
        ]
      },
      "id": "way/1195000783"
    },
    {
      "type": "Feature",
      "properties": {
        "@id": "way/1195000784",
        "foot": "designated",
        "handrail": "no",
        "highway": "steps",
        "incline": "down",
        "ramp": "no",
        "surface": "concrete"
      },
      "geometry": {
        "type": "LineString",
        "coordinates": [
          [
            76.3317262,
            32.2471499
          ],
          [
            76.3316905,
            32.2470776
          ],
          [
            76.3316433,
            32.2469209
          ],
          [
            76.3316958,
            32.2468203
          ],
          [
            76.3318445,
            32.2465777
          ]
        ]
      },
      "id": "way/1195000784"
    },
    {
      "type": "Feature",
      "properties": {
        "@id": "way/1195000785",
        "handrail": "no",
        "highway": "steps",
        "incline": "up",
        "ramp": "no",
        "surface": "concrete"
      },
      "geometry": {
        "type": "LineString",
        "coordinates": [
          [
            76.3320263,
            32.2463254
          ],
          [
            76.3319424,
            32.2464376
          ]
        ]
      },
      "id": "way/1195000785"
    },
    {
      "type": "Feature",
      "properties": {
        "@id": "way/1195000788",
        "foot": "designated",
        "handrail": "no",
        "highway": "steps",
        "incline": "down",
        "ramp": "no",
        "surface": "concrete"
      },
      "geometry": {
        "type": "LineString",
        "coordinates": [
          [
            76.3318445,
            32.2465777
          ],
          [
            76.3319424,
            32.2464376
          ]
        ]
      },
      "id": "way/1195000788"
    },
    {
      "type": "Feature",
      "properties": {
        "@id": "way/1195000789",
        "highway": "footway"
      },
      "geometry": {
        "type": "LineString",
        "coordinates": [
          [
            76.3318445,
            32.2465777
          ],
          [
            76.3319033,
            32.2466134
          ],
          [
            76.3321037,
            32.2466301
          ],
          [
            76.3322971,
            32.2466559
          ],
          [
            76.3323822,
            32.2467159
          ],
          [
            76.3326135,
            32.2467101
          ]
        ]
      },
      "id": "way/1195000789"
    },
    {
      "type": "Feature",
      "properties": {
        "@id": "way/1195001941",
        "highway": "footway",
        "surface": "sett"
      },
      "geometry": {
        "type": "LineString",
        "coordinates": [
          [
            76.3345056,
            32.2441621
          ],
          [
            76.334516,
            32.2440198
          ],
          [
            76.3345253,
            32.2439344
          ]
        ]
      },
      "id": "way/1195001941"
    },
    {
      "type": "Feature",
      "properties": {
        "@id": "way/1195001942",
        "handrail": "no",
        "highway": "steps",
        "incline": "down",
        "ramp": "no",
        "surface": "concrete"
      },
      "geometry": {
        "type": "LineString",
        "coordinates": [
          [
            76.3345025,
            32.2442255
          ],
          [
            76.3345056,
            32.2441621
          ]
        ]
      },
      "id": "way/1195001942"
    },
    {
      "type": "Feature",
      "properties": {
        "@id": "way/1195249242",
        "bicycle": "no",
        "foot": "designated",
        "highway": "path",
        "name": "Triund Hill Trail 2",
        "sac_scale": "demanding_mountain_hiking",
        "surface": "ground"
      },
      "geometry": {
        "type": "LineString",
        "coordinates": [
          [
            76.3346285,
            32.2509524
          ],
          [
            76.3345013,
            32.2509713
          ],
          [
            76.3341684,
            32.2508678
          ],
          [
            76.3340917,
            32.2506689
          ],
          [
            76.3339393,
            32.2507061
          ],
          [
            76.3338083,
            32.2506552
          ],
          [
            76.3337335,
            32.2504426
          ],
          [
            76.333495,
            32.2503821
          ],
          [
            76.3333913,
            32.2502385
          ],
          [
            76.3332511,
            32.2504426
          ],
          [
            76.3330327,
            32.250531
          ],
          [
            76.332891,
            32.2505001
          ]
        ]
      },
      "id": "way/1195249242"
    },
    {
      "type": "Feature",
      "properties": {
        "@id": "way/1195249243",
        "highway": "track",
        "surface": "gravel",
        "tracktype": "grade2"
      },
      "geometry": {
        "type": "LineString",
        "coordinates": [
          [
            76.332608,
            32.2497689
          ],
          [
            76.3325966,
            32.2497998
          ],
          [
            76.3325239,
            32.2499426
          ],
          [
            76.3325003,
            32.2500745
          ],
          [
            76.3325351,
            32.2501701
          ]
        ]
      },
      "id": "way/1195249243"
    },
    {
      "type": "Feature",
      "properties": {
        "@id": "way/1195249244",
        "handrail": "no",
        "highway": "steps",
        "incline": "up",
        "ramp": "no",
        "surface": "concrete"
      },
      "geometry": {
        "type": "LineString",
        "coordinates": [
          [
            76.3291273,
            32.251269
          ],
          [
            76.3290983,
            32.2513929
          ],
          [
            76.3291517,
            32.251509
          ],
          [
            76.3291979,
            32.2516093
          ],
          [
            76.3291853,
            32.2517171
          ],
          [
            76.3292548,
            32.2518488
          ],
          [
            76.3292168,
            32.2519948
          ],
          [
            76.3292426,
            32.2520642
          ],
          [
            76.3291658,
            32.2522315
          ]
        ]
      },
      "id": "way/1195249244"
    },
    {
      "type": "Feature",
      "properties": {
        "@id": "way/1195249245",
        "handrail": "no",
        "highway": "steps",
        "incline": "up",
        "ramp": "no",
        "surface": "concrete"
      },
      "geometry": {
        "type": "LineString",
        "coordinates": [
          [
            76.3287462,
            32.2528338
          ],
          [
            76.3286796,
            32.2529645
          ],
          [
            76.3286864,
            32.253096
          ],
          [
            76.3286701,
            32.2531983
          ],
          [
            76.3287013,
            32.2532965
          ],
          [
            76.3287095,
            32.2533798
          ],
          [
            76.3286719,
            32.2534116
          ],
          [
            76.3284875,
            32.2535936
          ],
          [
            76.3283756,
            32.2537039
          ]
        ]
      },
      "id": "way/1195249245"
    },
    {
      "type": "Feature",
      "properties": {
        "@id": "way/1195249247",
        "highway": "track",
        "surface": "ground",
        "tracktype": "grade2"
      },
      "geometry": {
        "type": "LineString",
        "coordinates": [
          [
            76.3305646,
            32.2519614
          ],
          [
            76.3304903,
            32.2519681
          ],
          [
            76.3304257,
            32.2519581
          ],
          [
            76.3303514,
            32.2518986
          ],
          [
            76.3302713,
            32.251887
          ],
          [
            76.3302009,
            32.2519019
          ],
          [
            76.3301305,
            32.2519581
          ],
          [
            76.3297551,
            32.2520491
          ],
          [
            76.3296475,
            32.2521715
          ],
          [
            76.3294598,
            32.252226
          ],
          [
            76.3293288,
            32.2523004
          ],
          [
            76.3292819,
            32.2524178
          ],
          [
            76.3291646,
            32.2524856
          ],
          [
            76.329108,
            32.2525316
          ],
          [
            76.329014,
            32.2526229
          ]
        ]
      },
      "id": "way/1195249247"
    },
    {
      "type": "Feature",
      "properties": {
        "@id": "way/1195249248",
        "foot": "designated",
        "highway": "path",
        "surface": "dirt"
      },
      "geometry": {
        "type": "LineString",
        "coordinates": [
          [
            76.3295924,
            32.2510378
          ],
          [
            76.3298844,
            32.2512742
          ],
          [
            76.3299782,
            32.2513331
          ],
          [
            76.3299725,
            32.2515128
          ]
        ]
      },
      "id": "way/1195249248"
    },
    {
      "type": "Feature",
      "properties": {
        "@id": "way/1195249249",
        "highway": "track",
        "surface": "ground",
        "tracktype": "grade2"
      },
      "geometry": {
        "type": "LineString",
        "coordinates": [
          [
            76.3299725,
            32.2515128
          ],
          [
            76.3300715,
            32.2514651
          ],
          [
            76.3301593,
            32.2514444
          ],
          [
            76.330237,
            32.2514556
          ],
          [
            76.3303282,
            32.2515441
          ],
          [
            76.3303886,
            32.251628
          ],
          [
            76.3304323,
            32.2517611
          ],
          [
            76.330504,
            32.2518473
          ],
          [
            76.3305587,
            32.2518804
          ],
          [
            76.3305646,
            32.2519614
          ]
        ]
      },
      "id": "way/1195249249"
    },
    {
      "type": "Feature",
      "properties": {
        "@id": "way/1195249251",
        "cycleway:both": "no",
        "highway": "residential",
        "lane_markings": "no",
        "surface": "concrete"
      },
      "geometry": {
        "type": "LineString",
        "coordinates": [
          [
            76.3318506,
            32.2463626
          ],
          [
            76.3320342,
            32.246103
          ],
          [
            76.33218,
            32.2458256
          ]
        ]
      },
      "id": "way/1195249251"
    },
    {
      "type": "Feature",
      "properties": {
        "@id": "way/1195249252",
        "foot": "designated",
        "highway": "steps",
        "incline": "up",
        "surface": "concrete"
      },
      "geometry": {
        "type": "LineString",
        "coordinates": [
          [
            76.3319424,
            32.2464376
          ],
          [
            76.3319055,
            32.246448
          ],
          [
            76.3318577,
            32.2464525
          ],
          [
            76.3318449,
            32.2464228
          ],
          [
            76.331865,
            32.2463739
          ],
          [
            76.3318506,
            32.2463626
          ]
        ]
      },
      "id": "way/1195249252"
    },
    {
      "type": "Feature",
      "properties": {
        "@id": "way/1195539432",
        "highway": "track",
        "surface": "concrete",
        "tracktype": "grade1"
      },
      "geometry": {
        "type": "LineString",
        "coordinates": [
          [
            76.3324351,
            32.2496377
          ],
          [
            76.3324241,
            32.2497828
          ],
          [
            76.3324442,
            32.2498094
          ],
          [
            76.332536,
            32.2497252
          ],
          [
            76.3325973,
            32.2496735
          ],
          [
            76.3326244,
            32.2496869
          ],
          [
            76.332608,
            32.2497689
          ]
        ]
      },
      "id": "way/1195539432"
    },
    {
      "type": "Feature",
      "properties": {
        "@id": "way/1195539433",
        "highway": "track",
        "surface": "concrete",
        "tracktype": "grade1"
      },
      "geometry": {
        "type": "LineString",
        "coordinates": [
          [
            76.3324967,
            32.2494963
          ],
          [
            76.3324351,
            32.2496377
          ]
        ]
      },
      "id": "way/1195539433"
    },
    {
      "type": "Feature",
      "properties": {
        "@id": "way/1195539434",
        "foot": "designated",
        "highway": "path",
        "surface": "dirt"
      },
      "geometry": {
        "type": "LineString",
        "coordinates": [
          [
            76.332608,
            32.2497689
          ],
          [
            76.3326909,
            32.2496063
          ],
          [
            76.3326439,
            32.2495877
          ],
          [
            76.3324351,
            32.2496377
          ]
        ]
      },
      "id": "way/1195539434"
    },
    {
      "type": "Feature",
      "properties": {
        "@id": "way/1196024485",
        "highway": "footway",
        "surface": "concrete"
      },
      "geometry": {
        "type": "LineString",
        "coordinates": [
          [
            76.3291658,
            32.2522315
          ],
          [
            76.3291863,
            32.2523869
          ],
          [
            76.3291562,
            32.252439
          ],
          [
            76.3290554,
            32.2525157
          ],
          [
            76.3289937,
            32.2525515
          ],
          [
            76.3288007,
            32.2526902
          ]
        ]
      },
      "id": "way/1196024485"
    },
    {
      "type": "Feature",
      "properties": {
        "@id": "way/1196024486",
        "handrail": "no",
        "highway": "steps",
        "incline": "up",
        "ramp": "no",
        "surface": "concrete"
      },
      "geometry": {
        "type": "LineString",
        "coordinates": [
          [
            76.3288007,
            32.2526902
          ],
          [
            76.3287462,
            32.2528338
          ]
        ]
      },
      "id": "way/1196024486"
    },
    {
      "type": "Feature",
      "properties": {
        "@id": "way/1196050714",
        "handrail": "no",
        "highway": "steps",
        "incline": "up",
        "ramp": "no",
        "surface": "concrete"
      },
      "geometry": {
        "type": "LineString",
        "coordinates": [
          [
            76.3295154,
            32.24823
          ],
          [
            76.3294383,
            32.2483173
          ],
          [
            76.329408,
            32.2483429
          ],
          [
            76.3292665,
            32.2484914
          ],
          [
            76.3292086,
            32.2485926
          ],
          [
            76.3290685,
            32.2486756
          ]
        ]
      },
      "id": "way/1196050714"
    },
    {
      "type": "Feature",
      "properties": {
        "@id": "way/1196058105",
        "bicycle": "no",
        "highway": "path",
        "surface": "concrete"
      },
      "geometry": {
        "type": "LineString",
        "coordinates": [
          [
            76.3293724,
            32.2476862
          ],
          [
            76.3293513,
            32.2479252
          ],
          [
            76.3295162,
            32.247974
          ],
          [
            76.3295378,
            32.2479969
          ],
          [
            76.3295543,
            32.2480899
          ],
          [
            76.3295154,
            32.24823
          ]
        ]
      },
      "id": "way/1196058105"
    },
    {
      "type": "Feature",
      "properties": {
        "@id": "way/1196058106",
        "highway": "footway",
        "surface": "ground"
      },
      "geometry": {
        "type": "LineString",
        "coordinates": [
          [
            76.329758,
            32.2475462
          ],
          [
            76.3298213,
            32.2474686
          ],
          [
            76.3300691,
            32.2474222
          ],
          [
            76.3302252,
            32.247334
          ],
          [
            76.3303322,
            32.2473437
          ],
          [
            76.3304467,
            32.2473646
          ],
          [
            76.3305067,
            32.2473495
          ],
          [
            76.3305073,
            32.2472801
          ]
        ]
      },
      "id": "way/1196058106"
    },
    {
      "type": "Feature",
      "properties": {
        "@id": "way/1196058107",
        "handrail": "no",
        "highway": "steps",
        "incline": "down",
        "ramp": "no",
        "surface": "concrete"
      },
      "geometry": {
        "type": "LineString",
        "coordinates": [
          [
            76.3290244,
            32.248733
          ],
          [
            76.3290685,
            32.2486756
          ]
        ]
      },
      "id": "way/1196058107"
    },
    {
      "type": "Feature",
      "properties": {
        "@id": "way/1196059625",
        "highway": "path"
      },
      "geometry": {
        "type": "LineString",
        "coordinates": [
          [
            76.3300714,
            32.2470641
          ],
          [
            76.3300146,
            32.2470728
          ],
          [
            76.3299648,
            32.2470414
          ],
          [
            76.3299918,
            32.2469774
          ],
          [
            76.3299775,
            32.2468897
          ],
          [
            76.3299935,
            32.2468208
          ],
          [
            76.3299948,
            32.2467309
          ],
          [
            76.3299438,
            32.2466951
          ],
          [
            76.3299206,
            32.2466302
          ],
          [
            76.3298735,
            32.2464503
          ],
          [
            76.3298191,
            32.2465661
          ],
          [
            76.3297514,
            32.2465346
          ],
          [
            76.3296999,
            32.2466222
          ],
          [
            76.3296789,
            32.246728
          ],
          [
            76.3296755,
            32.2467632
          ],
          [
            76.329631,
            32.24681
          ],
          [
            76.3295414,
            32.2467973
          ]
        ]
      },
      "id": "way/1196059625"
    },
    {
      "type": "Feature",
      "properties": {
        "@id": "way/1196059626",
        "highway": "path",
        "surface": "rock"
      },
      "geometry": {
        "type": "LineString",
        "coordinates": [
          [
            76.3299581,
            32.246425
          ],
          [
            76.3299107,
            32.2462686
          ],
          [
            76.3299053,
            32.2460297
          ],
          [
            76.3299232,
            32.2459131
          ]
        ]
      },
      "id": "way/1196059626"
    },
    {
      "type": "Feature",
      "properties": {
        "@id": "way/1196388120",
        "foot": "designated",
        "highway": "path",
        "surface": "ground"
      },
      "geometry": {
        "type": "LineString",
        "coordinates": [
          [
            76.332891,
            32.2505001
          ],
          [
            76.3327943,
            32.2505255
          ],
          [
            76.3327251,
            32.2504317
          ],
          [
            76.3327545,
            32.2503273
          ],
          [
            76.3326205,
            32.2503831
          ],
          [
            76.3325351,
            32.2501701
          ]
        ]
      },
      "id": "way/1196388120"
    },
    {
      "type": "Feature",
      "properties": {
        "@id": "way/1196388121",
        "highway": "path",
        "surface": "dirt"
      },
      "geometry": {
        "type": "LineString",
        "coordinates": [
          [
            76.332891,
            32.2505001
          ],
          [
            76.3329583,
            32.2506582
          ],
          [
            76.3330323,
            32.2508342
          ],
          [
            76.3331397,
            32.2510143
          ],
          [
            76.3330919,
            32.2510961
          ],
          [
            76.3329355,
            32.251268
          ],
          [
            76.3328703,
            32.2512953
          ],
          [
            76.3328778,
            32.251322
          ],
          [
            76.3328067,
            32.2513523
          ],
          [
            76.3328427,
            32.2513963
          ],
          [
            76.3327582,
            32.2514352
          ]
        ]
      },
      "id": "way/1196388121"
    },
    {
      "type": "Feature",
      "properties": {
        "@id": "way/1196391242",
        "highway": "steps"
      },
      "geometry": {
        "type": "LineString",
        "coordinates": [
          [
            76.3272171,
            32.2454566
          ],
          [
            76.3271495,
            32.2448366
          ]
        ]
      },
      "id": "way/1196391242"
    },
    {
      "type": "Feature",
      "properties": {
        "@id": "way/1196391243",
        "highway": "path"
      },
      "geometry": {
        "type": "LineString",
        "coordinates": [
          [
            76.3300544,
            32.2441483
          ],
          [
            76.3301863,
            32.2440408
          ],
          [
            76.3303153,
            32.2439887
          ]
        ]
      },
      "id": "way/1196391243"
    },
    {
      "type": "Feature",
      "properties": {
        "@id": "way/1196391244",
        "highway": "residential"
      },
      "geometry": {
        "type": "LineString",
        "coordinates": [
          [
            76.3276992,
            32.2453244
          ],
          [
            76.3278012,
            32.2452698
          ],
          [
            76.3278373,
            32.2453012
          ],
          [
            76.3278026,
            32.2453427
          ],
          [
            76.327751,
            32.2454051
          ],
          [
            76.3277171,
            32.2455195
          ],
          [
            76.3277023,
            32.2455693
          ]
        ]
      },
      "id": "way/1196391244"
    },
    {
      "type": "Feature",
      "properties": {
        "@id": "way/1228414248",
        "highway": "path",
        "incline": "up",
        "surface": "rock"
      },
      "geometry": {
        "type": "LineString",
        "coordinates": [
          [
            76.3313575,
            32.2465924
          ],
          [
            76.3312383,
            32.2466695
          ],
          [
            76.3311628,
            32.246845
          ],
          [
            76.3311436,
            32.2469365
          ],
          [
            76.3310984,
            32.2470126
          ],
          [
            76.331082,
            32.2472252
          ],
          [
            76.3309889,
            32.2474171
          ]
        ]
      },
      "id": "way/1228414248"
    },
    {
      "type": "Feature",
      "properties": {
        "@id": "way/1229057399",
        "highway": "path",
        "lit": "no",
        "surface": "grass"
      },
      "geometry": {
        "type": "LineString",
        "coordinates": [
          [
            76.3322552,
            32.2492764
          ],
          [
            76.3322123,
            32.2492909
          ],
          [
            76.3320285,
            32.2492851
          ],
          [
            76.3319923,
            32.2492962
          ],
          [
            76.3319006,
            32.2493243
          ],
          [
            76.3317672,
            32.2494138
          ],
          [
            76.3317551,
            32.2494233
          ]
        ]
      },
      "id": "way/1229057399"
    },
    {
      "type": "Feature",
      "properties": {
        "@id": "way/1229615865",
        "foot": "designated",
        "highway": "path",
        "surface": "rock"
      },
      "geometry": {
        "type": "LineString",
        "coordinates": [
          [
            76.3324967,
            32.2494963
          ],
          [
            76.3325093,
            32.2494272
          ],
          [
            76.3326004,
            32.2493184
          ],
          [
            76.3326718,
            32.2492331
          ],
          [
            76.3325392,
            32.2492327
          ],
          [
            76.3325591,
            32.2491504
          ],
          [
            76.3324905,
            32.2491466
          ],
          [
            76.3325104,
            32.249055
          ],
          [
            76.3324662,
            32.2490325
          ],
          [
            76.3325071,
            32.2489736
          ]
        ]
      },
      "id": "way/1229615865"
    },
    {
      "type": "Feature",
      "properties": {
        "@id": "way/1229615866",
        "foot": "designated",
        "highway": "path",
        "surface": "paving_stones"
      },
      "geometry": {
        "type": "LineString",
        "coordinates": [
          [
            76.3324496,
            32.2488567
          ],
          [
            76.3324153,
            32.2487958
          ],
          [
            76.3323537,
            32.2486929
          ],
          [
            76.3324164,
            32.2486742
          ],
          [
            76.3323018,
            32.2485481
          ],
          [
            76.3323235,
            32.2485049
          ],
          [
            76.3322589,
            32.2484695
          ]
        ]
      },
      "id": "way/1229615866"
    },
    {
      "type": "Feature",
      "properties": {
        "@id": "way/1229615867",
        "foot": "designated",
        "highway": "path",
        "surface": "concrete"
      },
      "geometry": {
        "type": "LineString",
        "coordinates": [
          [
            76.3322589,
            32.2484695
          ],
          [
            76.3322272,
            32.2483435
          ],
          [
            76.3322471,
            32.2482668
          ],
          [
            76.3321982,
            32.2481599
          ]
        ]
      },
      "id": "way/1229615867"
    },
    {
      "type": "Feature",
      "properties": {
        "@id": "way/1229630154",
        "highway": "track",
        "surface": "concrete",
        "tracktype": "grade1"
      },
      "geometry": {
        "type": "LineString",
        "coordinates": [
          [
            76.3324496,
            32.2488567
          ],
          [
            76.3323775,
            32.248923
          ],
          [
            76.3323989,
            32.2489811
          ],
          [
            76.3325071,
            32.2489736
          ]
        ]
      },
      "id": "way/1229630154"
    },
    {
      "type": "Feature",
      "properties": {
        "@id": "way/1230068868",
        "access": "permissive",
        "highway": "path",
        "sac_scale": "hiking",
        "surface": "dirt",
        "trail_visibility": "excellent"
      },
      "geometry": {
        "type": "LineString",
        "coordinates": [
          [
            76.3209862,
            32.2527304
          ],
          [
            76.320915,
            32.2525354
          ],
          [
            76.3209043,
            32.2524084
          ],
          [
            76.3208345,
            32.2521816
          ],
          [
            76.3208131,
            32.25205
          ],
          [
            76.3206736,
            32.2519547
          ],
          [
            76.3204268,
            32.2518549
          ],
          [
            76.3203142,
            32.2518096
          ],
          [
            76.3201318,
            32.2518685
          ],
          [
            76.3198904,
            32.2518867
          ],
          [
            76.3196222,
            32.2519502
          ],
          [
            76.3191769,
            32.2520273
          ]
        ]
      },
      "id": "way/1230068868"
    },
    {
      "type": "Feature",
      "properties": {
        "@id": "way/1230068869",
        "highway": "path",
        "sac_scale": "hiking",
        "surface": "dirt",
        "trail_visibility": "excellent"
      },
      "geometry": {
        "type": "LineString",
        "coordinates": [
          [
            76.3209915,
            32.2527506
          ],
          [
            76.3209862,
            32.2527304
          ]
        ]
      },
      "id": "way/1230068869"
    },
    {
      "type": "Feature",
      "properties": {
        "@id": "way/1293365121",
        "highway": "footway",
        "surface": "concrete"
      },
      "geometry": {
        "type": "LineString",
        "coordinates": [
          [
            76.3321957,
            32.2455129
          ],
          [
            76.3321846,
            32.2454727
          ]
        ]
      },
      "id": "way/1293365121"
    },
    {
      "type": "Feature",
      "properties": {
        "@id": "way/1383954035",
        "highway": "steps",
        "incline": "down"
      },
      "geometry": {
        "type": "LineString",
        "coordinates": [
          [
            76.3333411,
            32.2462219
          ],
          [
            76.3333756,
            32.2461296
          ]
        ]
      },
      "id": "way/1383954035"
    },
    {
      "type": "Feature",
      "properties": {
        "@id": "way/1383954036",
        "highway": "footway",
        "surface": "ground"
      },
      "geometry": {
        "type": "LineString",
        "coordinates": [
          [
            76.3333756,
            32.2461296
          ],
          [
            76.3334533,
            32.2461329
          ]
        ]
      },
      "id": "way/1383954036"
    },
    {
      "type": "Feature",
      "properties": {
        "@id": "way/1383955773",
        "handrail": "no",
        "highway": "steps",
        "incline": "up"
      },
      "geometry": {
        "type": "LineString",
        "coordinates": [
          [
            76.3317857,
            32.2460294
          ],
          [
            76.331709,
            32.2460046
          ],
          [
            76.3317175,
            32.245979
          ],
          [
            76.3316445,
            32.2459664
          ]
        ]
      },
      "id": "way/1383955773"
    },
    {
      "type": "Feature",
      "properties": {
        "@id": "way/1383955774",
        "highway": "path",
        "surface": "ground"
      },
      "geometry": {
        "type": "LineString",
        "coordinates": [
          [
            76.3333203,
            32.2461363
          ],
          [
            76.3332128,
            32.2460892
          ],
          [
            76.3330561,
            32.2460901
          ],
          [
            76.3332007,
            32.2460033
          ],
          [
            76.333364,
            32.2460463
          ],
          [
            76.3335317,
            32.2460425
          ],
          [
            76.3336707,
            32.2460463
          ],
          [
            76.3337811,
            32.246092
          ],
          [
            76.3339234,
            32.2460761
          ],
          [
            76.3340371,
            32.2459725
          ],
          [
            76.334047,
            32.2458456
          ],
          [
            76.334056,
            32.245721
          ]
        ]
      },
      "id": "way/1383955774"
    },
    {
      "type": "Feature",
      "properties": {
        "@id": "way/1383955775",
        "highway": "path",
        "surface": "ground"
      },
      "geometry": {
        "type": "LineString",
        "coordinates": [
          [
            76.3339982,
            32.2457257
          ],
          [
            76.3340093,
            32.2457834
          ],
          [
            76.3338889,
            32.2458845
          ],
          [
            76.3337788,
            32.2459485
          ],
          [
            76.3336516,
            32.2459354
          ],
          [
            76.3335768,
            32.2459405
          ],
          [
            76.3335226,
            32.2459223
          ],
          [
            76.3334169,
            32.2458307
          ],
          [
            76.3333618,
            32.2457376
          ],
          [
            76.3331569,
            32.2456739
          ]
        ]
      },
      "id": "way/1383955775"
    },
    {
      "type": "Feature",
      "properties": {
        "@id": "way/1383955776",
        "highway": "path",
        "surface": "ground"
      },
      "geometry": {
        "type": "LineString",
        "coordinates": [
          [
            76.3340827,
            32.2457168
          ],
          [
            76.3340882,
            32.2456606
          ],
          [
            76.3341208,
            32.2456054
          ],
          [
            76.3341919,
            32.245486
          ],
          [
            76.3342523,
            32.2454056
          ],
          [
            76.334266,
            32.2453874
          ],
          [
            76.3343657,
            32.2453122
          ]
        ]
      },
      "id": "way/1383955776"
    },
    {
      "type": "Feature",
      "properties": {
        "@id": "way/1383955777",
        "highway": "path"
      },
      "geometry": {
        "type": "LineString",
        "coordinates": [
          [
            76.3303877,
            32.2463141
          ],
          [
            76.3303878,
            32.246195
          ],
          [
            76.3303898,
            32.2460668
          ]
        ]
      },
      "id": "way/1383955777"
    },
    {
      "type": "Feature",
      "properties": {
        "@id": "way/1383955778",
        "highway": "path"
      },
      "geometry": {
        "type": "LineString",
        "coordinates": [
          [
            76.3298735,
            32.2464503
          ],
          [
            76.329736,
            32.2464045
          ],
          [
            76.3296341,
            32.246409
          ],
          [
            76.3297265,
            32.246233
          ],
          [
            76.3294303,
            32.2462725
          ],
          [
            76.3292509,
            32.2462348
          ],
          [
            76.3291246,
            32.2462672
          ],
          [
            76.3288923,
            32.2462526
          ],
          [
            76.3288112,
            32.2462616
          ],
          [
            76.3287513,
            32.2463734
          ],
          [
            76.3285697,
            32.2463093
          ],
          [
            76.3283934,
            32.2463048
          ],
          [
            76.3281518,
            32.2463317
          ],
          [
            76.3280552,
            32.2463365
          ]
        ]
      },
      "id": "way/1383955778"
    },
    {
      "type": "Feature",
      "properties": {
        "@id": "way/1384020985",
        "highway": "path",
        "surface": "ground"
      },
      "geometry": {
        "type": "LineString",
        "coordinates": [
          [
            76.3332859,
            32.2463632
          ],
          [
            76.3333411,
            32.2462219
          ]
        ]
      },
      "id": "way/1384020985"
    },
    {
      "type": "Feature",
      "properties": {
        "@id": "way/1384020986",
        "highway": "footway",
        "surface": "ground"
      },
      "geometry": {
        "type": "LineString",
        "coordinates": [
          [
            76.3330063,
            32.24622
          ],
          [
            76.3331284,
            32.2461596
          ],
          [
            76.3333203,
            32.2461363
          ],
          [
            76.3333756,
            32.2461296
          ]
        ]
      },
      "id": "way/1384020986"
    },
    {
      "type": "Feature",
      "properties": {
        "@id": "way/1384020987",
        "highway": "steps"
      },
      "geometry": {
        "type": "LineString",
        "coordinates": [
          [
            76.3329082,
            32.2461982
          ],
          [
            76.3329776,
            32.246218
          ],
          [
            76.3330063,
            32.24622
          ]
        ]
      },
      "id": "way/1384020987"
    },
    {
      "type": "Feature",
      "properties": {
        "@id": "way/1384020988",
        "highway": "path"
      },
      "geometry": {
        "type": "LineString",
        "coordinates": [
          [
            76.3329082,
            32.2461982
          ],
          [
            76.3328491,
            32.2461575
          ],
          [
            76.3327314,
            32.2461432
          ],
          [
            76.3324883,
            32.2461387
          ]
        ]
      },
      "id": "way/1384020988"
    },
    {
      "type": "Feature",
      "properties": {
        "@id": "way/1384020989",
        "highway": "path",
        "surface": "dirt"
      },
      "geometry": {
        "type": "LineString",
        "coordinates": [
          [
            76.3318242,
            32.2473053
          ],
          [
            76.3322595,
            32.2472763
          ]
        ]
      },
      "id": "way/1384020989"
    },
    {
      "type": "Feature",
      "properties": {
        "@id": "way/1384020990",
        "highway": "path",
        "surface": "dirt"
      },
      "geometry": {
        "type": "LineString",
        "coordinates": [
          [
            76.3322595,
            32.2472763
          ],
          [
            76.3325795,
            32.2473025
          ]
        ]
      },
      "id": "way/1384020990"
    },
    {
      "type": "Feature",
      "properties": {
        "@id": "way/1384225479",
        "highway": "path",
        "surface": "dirt"
      },
      "geometry": {
        "type": "LineString",
        "coordinates": [
          [
            76.3296534,
            32.2475953
          ],
          [
            76.3297247,
            32.2477042
          ],
          [
            76.3298186,
            32.2477714
          ]
        ]
      },
      "id": "way/1384225479"
    },
    {
      "type": "Feature",
      "properties": {
        "@id": "way/1384290361",
        "highway": "path"
      },
      "geometry": {
        "type": "LineString",
        "coordinates": [
          [
            76.3339372,
            32.2455333
          ],
          [
            76.3340779,
            32.2454349
          ],
          [
            76.3342523,
            32.2454056
          ]
        ]
      },
      "id": "way/1384290361"
    },
    {
      "type": "Feature",
      "properties": {
        "@id": "way/1384290909",
        "highway": "footway",
        "surface": "concrete"
      },
      "geometry": {
        "type": "LineString",
        "coordinates": [
          [
            76.3323259,
            32.2499393
          ],
          [
            76.3322708,
            32.2498766
          ],
          [
            76.332149,
            32.2499426
          ],
          [
            76.332031,
            32.2500105
          ],
          [
            76.3318306,
            32.2501205
          ],
          [
            76.3316984,
            32.2501959
          ],
          [
            76.3317302,
            32.2502533
          ],
          [
            76.3316427,
            32.2502963
          ],
          [
            76.3316041,
            32.2502526
          ]
        ]
      },
      "id": "way/1384290909"
    },
    {
      "type": "Feature",
      "properties": {
        "@id": "way/1384290910",
        "bridge": "yes",
        "highway": "footway",
        "layer": "1",
        "surface": "concrete"
      },
      "geometry": {
        "type": "LineString",
        "coordinates": [
          [
            76.3323746,
            32.2499315
          ],
          [
            76.3323259,
            32.2499393
          ]
        ]
      },
      "id": "way/1384290910"
    },
    {
      "type": "Feature",
      "properties": {
        "@id": "way/1384290911",
        "highway": "footway",
        "surface": "concrete"
      },
      "geometry": {
        "type": "LineString",
        "coordinates": [
          [
            76.3324442,
            32.2498094
          ],
          [
            76.3324341,
            32.2498954
          ],
          [
            76.3323746,
            32.2499315
          ]
        ]
      },
      "id": "way/1384290911"
    },
    {
      "type": "Feature",
      "properties": {
        "@id": "way/1384490723",
        "highway": "residential",
        "lane_markings": "no",
        "surface": "concrete"
      },
      "geometry": {
        "type": "LineString",
        "coordinates": [
          [
            76.3297284,
            32.2457214
          ],
          [
            76.3296328,
            32.2456157
          ],
          [
            76.3294318,
            32.2455357
          ],
          [
            76.3292473,
            32.2454212
          ],
          [
            76.3291407,
            32.2454757
          ],
          [
            76.3290337,
            32.2455153
          ],
          [
            76.3289465,
            32.2454907
          ]
        ]
      },
      "id": "way/1384490723"
    },
    {
      "type": "Feature",
      "properties": {
        "@id": "way/1384512135",
        "highway": "footway"
      },
      "geometry": {
        "type": "LineString",
        "coordinates": [
          [
            76.3281573,
            32.2457148
          ],
          [
            76.3281047,
            32.2459273
          ]
        ]
      },
      "id": "way/1384512135"
    },
    {
      "type": "Feature",
      "properties": {
        "@id": "way/1385323625",
        "highway": "path"
      },
      "geometry": {
        "type": "LineString",
        "coordinates": [
          [
            76.3316041,
            32.2502526
          ],
          [
            76.331506,
            32.2504042
          ],
          [
            76.3313614,
            32.2505416
          ],
          [
            76.3312666,
            32.250601
          ],
          [
            76.3311045,
            32.2506232
          ],
          [
            76.3310071,
            32.2506263
          ]
        ]
      },
      "id": "way/1385323625"
    },
    {
      "type": "Feature",
      "properties": {
        "@id": "way/1385323626",
        "highway": "footway",
        "surface": "concrete"
      },
      "geometry": {
        "type": "LineString",
        "coordinates": [
          [
            76.3310071,
            32.2506263
          ],
          [
            76.3309569,
            32.2506208
          ],
          [
            76.3308413,
            32.2505236
          ],
          [
            76.330743,
            32.2506082
          ],
          [
            76.3308274,
            32.2507365
          ],
          [
            76.3308077,
            32.2507883
          ],
          [
            76.3308,
            32.2508305
          ]
        ]
      },
      "id": "way/1385323626"
    },
    {
      "type": "Feature",
      "properties": {
        "@id": "way/1385356475",
        "highway": "track",
        "surface": "rock",
        "tracktype": "grade3"
      },
      "geometry": {
        "type": "LineString",
        "coordinates": [
          [
            76.3299232,
            32.2459131
          ],
          [
            76.3298166,
            32.2457786
          ],
          [
            76.3297284,
            32.2457214
          ]
        ]
      },
      "id": "way/1385356475"
    },
    {
      "type": "Feature",
      "properties": {
        "@id": "way/1385567429",
        "highway": "footway",
        "surface": "paving_stones"
      },
      "geometry": {
        "type": "LineString",
        "coordinates": [
          [
            76.3254938,
            32.2476633
          ],
          [
            76.3255751,
            32.2478971
          ],
          [
            76.3257558,
            32.2480385
          ],
          [
            76.3258043,
            32.2480298
          ],
          [
            76.3258909,
            32.2482586
          ],
          [
            76.3259752,
            32.248367
          ],
          [
            76.325991,
            32.2484533
          ],
          [
            76.3260102,
            32.2486035
          ],
          [
            76.3261006,
            32.2487032
          ],
          [
            76.3261534,
            32.2487565
          ],
          [
            76.3260499,
            32.2489756
          ],
          [
            76.3260348,
            32.2491524
          ],
          [
            76.326187,
            32.249248
          ],
          [
            76.3263611,
            32.2491924
          ],
          [
            76.3264735,
            32.2491982
          ],
          [
            76.3265303,
            32.2492086
          ],
          [
            76.3267291,
            32.2492625
          ]
        ]
      },
      "id": "way/1385567429"
    },
    {
      "type": "Feature",
      "properties": {
        "@id": "way/1385567430",
        "highway": "path",
        "surface": "ground"
      },
      "geometry": {
        "type": "LineString",
        "coordinates": [
          [
            76.3267291,
            32.2492625
          ],
          [
            76.3267647,
            32.2493176
          ],
          [
            76.3268086,
            32.2494178
          ],
          [
            76.326834,
            32.2494712
          ],
          [
            76.3269429,
            32.2495227
          ],
          [
            76.3271348,
            32.2495013
          ],
          [
            76.32717,
            32.2494951
          ],
          [
            76.3273343,
            32.2494659
          ],
          [
            76.3274829,
            32.2494865
          ]
        ]
      },
      "id": "way/1385567430"
    },
    {
      "type": "Feature",
      "properties": {
        "@id": "way/1385567431",
        "highway": "path",
        "surface": "ground"
      },
      "geometry": {
        "type": "LineString",
        "coordinates": [
          [
            76.32717,
            32.2494951
          ],
          [
            76.3273206,
            32.249339
          ],
          [
            76.3276427,
            32.2492828
          ],
          [
            76.3279428,
            32.2492767
          ]
        ]
      },
      "id": "way/1385567431"
    },
    {
      "type": "Feature",
      "properties": {
        "@id": "way/1385742241",
        "highway": "footway"
      },
      "geometry": {
        "type": "LineString",
        "coordinates": [
          [
            76.3316445,
            32.2459664
          ],
          [
            76.3315602,
            32.2459556
          ],
          [
            76.3312706,
            32.2460024
          ]
        ]
      },
      "id": "way/1385742241"
    },
    {
      "type": "Feature",
      "properties": {
        "@id": "way/1385798648",
        "handrail": "no",
        "highway": "steps",
        "incline": "up"
      },
      "geometry": {
        "type": "LineString",
        "coordinates": [
          [
            76.3297451,
            32.2509237
          ],
          [
            76.3297502,
            32.250996
          ]
        ]
      },
      "id": "way/1385798648"
    },
    {
      "type": "Feature",
      "properties": {
        "@id": "way/1386557618",
        "cycleway:both": "no",
        "highway": "residential",
        "lane_markings": "no",
        "sidewalk": "no",
        "surface": "paving_stones"
      },
      "geometry": {
        "type": "LineString",
        "coordinates": [
          [
            76.3304603,
            32.2467901
          ],
          [
            76.3303691,
            32.2467957
          ],
          [
            76.3304527,
            32.2470535
          ],
          [
            76.3304751,
            32.2472515
          ],
          [
            76.3305073,
            32.2472801
          ],
          [
            76.3305595,
            32.2473264
          ],
          [
            76.3307314,
            32.2473217
          ],
          [
            76.3308969,
            32.2473315
          ],
          [
            76.3309463,
            32.247368
          ],
          [
            76.3309889,
            32.2474171
          ]
        ]
      },
      "id": "way/1386557618"
    },
    {
      "type": "Feature",
      "properties": {
        "@id": "way/1386558398",
        "bicycle": "no",
        "highway": "path",
        "surface": "ground"
      },
      "geometry": {
        "type": "LineString",
        "coordinates": [
          [
            76.3299652,
            32.2472
          ],
          [
            76.3299996,
            32.2473162
          ]
        ]
      },
      "id": "way/1386558398"
    },
    {
      "type": "Feature",
      "properties": {
        "@id": "way/1386558617",
        "bicycle": "no",
        "highway": "path",
        "surface": "concrete"
      },
      "geometry": {
        "type": "LineString",
        "coordinates": [
          [
            76.3299996,
            32.2473162
          ],
          [
            76.3298691,
            32.2473539
          ]
        ]
      },
      "id": "way/1386558617"
    },
    {
      "type": "Feature",
      "properties": {
        "@id": "way/1386558937",
        "bicycle": "no",
        "highway": "path",
        "surface": "concrete"
      },
      "geometry": {
        "type": "LineString",
        "coordinates": [
          [
            76.3298691,
            32.2473539
          ],
          [
            76.3297104,
            32.2474052
          ]
        ]
      },
      "id": "way/1386558937"
    },
    {
      "type": "Feature",
      "properties": {
        "@id": "way/1386559001",
        "bicycle": "no",
        "highway": "path",
        "surface": "ground"
      },
      "geometry": {
        "type": "LineString",
        "coordinates": [
          [
            76.3297104,
            32.2474052
          ],
          [
            76.3297597,
            32.2474804
          ]
        ]
      },
      "id": "way/1386559001"
    },
    {
      "type": "Feature",
      "properties": {
        "@id": "way/1386559387",
        "bicycle": "no",
        "highway": "path",
        "surface": "concrete"
      },
      "geometry": {
        "type": "LineString",
        "coordinates": [
          [
            76.3297597,
            32.2474804
          ],
          [
            76.329758,
            32.2475462
          ],
          [
            76.3297556,
            32.2476385
          ]
        ]
      },
      "id": "way/1386559387"
    },
    {
      "type": "Feature",
      "properties": {
        "@id": "way/1386559618",
        "bicycle": "no",
        "highway": "path",
        "surface": "concrete"
      },
      "geometry": {
        "type": "LineString",
        "coordinates": [
          [
            76.3297556,
            32.2476385
          ],
          [
            76.3296534,
            32.2475953
          ]
        ]
      },
      "id": "way/1386559618"
    },
    {
      "type": "Feature",
      "properties": {
        "@id": "way/1386560056",
        "bicycle": "no",
        "highway": "path",
        "surface": "rock"
      },
      "geometry": {
        "type": "LineString",
        "coordinates": [
          [
            76.3296534,
            32.2475953
          ],
          [
            76.3295646,
            32.2475702
          ],
          [
            76.32949,
            32.2475566
          ],
          [
            76.3294114,
            32.2475948
          ],
          [
            76.3293724,
            32.2476862
          ]
        ]
      },
      "id": "way/1386560056"
    },
    {
      "type": "Feature",
      "properties": {
        "@id": "way/1392293156",
        "highway": "residential"
      },
      "geometry": {
        "type": "LineString",
        "coordinates": [
          [
            76.3291407,
            32.2454757
          ],
          [
            76.3291281,
            32.2456124
          ],
          [
            76.3289873,
            32.2457656
          ],
          [
            76.3289001,
            32.246172
          ],
          [
            76.3288923,
            32.2462526
          ]
        ]
      },
      "id": "way/1392293156"
    },
    {
      "type": "Feature",
      "properties": {
        "@id": "way/1392294062",
        "highway": "service"
      },
      "geometry": {
        "type": "LineString",
        "coordinates": [
          [
            76.3257602,
            32.2451611
          ],
          [
            76.3257457,
            32.2451514
          ],
          [
            76.3257059,
            32.245125
          ],
          [
            76.3258217,
            32.2449863
          ],
          [
            76.3259398,
            32.244868
          ],
          [
            76.3260161,
            32.2446989
          ],
          [
            76.3260236,
            32.2445741
          ],
          [
            76.3259871,
            32.2444961
          ],
          [
            76.3258518,
            32.244376
          ],
          [
            76.3258235,
            32.2443013
          ],
          [
            76.3258552,
            32.2442279
          ],
          [
            76.3258351,
            32.2441361
          ],
          [
            76.3257844,
            32.2440792
          ],
          [
            76.3256981,
            32.2440409
          ],
          [
            76.3256282,
            32.2438854
          ],
          [
            76.3256015,
            32.2437649
          ],
          [
            76.3256012,
            32.2436886
          ]
        ]
      },
      "id": "way/1392294062"
    },
    {
      "type": "Feature",
      "properties": {
        "@id": "way/1392294063",
        "highway": "footway"
      },
      "geometry": {
        "type": "LineString",
        "coordinates": [
          [
            76.3256012,
            32.2436886
          ],
          [
            76.3254764,
            32.2436575
          ],
          [
            76.3255005,
            32.243578
          ],
          [
            76.3255718,
            32.2433432
          ],
          [
            76.3258257,
            32.2433983
          ],
          [
            76.3257294,
            32.243711
          ],
          [
            76.3256012,
            32.2436886
          ]
        ]
      },
      "id": "way/1392294063"
    },
    {
      "type": "Feature",
      "properties": {
        "@id": "way/1392667972",
        "highway": "steps"
      },
      "geometry": {
        "type": "LineString",
        "coordinates": [
          [
            76.3255005,
            32.243578
          ],
          [
            76.3254414,
            32.2436663
          ],
          [
            76.3253621,
            32.2436276
          ],
          [
            76.3253504,
            32.2435137
          ],
          [
            76.3253716,
            32.2434026
          ],
          [
            76.325428,
            32.2432584
          ],
          [
            76.3254319,
            32.2431743
          ],
          [
            76.3254386,
            32.2430491
          ],
          [
            76.3253168,
            32.2430996
          ],
          [
            76.3254476,
            32.2428605
          ],
          [
            76.3256548,
            32.2427249
          ],
          [
            76.3255365,
            32.2426675
          ],
          [
            76.3256035,
            32.2425821
          ],
          [
            76.3255858,
            32.242581
          ],
          [
            76.3254888,
            32.2425825
          ]
        ]
      },
      "id": "way/1392667972"
    },
    {
      "type": "Feature",
      "properties": {
        "@id": "way/1392667973",
        "highway": "service"
      },
      "geometry": {
        "type": "LineString",
        "coordinates": [
          [
            76.3258454,
            32.2452157
          ],
          [
            76.3258822,
            32.2451816
          ],
          [
            76.3259687,
            32.2451019
          ],
          [
            76.3264296,
            32.2448776
          ]
        ]
      },
      "id": "way/1392667973"
    },
    {
      "type": "Feature",
      "properties": {
        "@id": "way/1392676273",
        "highway": "residential",
        "surface": "concrete"
      },
      "geometry": {
        "type": "LineString",
        "coordinates": [
          [
            76.3306586,
            32.2481681
          ],
          [
            76.3308248,
            32.2482603
          ],
          [
            76.3309458,
            32.2483967
          ]
        ]
      },
      "id": "way/1392676273"
    },
    {
      "type": "Feature",
      "properties": {
        "@id": "way/1392676532",
        "highway": "unclassified",
        "lane_markings": "no",
        "surface": "concrete"
      },
      "geometry": {
        "type": "LineString",
        "coordinates": [
          [
            76.3310094,
            32.2484293
          ],
          [
            76.3310915,
            32.2483903
          ],
          [
            76.3310874,
            32.248334
          ],
          [
            76.33107,
            32.2482277
          ],
          [
            76.331115,
            32.2481492
          ],
          [
            76.3311205,
            32.2480252
          ],
          [
            76.3311053,
            32.2478534
          ],
          [
            76.3310391,
            32.247656
          ],
          [
            76.3309889,
            32.2474171
          ]
        ]
      },
      "id": "way/1392676532"
    },
    {
      "type": "Feature",
      "properties": {
        "@id": "way/1392693599",
        "highway": "path",
        "lit": "no",
        "surface": "grass"
      },
      "geometry": {
        "type": "LineString",
        "coordinates": [
          [
            76.3324905,
            32.2491466
          ],
          [
            76.3324177,
            32.2491918
          ],
          [
            76.332351,
            32.2492438
          ]
        ]
      },
      "id": "way/1392693599"
    },
    {
      "type": "Feature",
      "properties": {
        "@id": "way/1392693600",
        "bridge": "yes",
        "highway": "path",
        "layer": "1",
        "lit": "no",
        "surface": "grass"
      },
      "geometry": {
        "type": "LineString",
        "coordinates": [
          [
            76.332351,
            32.2492438
          ],
          [
            76.3322552,
            32.2492764
          ]
        ]
      },
      "id": "way/1392693600"
    },
    {
      "type": "Feature",
      "properties": {
        "@id": "way/1392693601",
        "highway": "path"
      },
      "geometry": {
        "type": "LineString",
        "coordinates": [
          [
            76.3319923,
            32.2492962
          ],
          [
            76.3319996,
            32.2492316
          ],
          [
            76.3320056,
            32.2491883
          ],
          [
            76.331937,
            32.2491575
          ],
          [
            76.3318011,
            32.2492528
          ],
          [
            76.3316187,
            32.2493793
          ],
          [
            76.3314518,
            32.2495507
          ],
          [
            76.3313201,
            32.2496772
          ],
          [
            76.3312617,
            32.2497332
          ],
          [
            76.3312623,
            32.2496455
          ],
          [
            76.3313612,
            32.2494821
          ],
          [
            76.3314262,
            32.249348
          ],
          [
            76.3315114,
            32.2491978
          ],
          [
            76.3315293,
            32.2491348
          ],
          [
            76.331633,
            32.2490532
          ],
          [
            76.3317862,
            32.2489775
          ],
          [
            76.3319072,
            32.2489291
          ]
        ]
      },
      "id": "way/1392693601"
    },
    {
      "type": "Feature",
      "properties": {
        "@id": "way/1392693602",
        "highway": "path"
      },
      "geometry": {
        "type": "LineString",
        "coordinates": [
          [
            76.3312623,
            32.2496455
          ],
          [
            76.3311508,
            32.2497765
          ],
          [
            76.3309935,
            32.2499212
          ],
          [
            76.3308331,
            32.2501158
          ],
          [
            76.3308212,
            32.2503083
          ],
          [
            76.3308594,
            32.2503956
          ],
          [
            76.3308677,
            32.2504843
          ],
          [
            76.3308413,
            32.2505236
          ]
        ]
      },
      "id": "way/1392693602"
    },
    {
      "type": "Feature",
      "properties": {
        "@id": "way/1392693605",
        "highway": "footway"
      },
      "geometry": {
        "type": "LineString",
        "coordinates": [
          [
            76.3293967,
            32.2506475
          ],
          [
            76.329302,
            32.2507186
          ]
        ]
      },
      "id": "way/1392693605"
    },
    {
      "type": "Feature",
      "properties": {
        "@id": "way/1392701723",
        "highway": "path"
      },
      "geometry": {
        "type": "LineString",
        "coordinates": [
          [
            76.3319773,
            32.2476476
          ],
          [
            76.3319549,
            32.2477407
          ],
          [
            76.3319845,
            32.2478088
          ],
          [
            76.3319431,
            32.2479359
          ]
        ]
      },
      "id": "way/1392701723"
    },
    {
      "type": "Feature",
      "properties": {
        "@id": "way/1394071771",
        "highway": "footway",
        "surface": "concrete"
      },
      "geometry": {
        "type": "LineString",
        "coordinates": [
          [
            76.3066063,
            32.2504222
          ],
          [
            76.3065588,
            32.2506124
          ],
          [
            76.3064926,
            32.2507442
          ],
          [
            76.3064018,
            32.2508131
          ],
          [
            76.3063543,
            32.250895
          ],
          [
            76.3063089,
            32.2509398
          ],
          [
            76.3061983,
            32.2510714
          ],
          [
            76.3061038,
            32.2511944
          ],
          [
            76.3060276,
            32.2512312
          ],
          [
            76.3059714,
            32.2511946
          ]
        ]
      },
      "id": "way/1394071771"
    },
    {
      "type": "Feature",
      "properties": {
        "@id": "way/1394076752",
        "highway": "steps"
      },
      "geometry": {
        "type": "LineString",
        "coordinates": [
          [
            76.3060276,
            32.2512312
          ],
          [
            76.3062738,
            32.2514422
          ],
          [
            76.3065065,
            32.2515569
          ],
          [
            76.3066943,
            32.2516943
          ]
        ]
      },
      "id": "way/1394076752"
    },
    {
      "type": "Feature",
      "properties": {
        "@id": "way/1394077325",
        "bicycle": "no",
        "foot": "yes",
        "highway": "living_street",
        "horse": "yes",
        "layer": "0",
        "name": "Dharamkot Guna Temple Trail",
        "oneway": "no",
        "ski": "no",
        "snowmobile": "no",
        "surface": "paving_stones",
        "width": "2"
      },
      "geometry": {
        "type": "LineString",
        "coordinates": [
          [
            76.3077119,
            32.2496365
          ],
          [
            76.3075298,
            32.2499687
          ],
          [
            76.3075353,
            32.2500092
          ]
        ]
      },
      "id": "way/1394077325"
    },
    {
      "type": "Feature",
      "properties": {
        "@id": "way/1394085992",
        "bicycle": "no",
        "highway": "path"
      },
      "geometry": {
        "type": "LineString",
        "coordinates": [
          [
            76.3242485,
            32.2531251
          ],
          [
            76.3242563,
            32.2529332
          ],
          [
            76.3243757,
            32.2529382
          ],
          [
            76.324473,
            32.2527586
          ],
          [
            76.3246175,
            32.2528622
          ],
          [
            76.3246588,
            32.2530156
          ],
          [
            76.3246913,
            32.2528846
          ],
          [
            76.3247768,
            32.2527774
          ],
          [
            76.3248392,
            32.2527326
          ]
        ]
      },
      "id": "way/1394085992"
    },
    {
      "type": "Feature",
      "properties": {
        "@id": "way/1394085993",
        "bicycle": "no",
        "highway": "path"
      },
      "geometry": {
        "type": "LineString",
        "coordinates": [
          [
            76.3102987,
            32.250859
          ],
          [
            76.3103138,
            32.2505953
          ],
          [
            76.310545,
            32.2502625
          ],
          [
            76.3110128,
            32.2500181
          ],
          [
            76.3114558,
            32.2497551
          ],
          [
            76.311764,
            32.2493828
          ],
          [
            76.3120695,
            32.249157
          ],
          [
            76.312075,
            32.2490407
          ],
          [
            76.3120447,
            32.2490058
          ],
          [
            76.3123061,
            32.2488266
          ],
          [
            76.3126336,
            32.2489569
          ],
          [
            76.3129996,
            32.2490267
          ],
          [
            76.3134537,
            32.2487916
          ],
          [
            76.3138747,
            32.2482214
          ],
          [
            76.3141526,
            32.2477374
          ],
          [
            76.3141196,
            32.2475372
          ],
          [
            76.3142434,
            32.2473115
          ],
          [
            76.3141774,
            32.2471206
          ],
          [
            76.3140893,
            32.2469391
          ],
          [
            76.3141033,
            32.2468385
          ]
        ]
      },
      "id": "way/1394085993"
    },
    {
      "type": "Feature",
      "properties": {
        "@id": "way/1394085994",
        "handrail": "no",
        "highway": "steps",
        "incline": "up",
        "ramp": "no",
        "surface": "concrete"
      },
      "geometry": {
        "type": "LineString",
        "coordinates": [
          [
            76.308257,
            32.2481247
          ],
          [
            76.3082657,
            32.248308
          ],
          [
            76.3081079,
            32.2483187
          ]
        ]
      },
      "id": "way/1394085994"
    },
    {
      "type": "Feature",
      "properties": {
        "@id": "way/1394085995",
        "highway": "path"
      },
      "geometry": {
        "type": "LineString",
        "coordinates": [
          [
            76.3141775,
            32.24493
          ],
          [
            76.3145118,
            32.2447368
          ],
          [
            76.3151875,
            32.2444245
          ],
          [
            76.3158194,
            32.2444334
          ],
          [
            76.3174253,
            32.2444722
          ],
          [
            76.3187037,
            32.2443416
          ],
          [
            76.3193314,
            32.2441952
          ],
          [
            76.3196088,
            32.2442164
          ],
          [
            76.3198528,
            32.244197
          ],
          [
            76.3201614,
            32.2443575
          ],
          [
            76.3202282,
            32.2445974
          ],
          [
            76.3202607,
            32.2446547
          ]
        ]
      },
      "id": "way/1394085995"
    },
    {
      "type": "Feature",
      "properties": {
        "@id": "way/1394087709",
        "highway": "path"
      },
      "geometry": {
        "type": "LineString",
        "coordinates": [
          [
            76.3252821,
            32.2462912
          ],
          [
            76.3251573,
            32.2462337
          ],
          [
            76.3250858,
            32.2463887
          ],
          [
            76.3250344,
            32.2465749
          ],
          [
            76.3249807,
            32.2466325
          ],
          [
            76.3248243,
            32.2467583
          ],
          [
            76.3245862,
            32.2469605
          ]
        ]
      },
      "id": "way/1394087709"
    },
    {
      "type": "Feature",
      "properties": {
        "@id": "way/1394087999",
        "bicycle": "no",
        "highway": "path"
      },
      "geometry": {
        "type": "LineString",
        "coordinates": [
          [
            76.3252821,
            32.2462912
          ],
          [
            76.3253398,
            32.2461409
          ],
          [
            76.3254294,
            32.245955
          ],
          [
            76.3255109,
            32.2458044
          ],
          [
            76.3254777,
            32.2457524
          ],
          [
            76.3254086,
            32.2456445
          ]
        ]
      },
      "id": "way/1394087999"
    },
    {
      "type": "Feature",
      "properties": {
        "@id": "way/1394088000",
        "bicycle": "no",
        "highway": "path"
      },
      "geometry": {
        "type": "LineString",
        "coordinates": [
          [
            76.3255109,
            32.2458044
          ],
          [
            76.3255763,
            32.2458458
          ],
          [
            76.3255358,
            32.2459034
          ],
          [
            76.3255673,
            32.2459431
          ]
        ]
      },
      "id": "way/1394088000"
    },
    {
      "type": "Feature",
      "properties": {
        "@id": "way/1394088517",
        "highway": "steps"
      },
      "geometry": {
        "type": "LineString",
        "coordinates": [
          [
            76.3132457,
            32.2454103
          ],
          [
            76.3127644,
            32.2455497
          ]
        ]
      },
      "id": "way/1394088517"
    },
    {
      "type": "Feature",
      "properties": {
        "@id": "way/1394088518",
        "highway": "steps"
      },
      "geometry": {
        "type": "LineString",
        "coordinates": [
          [
            76.3131589,
            32.2451547
          ],
          [
            76.3126653,
            32.2453089
          ]
        ]
      },
      "id": "way/1394088518"
    },
    {
      "type": "Feature",
      "properties": {
        "@id": "way/1394088519",
        "highway": "service"
      },
      "geometry": {
        "type": "LineString",
        "coordinates": [
          [
            76.3126653,
            32.2453089
          ],
          [
            76.3126974,
            32.2455886
          ]
        ]
      },
      "id": "way/1394088519"
    },
    {
      "type": "Feature",
      "properties": {
        "@id": "way/1394088520",
        "highway": "service"
      },
      "geometry": {
        "type": "LineString",
        "coordinates": [
          [
            76.3127644,
            32.2455497
          ],
          [
            76.3126974,
            32.2455886
          ]
        ]
      },
      "id": "way/1394088520"
    },
    {
      "type": "Feature",
      "properties": {
        "@id": "way/1394452187",
        "highway": "path"
      },
      "geometry": {
        "type": "LineString",
        "coordinates": [
          [
            76.325797,
            32.2460473
          ],
          [
            76.3257686,
            32.2460809
          ],
          [
            76.3257327,
            32.2461234
          ],
          [
            76.3255711,
            32.2463325
          ],
          [
            76.3254896,
            32.2463863
          ]
        ]
      },
      "id": "way/1394452187"
    },
    {
      "type": "Feature",
      "properties": {
        "@id": "way/1394510581",
        "highway": "footway"
      },
      "geometry": {
        "type": "LineString",
        "coordinates": [
          [
            76.3293145,
            32.2495073
          ],
          [
            76.3294546,
            32.2495232
          ],
          [
            76.3294431,
            32.2496083
          ],
          [
            76.3294946,
            32.2496206
          ],
          [
            76.3295498,
            32.2496012
          ]
        ]
      },
      "id": "way/1394510581"
    },
    {
      "type": "Feature",
      "properties": {
        "@id": "way/1394879184",
        "bicycle": "no",
        "highway": "path"
      },
      "geometry": {
        "type": "LineString",
        "coordinates": [
          [
            76.325655,
            32.2458676
          ],
          [
            76.325713,
            32.2460134
          ],
          [
            76.3257402,
            32.2459675
          ],
          [
            76.3257686,
            32.2460809
          ]
        ]
      },
      "id": "way/1394879184"
    },
    {
      "type": "Feature",
      "properties": {
        "@id": "way/1394879185",
        "highway": "footway"
      },
      "geometry": {
        "type": "LineString",
        "coordinates": [
          [
            76.3282919,
            32.248616
          ],
          [
            76.3282674,
            32.2485135
          ],
          [
            76.3282144,
            32.2484658
          ],
          [
            76.3281798,
            32.2484346
          ],
          [
            76.3281397,
            32.2484046
          ],
          [
            76.328329,
            32.2482179
          ],
          [
            76.3284569,
            32.2481502
          ],
          [
            76.3285085,
            32.2481041
          ]
        ]
      },
      "id": "way/1394879185"
    },
    {
      "type": "Feature",
      "properties": {
        "@id": "way/1394972086",
        "highway": "path"
      },
      "geometry": {
        "type": "LineString",
        "coordinates": [
          [
            76.3277598,
            32.2481962
          ],
          [
            76.3276728,
            32.2481023
          ],
          [
            76.3276844,
            32.2480206
          ],
          [
            76.3277327,
            32.2478815
          ],
          [
            76.3278051,
            32.2477098
          ],
          [
            76.3278757,
            32.2476758
          ],
          [
            76.3278686,
            32.2476145
          ],
          [
            76.3277943,
            32.2475631
          ],
          [
            76.3277076,
            32.2474595
          ],
          [
            76.3276567,
            32.2472486
          ],
          [
            76.3276343,
            32.2471616
          ],
          [
            76.3276402,
            32.2471281
          ],
          [
            76.3276558,
            32.2470391
          ],
          [
            76.3277452,
            32.2469514
          ],
          [
            76.3278122,
            32.2469189
          ],
          [
            76.3278614,
            32.2468312
          ],
          [
            76.3278748,
            32.2467155
          ],
          [
            76.3278578,
            32.2466202
          ],
          [
            76.3277917,
            32.2465559
          ],
          [
            76.3278346,
            32.2463767
          ],
          [
            76.3278802,
            32.2462723
          ],
          [
            76.3278909,
            32.2461873
          ],
          [
            76.3278811,
            32.2459663
          ],
          [
            76.3280232,
            32.24596
          ],
          [
            76.3280607,
            32.2457305
          ]
        ]
      },
      "id": "way/1394972086"
    },
    {
      "type": "Feature",
      "properties": {
        "@id": "way/1394972087",
        "highway": "steps"
      },
      "geometry": {
        "type": "LineString",
        "coordinates": [
          [
            76.3277023,
            32.2455693
          ],
          [
            76.3276393,
            32.2456017
          ],
          [
            76.327617,
            32.2455065
          ],
          [
            76.3275392,
            32.245577
          ],
          [
            76.3275462,
            32.2454995
          ],
          [
            76.3276052,
            32.2453897
          ]
        ]
      },
      "id": "way/1394972087"
    },
    {
      "type": "Feature",
      "properties": {
        "@id": "way/1394972088",
        "highway": "path"
      },
      "geometry": {
        "type": "LineString",
        "coordinates": [
          [
            76.3277171,
            32.2455195
          ],
          [
            76.3278692,
            32.2454696
          ],
          [
            76.3281503,
            32.2453793
          ],
          [
            76.3283327,
            32.2453153
          ],
          [
            76.3285476,
            32.2452136
          ],
          [
            76.3287043,
            32.2450376
          ],
          [
            76.3287561,
            32.2449658
          ],
          [
            76.3289814,
            32.2446147
          ],
          [
            76.3291003,
            32.2444021
          ],
          [
            76.3292557,
            32.2441815
          ],
          [
            76.3293598,
            32.2440432
          ],
          [
            76.329574,
            32.2438625
          ]
        ]
      },
      "id": "way/1394972088"
    },
    {
      "type": "Feature",
      "properties": {
        "@id": "way/1395114395",
        "highway": "path"
      },
      "geometry": {
        "type": "LineString",
        "coordinates": [
          [
            76.3282133,
            32.2485849
          ],
          [
            76.3281839,
            32.2485209
          ],
          [
            76.3280905,
            32.2485029
          ],
          [
            76.328005,
            32.2484634
          ],
          [
            76.3278673,
            32.2483803
          ]
        ]
      },
      "id": "way/1395114395"
    },
    {
      "type": "Feature",
      "properties": {
        "@id": "way/1395114396",
        "highway": "path"
      },
      "geometry": {
        "type": "LineString",
        "coordinates": [
          [
            76.3276402,
            32.2471281
          ],
          [
            76.3275699,
            32.2471305
          ],
          [
            76.3275053,
            32.2472587
          ],
          [
            76.3274592,
            32.2473245
          ],
          [
            76.327363,
            32.2473323
          ],
          [
            76.3272667,
            32.2472966
          ],
          [
            76.3271652,
            32.247232
          ]
        ]
      },
      "id": "way/1395114396"
    },
    {
      "type": "Feature",
      "properties": {
        "@id": "way/1395114397",
        "highway": "steps"
      },
      "geometry": {
        "type": "LineString",
        "coordinates": [
          [
            76.3265903,
            32.247593
          ],
          [
            76.3266776,
            32.2475385
          ],
          [
            76.326798,
            32.2474787
          ],
          [
            76.3268275,
            32.2474116
          ],
          [
            76.3268601,
            32.2473624
          ],
          [
            76.326965,
            32.2473871
          ],
          [
            76.3271652,
            32.247232
          ]
        ]
      },
      "id": "way/1395114397"
    },
    {
      "type": "Feature",
      "properties": {
        "@id": "way/1395114398",
        "highway": "steps"
      },
      "geometry": {
        "type": "LineString",
        "coordinates": [
          [
            76.3266991,
            32.2476331
          ],
          [
            76.3268928,
            32.2475723
          ]
        ]
      },
      "id": "way/1395114398"
    },
    {
      "type": "Feature",
      "properties": {
        "@id": "way/1395114399",
        "highway": "path"
      },
      "geometry": {
        "type": "LineString",
        "coordinates": [
          [
            76.3271652,
            32.247232
          ],
          [
            76.3271283,
            32.2471389
          ],
          [
            76.3271663,
            32.2469907
          ],
          [
            76.3272511,
            32.2468652
          ],
          [
            76.3273582,
            32.2467123
          ],
          [
            76.3275614,
            32.2464952
          ],
          [
            76.3275926,
            32.2464215
          ],
          [
            76.3277422,
            32.2463215
          ],
          [
            76.3277818,
            32.2462108
          ],
          [
            76.3278909,
            32.2461873
          ]
        ]
      },
      "id": "way/1395114399"
    },
    {
      "type": "Feature",
      "properties": {
        "@id": "way/1395114400",
        "highway": "path"
      },
      "geometry": {
        "type": "LineString",
        "coordinates": [
          [
            76.3278909,
            32.2461873
          ],
          [
            76.3280236,
            32.2461934
          ]
        ]
      },
      "id": "way/1395114400"
    },
    {
      "type": "Feature",
      "properties": {
        "@id": "way/1424742523",
        "highway": "unclassified",
        "name": "tushita naddi"
      },
      "geometry": {
        "type": "LineString",
        "coordinates": [
          [
            76.3252423,
            32.2427788
          ],
          [
            76.3251816,
            32.2428334
          ],
          [
            76.3249603,
            32.2430294
          ],
          [
            76.3248404,
            32.2432127
          ],
          [
            76.3246883,
            32.2433452
          ],
          [
            76.3245684,
            32.2434817
          ],
          [
            76.3246145,
            32.2437508
          ],
          [
            76.3246376,
            32.2438639
          ],
          [
            76.3245684,
            32.2440745
          ],
          [
            76.3244946,
            32.2443709
          ],
          [
            76.3244854,
            32.244445
          ],
          [
            76.3243425,
            32.2445814
          ],
          [
            76.3242088,
            32.2447374
          ],
          [
            76.3240151,
            32.2448895
          ],
          [
            76.3238604,
            32.245029
          ],
          [
            76.3237858,
            32.2450822
          ],
          [
            76.3237103,
            32.2451361
          ],
          [
            76.3235321,
            32.2452154
          ],
          [
            76.3232507,
            32.2452829
          ],
          [
            76.3230303,
            32.2453225
          ],
          [
            76.3228896,
            32.2453463
          ],
          [
            76.322763,
            32.2453741
          ],
          [
            76.3226458,
            32.2453463
          ],
          [
            76.3225332,
            32.2452908
          ],
          [
            76.3223597,
            32.2452749
          ],
          [
            76.322219,
            32.2453543
          ],
          [
            76.3220314,
            32.2454415
          ],
          [
            76.3218345,
            32.2455446
          ],
          [
            76.3216235,
            32.2456359
          ],
          [
            76.3214499,
            32.2457033
          ],
          [
            76.321328,
            32.2458104
          ],
          [
            76.3211873,
            32.2458302
          ],
          [
            76.3210513,
            32.2457787
          ],
          [
            76.3209435,
            32.2456874
          ],
          [
            76.3208919,
            32.2456319
          ],
          [
            76.3208403,
            32.2455684
          ],
          [
            76.3208381,
            32.2454723
          ]
        ]
      },
      "id": "way/1424742523"
    },
    {
      "type": "Feature",
      "properties": {
        "@id": "way/1424746815",
        "highway": "unclassified",
        "name": "dharamshala mcleodganj church road",
        "surface": "paving_stones"
      },
      "geometry": {
        "type": "LineString",
        "coordinates": [
          [
            76.3212993,
            32.2442739
          ],
          [
            76.321398,
            32.2441125
          ],
          [
            76.3215118,
            32.2439455
          ],
          [
            76.321567,
            32.2438264
          ],
          [
            76.3216175,
            32.2437214
          ],
          [
            76.3217093,
            32.2435795
          ],
          [
            76.3217488,
            32.24346
          ],
          [
            76.3217913,
            32.2432856
          ],
          [
            76.3218313,
            32.2431785
          ],
          [
            76.3218254,
            32.2430921
          ],
          [
            76.3217717,
            32.2430774
          ],
          [
            76.3217071,
            32.2431294
          ],
          [
            76.3216646,
            32.2432083
          ],
          [
            76.3216127,
            32.2432828
          ],
          [
            76.3215631,
            32.2433616
          ],
          [
            76.3215097,
            32.2434505
          ],
          [
            76.3214585,
            32.2435457
          ],
          [
            76.3213951,
            32.24355
          ],
          [
            76.3213579,
            32.2435257
          ],
          [
            76.3213522,
            32.2434912
          ],
          [
            76.3213828,
            32.2434163
          ],
          [
            76.3214109,
            32.2433656
          ],
          [
            76.3214236,
            32.2432716
          ],
          [
            76.3214495,
            32.2431359
          ],
          [
            76.3214703,
            32.2429614
          ],
          [
            76.3214657,
            32.2428186
          ],
          [
            76.3215144,
            32.2426795
          ],
          [
            76.3215832,
            32.2425952
          ],
          [
            76.3216365,
            32.2425191
          ],
          [
            76.3216693,
            32.2423748
          ],
          [
            76.3216905,
            32.2422489
          ],
          [
            76.3216905,
            32.2421176
          ],
          [
            76.3216905,
            32.2420279
          ],
          [
            76.3216716,
            32.2419415
          ],
          [
            76.3216413,
            32.2418486
          ],
          [
            76.3215694,
            32.2417494
          ],
          [
            76.3215088,
            32.2416693
          ],
          [
            76.3214331,
            32.241586
          ],
          [
            76.3213574,
            32.2414964
          ],
          [
            76.3212741,
            32.2413939
          ],
          [
            76.3212324,
            32.2412947
          ],
          [
            76.3212476,
            32.2412146
          ],
          [
            76.3212854,
            32.2411634
          ],
          [
            76.321346,
            32.2410737
          ],
          [
            76.321365,
            32.2409649
          ],
          [
            76.3213271,
            32.2408432
          ],
          [
            76.3212968,
            32.2407279
          ],
          [
            76.3213329,
            32.2406393
          ],
          [
            76.3212199,
            32.2404878
          ],
          [
            76.3211766,
            32.2403797
          ],
          [
            76.3212432,
            32.2402965
          ],
          [
            76.321318,
            32.2401973
          ],
          [
            76.3213699,
            32.2401047
          ],
          [
            76.3214481,
            32.2400379
          ],
          [
            76.3214558,
            32.2399858
          ],
          [
            76.3214305,
            32.2399092
          ],
          [
            76.3214048,
            32.2398236
          ],
          [
            76.3213788,
            32.2396885
          ],
          [
            76.3213347,
            32.2396274
          ],
          [
            76.3213104,
            32.2395778
          ],
          [
            76.3212927,
            32.2395289
          ],
          [
            76.3212149,
            32.2394189
          ],
          [
            76.3211917,
            32.239288
          ],
          [
            76.3211912,
            32.2391444
          ],
          [
            76.3211973,
            32.2390284
          ],
          [
            76.3211687,
            32.2388716
          ],
          [
            76.3211955,
            32.2386961
          ],
          [
            76.3211634,
            32.238588
          ],
          [
            76.3211688,
            32.2384958
          ],
          [
            76.3212037,
            32.2383953
          ],
          [
            76.3212295,
            32.2383107
          ],
          [
            76.3212374,
            32.2382339
          ],
          [
            76.3212098,
            32.2381645
          ],
          [
            76.3211432,
            32.2380954
          ],
          [
            76.3211207,
            32.2380614
          ],
          [
            76.3211047,
            32.2380248
          ],
          [
            76.3210967,
            32.2379786
          ],
          [
            76.3211015,
            32.2379352
          ],
          [
            76.3210758,
            32.2378017
          ],
          [
            76.3210563,
            32.2377218
          ],
          [
            76.3210421,
            32.2376305
          ],
          [
            76.3210357,
            32.2375893
          ],
          [
            76.3210272,
            32.2373788
          ]
        ]
      },
      "id": "way/1424746815"
    },
    {
      "type": "Feature",
      "properties": {
        "@id": "way/1424746816",
        "highway": "primary",
        "lane_markings": "no",
        "maxspeed": "30",
        "name": "Dharamshala Cantt McLeoadganj Road",
        "ref": "NH503",
        "ref:old": "MDR44",
        "width": "4"
      },
      "geometry": {
        "type": "LineString",
        "coordinates": [
          [
            76.3212543,
            32.2442712
          ],
          [
            76.3212993,
            32.2442739
          ],
          [
            76.3214283,
            32.2442818
          ],
          [
            76.3215615,
            32.2442297
          ],
          [
            76.3217281,
            32.2440448
          ],
          [
            76.3222148,
            32.2436205
          ],
          [
            76.3224026,
            32.2433752
          ],
          [
            76.3224899,
            32.2429717
          ],
          [
            76.3225178,
            32.2427204
          ],
          [
            76.322623,
            32.2424795
          ],
          [
            76.3226207,
            32.242181
          ],
          [
            76.322609,
            32.2418638
          ],
          [
            76.3226594,
            32.2416781
          ],
          [
            76.3227852,
            32.2414476
          ],
          [
            76.3229354,
            32.2413325
          ],
          [
            76.3230429,
            32.2412224
          ],
          [
            76.3231227,
            32.2410896
          ],
          [
            76.3232222,
            32.2408814
          ],
          [
            76.32346,
            32.2407077
          ],
          [
            76.3235866,
            32.2404989
          ],
          [
            76.3236579,
            32.2403049
          ],
          [
            76.3236638,
            32.2402307
          ],
          [
            76.3236985,
            32.240082
          ],
          [
            76.3237656,
            32.2399822
          ],
          [
            76.3238753,
            32.2397878
          ],
          [
            76.3238497,
            32.239519
          ],
          [
            76.3237729,
            32.2393454
          ],
          [
            76.3236019,
            32.2390929
          ],
          [
            76.3235266,
            32.2389813
          ],
          [
            76.3234897,
            32.2388016
          ],
          [
            76.3234911,
            32.2387242
          ],
          [
            76.3235136,
            32.2386823
          ],
          [
            76.323595,
            32.2386902
          ]
        ]
      },
      "id": "way/1424746816"
    },
    {
      "type": "Feature",
      "properties": {
        "@id": "way/1424746817",
        "bridge": "yes",
        "highway": "primary",
        "lane_markings": "no",
        "layer": "1",
        "maxspeed": "30",
        "name": "Dharamshala Cantt McLeoadganj Road",
        "ref": "NH503",
        "ref:old": "MDR44",
        "width": "4"
      },
      "geometry": {
        "type": "LineString",
        "coordinates": [
          [
            76.3211762,
            32.2442664
          ],
          [
            76.3212543,
            32.2442712
          ]
        ]
      },
      "id": "way/1424746817"
    },
    {
      "type": "Feature",
      "properties": {
        "@id": "way/1424749793",
        "highway": "unclassified",
        "lane_markings": "no",
        "smoothness": "good",
        "surface": "asphalt"
      },
      "geometry": {
        "type": "LineString",
        "coordinates": [
          [
            76.3212515,
            32.2455721
          ],
          [
            76.3212308,
            32.2455836
          ],
          [
            76.3209545,
            32.2455794
          ],
          [
            76.3208381,
            32.2454723
          ],
          [
            76.3206378,
            32.2452881
          ],
          [
            76.3203322,
            32.2451589
          ],
          [
            76.3202344,
            32.2448731
          ],
          [
            76.3202607,
            32.2446547
          ],
          [
            76.3202724,
            32.2445569
          ],
          [
            76.3202953,
            32.2443593
          ],
          [
            76.3202432,
            32.2442067
          ],
          [
            76.3200027,
            32.2441168
          ],
          [
            76.3198702,
            32.2439586
          ],
          [
            76.3194591,
            32.2438781
          ],
          [
            76.3191821,
            32.2438422
          ],
          [
            76.3188095,
            32.2438685
          ],
          [
            76.31852,
            32.2439078
          ],
          [
            76.3182463,
            32.2439389
          ],
          [
            76.3180672,
            32.2439703
          ],
          [
            76.3177749,
            32.2438527
          ],
          [
            76.3174464,
            32.2438362
          ],
          [
            76.3170334,
            32.2438321
          ],
          [
            76.3167938,
            32.243838
          ],
          [
            76.3166021,
            32.2437505
          ],
          [
            76.3164311,
            32.2435765
          ],
          [
            76.3163876,
            32.2435322
          ],
          [
            76.3163061,
            32.2434842
          ],
          [
            76.316137,
            32.2434999
          ],
          [
            76.3160309,
            32.2434786
          ],
          [
            76.3158727,
            32.2434054
          ]
        ]
      },
      "id": "way/1424749793"
    },
    {
      "type": "Feature",
      "properties": {
        "@id": "way/1424749794",
        "bridge": "yes",
        "highway": "unclassified",
        "lane_markings": "no",
        "layer": "1",
        "smoothness": "good",
        "surface": "asphalt"
      },
      "geometry": {
        "type": "LineString",
        "coordinates": [
          [
            76.3213414,
            32.2455225
          ],
          [
            76.3212515,
            32.2455721
          ]
        ]
      },
      "id": "way/1424749794"
    },
    {
      "type": "Feature",
      "properties": {
        "@id": "way/1452318345",
        "highway": "path"
      },
      "geometry": {
        "type": "LineString",
        "coordinates": [
          [
            76.3316905,
            32.2470776
          ],
          [
            76.3317789,
            32.2470592
          ],
          [
            76.3319535,
            32.2470149
          ],
          [
            76.3321164,
            32.2469837
          ],
          [
            76.3322357,
            32.246978
          ],
          [
            76.3323521,
            32.2469853
          ],
          [
            76.3324792,
            32.2470083
          ],
          [
            76.3325897,
            32.2470222
          ]
        ]
      },
      "id": "way/1452318345"
    },
    {
      "type": "Feature",
      "properties": {
        "@id": "way/1453096664",
        "highway": "unclassified"
      },
      "geometry": {
        "type": "LineString",
        "coordinates": [
          [
            76.3265531,
            32.2396412
          ],
          [
            76.3265235,
            32.2396334
          ],
          [
            76.3264083,
            32.2394776
          ],
          [
            76.3263127,
            32.239478
          ],
          [
            76.3263219,
            32.2395461
          ],
          [
            76.326326,
            32.2395769
          ],
          [
            76.3264413,
            32.2398246
          ],
          [
            76.3265758,
            32.2399222
          ]
        ]
      },
      "id": "way/1453096664"
    },
    {
      "type": "Feature",
      "properties": {
        "@id": "way/1453096665",
        "bridge": "yes",
        "highway": "unclassified",
        "layer": "1"
      },
      "geometry": {
        "type": "LineString",
        "coordinates": [
          [
            76.3266259,
            32.2396281
          ],
          [
            76.3265531,
            32.2396412
          ]
        ]
      },
      "id": "way/1453096665"
    },
    {
      "type": "Feature",
      "properties": {
        "@id": "way/1453096666",
        "highway": "unclassified"
      },
      "geometry": {
        "type": "LineString",
        "coordinates": [
          [
            76.3266646,
            32.2399047
          ],
          [
            76.3267038,
            32.2398853
          ],
          [
            76.3267999,
            32.2398879
          ],
          [
            76.3269144,
            32.2398411
          ],
          [
            76.3271475,
            32.2397251
          ],
          [
            76.3272803,
            32.2397141
          ],
          [
            76.3273807,
            32.2397454
          ]
        ]
      },
      "id": "way/1453096666"
    },
    {
      "type": "Feature",
      "properties": {
        "@id": "way/1453096667",
        "bridge": "yes",
        "highway": "unclassified",
        "layer": "1"
      },
      "geometry": {
        "type": "LineString",
        "coordinates": [
          [
            76.3265758,
            32.2399222
          ],
          [
            76.3266646,
            32.2399047
          ]
        ]
      },
      "id": "way/1453096667"
    },
    {
      "type": "Feature",
      "properties": {
        "@id": "way/1453239510",
        "bicycle": "no",
        "highway": "path"
      },
      "geometry": {
        "type": "LineString",
        "coordinates": [
          [
            76.3238573,
            32.2534629
          ],
          [
            76.3238377,
            32.2534729
          ],
          [
            76.3238289,
            32.253493
          ],
          [
            76.3238182,
            32.2535256
          ]
        ]
      },
      "id": "way/1453239510"
    },
    {
      "type": "Feature",
      "properties": {
        "@id": "way/1453239512",
        "bicycle": "no",
        "highway": "path"
      },
      "geometry": {
        "type": "LineString",
        "coordinates": [
          [
            76.3209056,
            32.2527836
          ],
          [
            76.3210403,
            32.2528526
          ],
          [
            76.3211249,
            32.2528788
          ],
          [
            76.3212571,
            32.2529469
          ],
          [
            76.3212633,
            32.2530063
          ],
          [
            76.3213355,
            32.253029
          ],
          [
            76.3213376,
            32.2530726
          ],
          [
            76.3214037,
            32.2530779
          ],
          [
            76.3214181,
            32.253125
          ],
          [
            76.3215524,
            32.2531285
          ],
          [
            76.3216184,
            32.2531931
          ],
          [
            76.3217341,
            32.2532175
          ],
          [
            76.3217568,
            32.2532857
          ],
          [
            76.321891,
            32.2533031
          ],
          [
            76.3219323,
            32.2533415
          ],
          [
            76.3219323,
            32.2534131
          ],
          [
            76.3220355,
            32.2535284
          ],
          [
            76.3221553,
            32.2535755
          ],
          [
            76.3222916,
            32.2536611
          ],
          [
            76.3224299,
            32.253682
          ],
          [
            76.3224918,
            32.2537641
          ],
          [
            76.3225951,
            32.2537728
          ],
          [
            76.322721,
            32.2537693
          ],
          [
            76.3228016,
            32.2537816
          ],
          [
            76.3229027,
            32.2537798
          ],
          [
            76.3229461,
            32.2537571
          ],
          [
            76.323039,
            32.2537397
          ],
          [
            76.3231216,
            32.2537414
          ],
          [
            76.3232063,
            32.2537414
          ],
          [
            76.3232434,
            32.2537309
          ],
          [
            76.323326,
            32.2537205
          ],
          [
            76.323454,
            32.2537205
          ],
          [
            76.3234995,
            32.2536873
          ],
          [
            76.3235944,
            32.2536227
          ],
          [
            76.3236357,
            32.2536122
          ],
          [
            76.3237142,
            32.253565
          ],
          [
            76.3237431,
            32.2535476
          ]
        ]
      },
      "id": "way/1453239512"
    },
    {
      "type": "Feature",
      "properties": {
        "@id": "way/1456162155",
        "bicycle": "no",
        "highway": "path"
      },
      "geometry": {
        "type": "LineString",
        "coordinates": [
          [
            76.3346259,
            32.2425333
          ],
          [
            76.3347407,
            32.2424361
          ],
          [
            76.33475,
            32.242363
          ],
          [
            76.3347594,
            32.2423097
          ],
          [
            76.3347967,
            32.2422425
          ],
          [
            76.3348481,
            32.2422011
          ],
          [
            76.3348644,
            32.2421793
          ],
          [
            76.3349135,
            32.2421418
          ],
          [
            76.3349415,
            32.2421201
          ],
          [
            76.3349555,
            32.2420766
          ],
          [
            76.3349905,
            32.2420312
          ],
          [
            76.3350185,
            32.2420016
          ],
          [
            76.3350442,
            32.24197
          ],
          [
            76.3350442,
            32.2419088
          ],
          [
            76.3350536,
            32.2417212
          ],
          [
            76.3350886,
            32.2416718
          ],
          [
            76.3351516,
            32.241652
          ],
          [
            76.3351843,
            32.2416145
          ],
          [
            76.3352147,
            32.2415592
          ],
          [
            76.3352567,
            32.2415
          ],
          [
            76.335252,
            32.2414289
          ],
          [
            76.335252,
            32.2413913
          ],
          [
            76.3352497,
            32.2413301
          ],
          [
            76.3352357,
            32.2412195
          ],
          [
            76.3352567,
            32.2411524
          ],
          [
            76.3352334,
            32.2410911
          ],
          [
            76.335189,
            32.2410299
          ],
          [
            76.335147,
            32.2409924
          ],
          [
            76.3351236,
            32.2409509
          ],
          [
            76.3351306,
            32.2409114
          ],
          [
            76.3350909,
            32.2408699
          ],
          [
            76.3350629,
            32.2408107
          ],
          [
            76.3350279,
            32.2407949
          ],
          [
            76.3350629,
            32.2407198
          ],
          [
            76.3351143,
            32.2406448
          ],
          [
            76.3351937,
            32.2406053
          ],
          [
            76.335175,
            32.2405559
          ],
          [
            76.335175,
            32.2404927
          ],
          [
            76.335224,
            32.2404216
          ],
          [
            76.3352614,
            32.2403999
          ],
          [
            76.335245,
            32.2403446
          ],
          [
            76.335231,
            32.2402676
          ],
          [
            76.335175,
            32.2401767
          ],
          [
            76.3351867,
            32.2401076
          ],
          [
            76.3352357,
            32.2400246
          ],
          [
            76.3352777,
            32.2399832
          ],
          [
            76.3353011,
            32.2399437
          ]
        ]
      },
      "id": "way/1456162155"
    },
    {
      "type": "Feature",
      "properties": {
        "@id": "way/1456162156",
        "highway": "residential"
      },
      "geometry": {
        "type": "LineString",
        "coordinates": [
          [
            76.3331179,
            32.2431293
          ],
          [
            76.3332659,
            32.2431552
          ],
          [
            76.333321,
            32.2431648
          ]
        ]
      },
      "id": "way/1456162156"
    },
    {
      "type": "Feature",
      "properties": {
        "@id": "way/1456162157",
        "highway": "residential",
        "oneway": "no"
      },
      "geometry": {
        "type": "LineString",
        "coordinates": [
          [
            76.3329021,
            32.2430802
          ],
          [
            76.3331179,
            32.2431293
          ]
        ]
      },
      "id": "way/1456162157"
    },
    {
      "type": "Feature",
      "properties": {
        "@id": "way/1456162158",
        "highway": "residential",
        "oneway": "no"
      },
      "geometry": {
        "type": "LineString",
        "coordinates": [
          [
            76.3332659,
            32.2431552
          ],
          [
            76.3332556,
            32.2430365
          ],
          [
            76.3332229,
            32.2429456
          ],
          [
            76.3332346,
            32.2428864
          ],
          [
            76.3332696,
            32.2427995
          ],
          [
            76.333356,
            32.242677
          ],
          [
            76.3334494,
            32.2425704
          ],
          [
            76.3336479,
            32.242446
          ],
          [
            76.3337997,
            32.2423847
          ],
          [
            76.3339351,
            32.2423452
          ],
          [
            76.3340705,
            32.2423413
          ],
          [
            76.3342737,
            32.242442
          ],
          [
            76.3343787,
            32.2424756
          ],
          [
            76.3344932,
            32.2425032
          ],
          [
            76.3346146,
            32.2425111
          ],
          [
            76.3346259,
            32.2425333
          ],
          [
            76.3346449,
            32.2425704
          ],
          [
            76.3346776,
            32.2426494
          ],
          [
            76.3346963,
            32.2427047
          ],
          [
            76.3346683,
            32.2428311
          ],
          [
            76.3346379,
            32.2429496
          ]
        ]
      },
      "id": "way/1456162158"
    },
    {
      "type": "Feature",
      "properties": {
        "@id": "way/1515718890",
        "highway": "residential",
        "oneway": "no"
      },
      "geometry": {
        "type": "LineString",
        "coordinates": [
          [
            76.3114449,
            32.2406824
          ],
          [
            76.3114766,
            32.2406409
          ],
          [
            76.311566,
            32.2406048
          ],
          [
            76.3116514,
            32.2405996
          ],
          [
            76.3117815,
            32.240622
          ],
          [
            76.3119197,
            32.2406477
          ],
          [
            76.3120274,
            32.2406821
          ],
          [
            76.3121311,
            32.2407165
          ],
          [
            76.3122424,
            32.2407542
          ],
          [
            76.3123567,
            32.240787
          ],
          [
            76.3125986,
            32.2408661
          ],
          [
            76.3126962,
            32.240897
          ],
          [
            76.3127735,
            32.2409211
          ],
          [
            76.3128426,
            32.2409452
          ],
          [
            76.3129219,
            32.2409744
          ],
          [
            76.3129971,
            32.2410019
          ],
          [
            76.3131028,
            32.2410415
          ],
          [
            76.3131637,
            32.2410655
          ],
          [
            76.3132085,
            32.2410844
          ],
          [
            76.3132715,
            32.2411085
          ],
          [
            76.3133365,
            32.2411326
          ],
          [
            76.3133751,
            32.2411446
          ],
          [
            76.3134341,
            32.241167
          ],
          [
            76.3134991,
            32.2411773
          ],
          [
            76.3135337,
            32.241179
          ],
          [
            76.3135622,
            32.2411584
          ],
          [
            76.3135764,
            32.2411188
          ],
          [
            76.3135561,
            32.241081
          ],
          [
            76.3134646,
            32.2410105
          ],
          [
            76.3133711,
            32.2409469
          ]
        ]
      },
      "id": "way/1515718890"
    },
    {
      "type": "Feature",
      "properties": {
        "@id": "way/1528158423",
        "highway": "path"
      },
      "geometry": {
        "type": "LineString",
        "coordinates": [
          [
            76.3298,
            32.2514271
          ],
          [
            76.329707,
            32.2514788
          ],
          [
            76.3295301,
            32.2515524
          ],
          [
            76.3293613,
            32.2515544
          ],
          [
            76.329266,
            32.2515263
          ],
          [
            76.329146,
            32.2515117
          ],
          [
            76.3291517,
            32.251509
          ]
        ]
      },
      "id": "way/1528158423"
    }
  ]
}